Date,Time,CH01,CH02,CH03,CH04,CH05,CH06
4/9/2026,17:30:04,0,0,0,0,0,1
4/9/2026,17:30:09,0,0,0,0,0,1
4/9/2026,17:30:14,0,0,0,0,0,1
4/9/2026,17:30:19,0,0,0,0,0,1
4/9/2026,17:30:24,0,0,0,0,0,1
4/9/2026,17:30:29,0,0,0,0,0,1
4/9/2026,17:30:34,0,0,0,0,0,1
4/9/2026,17:30:39,0,0,0,0,0,1
4/9/2026,17:30:44,0,0,0,0,0,1
4/9/2026,17:30:49,0,0,0,0,0,1
4/9/2026,17:30:54,0,0,0,0,0,1
4/9/2026,17:30:59,0,0,0,0,0,1
4/9/2026,17:31:04,0,0,0,0,0,1
4/9/2026,17:31:08,0,0,0,0,0,0
4/9/2026,17:31:09,0,0,0,0,0,1
4/9/2026,17:31:14,0,0,0,0,0,1
4/9/2026,17:31:19,0,0,0,0,0,1
4/9/2026,17:31:24,0,0,0,0,0,1
4/9/2026,17:31:29,0,0,0,0,0,1
4/9/2026,17:31:34,0,0,0,0,0,1
4/9/2026,17:31:39,0,0,0,0,0,1
4/9/2026,17:31:44,0,0,0,0,0,1
4/9/2026,17:31:49,0,0,0,0,0,1
4/9/2026,17:31:54,0,0,0,0,0,1
4/9/2026,17:31:59,0,0,0,0,0,1
4/9/2026,17:32:04,0,0,0,0,0,1
4/9/2026,17:32:09,0,0,0,0,0,1
4/9/2026,17:32:14,0,0,0,0,0,1
4/9/2026,17:32:19,0,0,0,0,0,1
4/9/2026,17:32:24,0,0,0,0,0,1
4/9/2026,17:32:29,0,0,0,0,0,1
4/9/2026,17:32:34,0,0,0,0,0,1
4/9/2026,17:32:39,0,0,0,0,0,1
4/9/2026,17:32:44,0,0,0,0,0,1
4/9/2026,17:32:49,0,0,0,0,0,1
4/9/2026,17:32:54,0,0,0,0,0,1
4/9/2026,17:32:59,0,0,0,0,0,1
4/9/2026,17:33:04,0,0,0,0,0,1
4/9/2026,17:33:08,0,0,0,0,0,0
4/9/2026,17:33:09,0,0,0,0,0,1
4/9/2026,17:33:14,0,0,0,0,0,1
4/9/2026,17:33:19,0,0,0,0,0,1
4/9/2026,17:33:24,0,0,0,0,0,1
4/9/2026,17:33:29,0,0,0,0,0,1
4/9/2026,17:33:34,0,0,0,0,0,1
4/9/2026,17:33:39,0,0,0,0,0,1
4/9/2026,17:33:44,0,0,0,0,0,1
4/9/2026,17:33:49,0,0,0,0,0,1
4/9/2026,17:33:54,0,0,0,0,0,1
4/9/2026,17:33:59,0,0,0,0,0,1
4/9/2026,17:34:04,0,0,0,0,0,1
4/9/2026,17:34:09,0,0,0,0,0,1
4/9/2026,17:34:14,0,0,0,0,0,1
4/9/2026,17:34:19,0,0,0,0,0,1
4/9/2026,17:34:24,0,0,0,0,0,1
4/9/2026,17:34:29,0,0,0,0,0,1
4/9/2026,17:34:34,0,0,0,0,0,1
4/9/2026,17:34:39,0,0,0,0,0,1
4/9/2026,17:34:44,0,0,0,0,0,1
4/9/2026,17:34:49,0,0,0,0,0,1
4/9/2026,17:34:54,0,0,0,0,0,1
4/9/2026,17:34:59,0,0,0,0,0,1
4/9/2026,17:35:04,0,0,0,0,0,1
4/9/2026,17:35:08,0,0,0,0,0,0
4/9/2026,17:35:09,0,0,0,0,0,1
4/9/2026,17:35:14,0,0,0,0,0,1
4/9/2026,17:35:19,0,0,0,0,0,1
4/9/2026,17:35:24,0,0,0,0,0,1
4/9/2026,17:35:29,0,0,0,0,0,1
4/9/2026,17:35:34,0,0,0,0,0,1
4/9/2026,17:35:39,0,0,0,0,0,1
4/9/2026,17:35:44,0,0,0,0,0,1
4/9/2026,17:35:49,0,0,0,0,0,1
4/9/2026,17:35:54,0,0,0,0,0,1
4/9/2026,17:35:59,0,0,0,0,0,1
4/9/2026,17:36:04,0,0,0,0,0,1
4/9/2026,17:36:09,0,0,0,0,0,1
4/9/2026,17:36:14,0,0,0,0,0,1
4/9/2026,17:36:19,0,0,0,0,0,1
4/9/2026,17:36:24,0,0,0,0,0,1
4/9/2026,17:36:29,0,0,0,0,0,1
4/9/2026,17:36:34,0,0,0,0,0,1
4/9/2026,17:36:39,0,0,0,0,0,1
4/9/2026,17:36:44,0,0,0,0,0,1
4/9/2026,17:36:49,0,0,0,0,0,1
4/9/2026,17:36:54,0,0,0,0,0,1
4/9/2026,17:36:59,0,0,0,0,0,1
4/9/2026,17:37:04,0,0,0,0,0,1
4/9/2026,17:37:08,0,0,0,0,0,0
4/9/2026,17:37:09,0,0,0,0,0,1
4/9/2026,17:37:14,0,0,0,0,0,1
4/9/2026,17:37:19,0,0,0,0,0,1
4/9/2026,17:37:24,0,0,0,0,0,1
4/9/2026,17:37:29,0,0,0,0,0,1
4/9/2026,17:37:34,0,0,0,0,0,1
4/9/2026,17:37:39,0,0,0,0,0,1
4/9/2026,17:37:44,0,0,0,0,0,1
4/9/2026,17:37:49,0,0,0,0,0,1
4/9/2026,17:37:54,0,0,0,0,0,1
4/9/2026,17:37:59,0,0,0,0,0,1
4/9/2026,17:38:04,0,0,0,0,0,1
4/9/2026,17:38:09,0,0,0,0,0,1
4/9/2026,17:38:14,0,0,0,0,0,1
4/9/2026,17:38:19,0,0,0,0,0,1
4/9/2026,17:38:24,0,0,0,0,0,1
4/9/2026,17:38:29,0,0,0,0,0,1
4/9/2026,17:38:34,0,0,0,0,0,1
4/9/2026,17:38:39,0,0,0,0,0,1
4/9/2026,17:38:44,0,0,0,0,0,1
4/9/2026,17:38:49,0,0,0,0,0,1
4/9/2026,17:38:54,0,0,0,0,0,1
4/9/2026,17:38:59,0,0,0,0,0,1
4/9/2026,17:39:04,0,0,0,0,0,1
4/9/2026,17:39:08,0,0,0,0,0,0
4/9/2026,17:39:09,0,0,0,0,0,1
4/9/2026,17:39:14,0,0,0,0,0,1
4/9/2026,17:39:19,0,0,0,0,0,1
4/9/2026,17:39:24,0,0,0,0,0,1
4/9/2026,17:39:29,0,0,0,0,0,1
4/9/2026,17:39:34,0,0,0,0,0,1
4/9/2026,17:39:39,0,0,0,0,0,1
4/9/2026,17:39:44,0,0,0,0,0,1
4/9/2026,17:39:49,0,0,0,0,0,1
4/9/2026,17:39:54,0,0,0,0,0,1
4/9/2026,17:39:59,0,0,0,0,0,1
4/9/2026,17:40:04,0,0,0,0,0,1
4/9/2026,17:40:09,0,0,0,0,0,1
4/9/2026,17:40:14,0,0,0,0,0,1
4/9/2026,17:40:19,0,0,0,0,0,1
4/9/2026,17:40:24,0,0,0,0,0,1
4/9/2026,17:40:29,0,0,0,0,0,1
4/9/2026,17:40:34,0,0,0,0,0,1
4/9/2026,17:40:39,0,0,0,0,0,1
4/9/2026,17:40:44,0,0,0,0,0,1
4/9/2026,17:40:49,0,0,0,0,0,1
4/9/2026,17:40:54,0,0,0,0,0,1
4/9/2026,17:40:59,0,0,0,0,0,1
4/9/2026,17:41:04,0,0,0,0,0,1
4/9/2026,17:41:08,0,0,0,0,0,0
4/9/2026,17:41:09,0,0,0,0,0,1
4/9/2026,17:41:14,0,0,0,0,0,1
4/9/2026,17:41:19,0,0,0,0,0,1
4/9/2026,17:41:24,0,0,0,0,0,1
4/9/2026,17:41:29,0,0,0,0,0,1
4/9/2026,17:41:34,0,0,0,0,0,1
4/9/2026,17:41:39,0,0,0,0,0,1
4/9/2026,17:41:44,0,0,0,0,0,1
4/9/2026,17:41:49,0,0,0,0,0,1
4/9/2026,17:41:54,0,0,0,0,0,1
4/9/2026,17:41:59,0,0,0,0,0,1
4/9/2026,17:42:04,0,0,0,0,0,1
4/9/2026,17:42:09,0,0,0,0,0,1
4/9/2026,17:42:14,0,0,0,0,0,1
4/9/2026,17:42:19,0,0,0,0,0,1
4/9/2026,17:42:24,0,0,0,0,0,1
4/9/2026,17:42:29,0,0,0,0,0,1
4/9/2026,17:42:34,0,0,0,0,0,1
4/9/2026,17:42:39,0,0,0,0,0,1
4/9/2026,17:42:44,0,0,0,0,0,1
4/9/2026,17:42:49,0,0,0,0,0,1
4/9/2026,17:42:54,0,0,0,0,0,1
4/9/2026,17:42:59,0,0,0,0,0,1
4/9/2026,17:43:04,0,0,0,0,0,1
4/9/2026,17:43:08,0,0,0,0,0,0
4/9/2026,17:43:09,0,0,0,0,0,1
4/9/2026,17:43:14,0,0,0,0,0,1
4/9/2026,17:43:19,0,0,0,0,0,1
4/9/2026,17:43:24,0,0,0,0,0,1
4/9/2026,17:43:29,0,0,0,0,0,1
4/9/2026,17:43:34,0,0,0,0,0,1
4/9/2026,17:43:39,0,0,0,0,0,1
4/9/2026,17:43:44,0,0,0,0,0,1
4/9/2026,17:43:49,0,0,0,0,0,1
4/9/2026,17:43:54,0,0,0,0,0,1
4/9/2026,17:43:59,0,0,0,0,0,1
4/9/2026,17:44:04,0,0,0,0,0,1
4/9/2026,17:44:09,0,0,0,0,0,1
4/9/2026,17:44:14,0,0,0,0,0,1
4/9/2026,17:44:19,0,0,0,0,0,1
4/9/2026,17:44:24,0,0,0,0,0,1
4/9/2026,17:44:29,0,0,0,0,0,1
4/9/2026,17:44:34,0,0,0,0,0,1
4/9/2026,17:44:39,0,0,0,0,0,1
4/9/2026,17:44:44,0,0,0,0,0,1
4/9/2026,17:44:49,0,0,0,0,0,1
4/9/2026,17:44:54,0,0,0,0,0,1
4/9/2026,17:44:59,0,0,0,0,0,1
4/9/2026,17:45:04,0,0,0,0,0,1
4/9/2026,17:45:08,0,0,0,0,0,0
4/9/2026,17:45:09,0,0,0,0,0,1
4/9/2026,17:45:14,0,0,0,0,0,1
4/9/2026,17:45:19,0,0,0,0,0,1
4/9/2026,17:45:24,0,0,0,0,0,1
4/9/2026,17:45:29,0,0,0,0,0,1
4/9/2026,17:45:34,0,0,0,0,0,1
4/9/2026,17:45:39,0,0,0,0,0,1
4/9/2026,17:45:44,0,0,0,0,0,1
4/9/2026,17:45:49,0,0,0,0,0,1
4/9/2026,17:45:54,0,0,0,0,0,1
4/9/2026,17:45:59,0,0,0,0,0,1
4/9/2026,17:46:04,0,0,0,0,0,1
4/9/2026,17:46:09,0,0,0,0,0,1
4/9/2026,17:46:14,0,0,0,0,0,1
4/9/2026,17:46:19,0,0,0,0,0,1
4/9/2026,17:46:24,0,0,0,0,0,1
4/9/2026,17:46:29,0,0,0,0,0,1
4/9/2026,17:46:34,0,0,0,0,0,1
4/9/2026,17:46:39,0,0,0,0,0,1
4/9/2026,17:46:44,0,0,0,0,0,1
4/9/2026,17:46:49,0,0,0,0,0,1
4/9/2026,17:46:54,0,0,0,0,0,1
4/9/2026,17:46:59,0,0,0,0,0,1
4/9/2026,17:47:04,0,0,0,0,0,1
4/9/2026,17:47:08,0,0,0,0,0,0
4/9/2026,17:47:09,0,0,0,0,0,1
4/9/2026,17:47:14,0,0,0,0,0,1
4/9/2026,17:47:19,0,0,0,0,0,1
4/9/2026,17:47:24,0,0,0,0,0,1
4/9/2026,17:47:29,0,0,0,0,0,1
4/9/2026,17:47:34,0,0,0,0,0,1
4/9/2026,17:47:39,0,0,0,0,0,1
4/9/2026,17:47:44,0,0,0,0,0,1
4/9/2026,17:47:49,0,0,0,0,0,1
4/9/2026,17:47:54,0,0,0,0,0,1
4/9/2026,17:47:59,0,0,0,0,0,1
4/9/2026,17:48:04,0,0,0,0,0,1
4/9/2026,17:48:09,0,0,0,0,0,1
4/9/2026,17:48:14,0,0,0,0,0,1
4/9/2026,17:48:19,0,0,0,0,0,1
4/9/2026,17:48:24,0,0,0,0,0,1
4/9/2026,17:48:29,0,0,0,0,0,1
4/9/2026,17:48:34,0,0,0,0,0,1
4/9/2026,17:48:39,0,0,0,0,0,1
4/9/2026,17:48:44,0,0,0,0,0,1
4/9/2026,17:48:49,0,0,0,0,0,1
4/9/2026,17:48:54,0,0,0,0,0,1
4/9/2026,17:48:59,0,0,0,0,0,1
4/9/2026,17:49:04,0,0,0,0,0,1
4/9/2026,17:49:08,0,0,0,0,0,0
4/9/2026,17:49:09,0,0,0,0,0,1
4/9/2026,17:49:14,0,0,0,0,0,1
4/9/2026,17:49:19,0,0,0,0,0,1
4/9/2026,17:49:24,0,0,0,0,0,1
4/9/2026,17:49:29,0,0,0,0,0,1
4/9/2026,17:49:34,0,0,0,0,0,1
4/9/2026,17:49:39,0,0,0,0,0,1
4/9/2026,17:49:44,0,0,0,0,0,1
4/9/2026,17:49:49,0,0,0,0,0,1
4/9/2026,17:49:54,0,0,0,0,0,1
4/9/2026,17:49:59,0,0,0,0,0,1
4/9/2026,17:50:04,0,0,0,0,0,1
4/9/2026,17:50:09,0,0,0,0,0,1
4/9/2026,17:50:14,0,0,0,0,0,1
4/9/2026,17:50:19,0,0,0,0,0,1
4/9/2026,17:50:24,0,0,0,0,0,1
4/9/2026,17:50:29,0,0,0,0,0,1
4/9/2026,17:50:34,0,0,0,0,0,1
4/9/2026,17:50:39,0,0,0,0,0,1
4/9/2026,17:50:44,0,0,0,0,0,1
4/9/2026,17:50:49,0,0,0,0,0,1
4/9/2026,17:50:54,0,0,0,0,0,1
4/9/2026,17:50:59,0,0,0,0,0,1
4/9/2026,17:51:04,0,0,0,0,0,1
4/9/2026,17:51:08,0,0,0,0,0,0
4/9/2026,17:51:09,0,0,0,0,0,1
4/9/2026,17:51:14,0,0,0,0,0,1
4/9/2026,17:51:19,0,0,0,0,0,1
4/9/2026,17:51:24,0,0,0,0,0,1
4/9/2026,17:51:29,0,0,0,0,0,1
4/9/2026,17:51:34,0,0,0,0,0,1
4/9/2026,17:51:39,0,0,0,0,0,1
4/9/2026,17:51:44,0,0,0,0,0,1
4/9/2026,17:51:49,0,0,0,0,0,1
4/9/2026,17:51:54,0,0,0,0,0,1
4/9/2026,17:51:59,0,0,0,0,0,1
4/9/2026,17:52:04,0,0,0,0,0,1
4/9/2026,17:52:09,0,0,0,0,0,1
4/9/2026,17:52:14,0,0,0,0,0,1
4/9/2026,17:52:19,0,0,0,0,0,1
4/9/2026,17:52:24,0,0,0,0,0,1
4/9/2026,17:52:29,0,0,0,0,0,1
4/9/2026,17:52:34,0,0,0,0,0,1
4/9/2026,17:52:39,0,0,0,0,0,1
4/9/2026,17:52:44,0,0,0,0,0,1
4/9/2026,17:52:49,0,0,0,0,0,1
4/9/2026,17:52:54,0,0,0,0,0,1
4/9/2026,17:52:59,0,0,0,0,0,1
4/9/2026,17:53:04,0,0,0,0,0,1
4/9/2026,17:53:08,0,0,0,0,0,0
4/9/2026,17:53:09,0,0,0,0,0,1
4/9/2026,17:53:14,0,0,0,0,0,1
4/9/2026,17:53:19,0,0,0,0,0,1
4/9/2026,17:53:24,0,0,0,0,0,1
4/9/2026,17:53:29,0,0,0,0,0,1
4/9/2026,17:53:34,0,0,0,0,0,1
4/9/2026,17:53:39,0,0,0,0,0,1
4/9/2026,17:53:44,0,0,0,0,0,1
4/9/2026,17:53:49,0,0,0,0,0,1
4/9/2026,17:53:54,0,0,0,0,0,1
4/9/2026,17:53:59,0,0,0,0,0,1
4/9/2026,17:54:04,0,0,0,0,0,1
4/9/2026,17:54:09,0,0,0,0,0,1
4/9/2026,17:54:14,0,0,0,0,0,1
4/9/2026,17:54:19,0,0,0,0,0,1
4/9/2026,17:54:24,0,0,0,0,0,1
4/9/2026,17:54:29,0,0,0,0,0,1
4/9/2026,17:54:34,0,0,0,0,0,1
4/9/2026,17:54:39,0,0,0,0,0,1
4/9/2026,17:54:44,0,0,0,0,0,1
4/9/2026,17:54:49,0,0,0,0,0,1
4/9/2026,17:54:54,0,0,0,0,0,1
4/9/2026,17:54:59,0,0,0,0,0,1
4/9/2026,17:55:04,0,0,0,0,0,1
4/9/2026,17:55:08,0,0,0,0,0,0
4/9/2026,17:55:09,0,0,0,0,0,1
4/9/2026,17:55:14,0,0,0,0,0,1
4/9/2026,17:55:19,0,0,0,0,0,1
4/9/2026,17:55:24,0,0,0,0,0,1
4/9/2026,17:55:29,0,0,0,0,0,1
4/9/2026,17:55:34,0,0,0,0,0,1
4/9/2026,17:55:39,0,0,0,0,0,1
4/9/2026,17:55:44,0,0,0,0,0,1
4/9/2026,17:55:49,0,0,0,0,0,1
4/9/2026,17:55:54,0,0,0,0,0,1
4/9/2026,17:55:59,0,0,0,0,0,1
4/9/2026,17:56:04,0,0,0,0,0,1
4/9/2026,17:56:08,0,0,0,0,0,0
4/9/2026,17:56:09,0,0,0,0,0,1
4/9/2026,17:56:14,0,0,0,0,0,1
4/9/2026,17:56:19,0,0,0,0,0,1
4/9/2026,17:56:24,0,0,0,0,0,1
4/9/2026,17:56:29,0,0,0,0,0,1
4/9/2026,17:56:34,0,0,0,0,0,1
4/9/2026,17:56:39,0,0,0,0,0,1
4/9/2026,17:56:44,0,0,0,0,0,1
4/9/2026,17:56:49,0,0,0,0,0,1
4/9/2026,17:56:54,0,0,0,0,0,1
4/9/2026,17:56:59,0,0,0,0,0,1
4/9/2026,17:57:04,0,0,0,0,0,1
4/9/2026,17:57:08,0,0,0,0,0,0
4/9/2026,17:57:09,0,0,0,0,0,1
4/9/2026,17:57:14,0,0,0,0,0,1
4/9/2026,17:57:19,0,0,0,0,0,1
4/9/2026,17:57:24,0,0,0,0,0,1
4/9/2026,17:57:29,0,0,0,0,0,1
4/9/2026,17:57:34,0,0,0,0,0,1
4/9/2026,17:57:39,0,0,0,0,0,1
4/9/2026,17:57:44,0,0,0,0,0,1
4/9/2026,17:57:49,0,0,0,0,0,1
4/9/2026,17:57:54,0,0,0,0,0,1
4/9/2026,17:57:59,0,0,0,0,0,1
4/9/2026,17:58:04,0,0,0,0,0,1
4/9/2026,17:58:08,0,0,0,0,0,0
4/9/2026,17:58:09,0,0,0,0,0,1
4/9/2026,17:58:14,0,0,0,0,0,1
4/9/2026,17:58:19,0,0,0,0,0,1
4/9/2026,17:58:24,0,0,0,0,0,1
4/9/2026,17:58:29,0,0,0,0,0,1
4/9/2026,17:58:34,0,0,0,0,0,1
4/9/2026,17:58:39,0,0,0,0,0,1
4/9/2026,17:58:44,0,0,0,0,0,1
4/9/2026,17:58:49,0,0,0,0,0,1
4/9/2026,17:58:54,0,0,0,0,0,1
4/9/2026,17:58:59,0,0,0,0,0,1
4/9/2026,17:59:04,0,0,0,0,0,1
4/9/2026,17:59:08,0,0,0,0,0,0
4/9/2026,17:59:09,0,0,0,0,0,1
4/9/2026,17:59:14,0,0,0,0,0,1
4/9/2026,17:59:19,0,0,0,0,0,1
4/9/2026,17:59:24,0,0,0,0,0,1
4/9/2026,17:59:29,0,0,0,0,0,1
4/9/2026,17:59:34,0,0,0,0,0,1
4/9/2026,17:59:39,0,0,0,0,0,1
4/9/2026,17:59:44,0,0,0,0,0,1
4/9/2026,17:59:49,0,0,0,0,0,1
4/9/2026,17:59:54,0,0,0,0,0,1
4/9/2026,17:59:59,0,0,0,0,0,1
4/9/2026,18:00:04,0,0,0,0,0,1
4/9/2026,18:00:08,0,0,0,0,0,0
4/9/2026,18:00:09,0,0,0,0,0,1
4/9/2026,18:00:14,0,0,0,0,0,1
4/9/2026,18:00:19,0,0,0,0,0,1
4/9/2026,18:00:24,0,0,0,0,0,1
4/9/2026,18:00:29,0,0,0,0,0,1
4/9/2026,18:00:34,0,0,0,0,0,1
4/9/2026,18:00:39,0,0,0,0,0,1
4/9/2026,18:00:44,0,0,0,0,0,1
4/9/2026,18:00:49,0,0,0,0,0,1
4/9/2026,18:00:54,0,0,0,0,0,1
4/9/2026,18:00:59,0,0,0,0,0,1
4/9/2026,18:01:04,0,0,0,0,0,1
4/9/2026,18:01:08,0,0,0,0,0,0
4/9/2026,18:01:09,0,0,0,0,0,1
4/9/2026,18:01:14,0,0,0,0,0,1
4/9/2026,18:01:19,0,0,0,0,0,1
4/9/2026,18:01:24,0,0,0,0,0,1
4/9/2026,18:01:29,0,0,0,0,0,1
4/9/2026,18:01:34,0,0,0,0,0,1
4/9/2026,18:01:39,0,0,0,0,0,1
4/9/2026,18:01:44,0,0,0,0,0,1
4/9/2026,18:01:49,0,0,0,0,0,1
4/9/2026,18:01:54,0,0,0,0,0,1
4/9/2026,18:01:59,0,0,0,0,0,1
4/9/2026,18:02:04,0,0,0,0,0,1
4/9/2026,18:02:08,0,0,0,0,0,0
4/9/2026,18:02:09,0,0,0,0,0,1
4/9/2026,18:02:14,0,0,0,0,0,1
4/9/2026,18:02:19,0,0,0,0,0,1
4/9/2026,18:02:24,0,0,0,0,0,1
4/9/2026,18:02:29,0,0,0,0,0,1
4/9/2026,18:02:34,0,0,0,0,0,1
4/9/2026,18:02:39,0,0,0,0,0,1
4/9/2026,18:02:44,0,0,0,0,0,1
4/9/2026,18:02:49,0,0,0,0,0,1
4/9/2026,18:02:54,0,0,0,0,0,1
4/9/2026,18:02:59,0,0,0,0,0,1
4/9/2026,18:03:04,0,0,0,0,0,1
4/9/2026,18:03:08,0,0,0,0,0,0
4/9/2026,18:03:09,0,0,0,0,0,1
4/9/2026,18:03:14,0,0,0,0,0,1
4/9/2026,18:03:19,0,0,0,0,0,1
4/9/2026,18:03:24,0,0,0,0,0,1
4/9/2026,18:03:29,0,0,0,0,0,1
4/9/2026,18:03:34,0,0,0,0,0,1
4/9/2026,18:03:39,0,0,0,0,0,1
4/9/2026,18:03:44,0,0,0,0,0,1
4/9/2026,18:03:49,0,0,0,0,0,1
4/9/2026,18:03:54,0,0,0,0,0,1
4/9/2026,18:03:59,0,0,0,0,0,1
4/9/2026,18:04:04,0,0,0,0,0,1
4/9/2026,18:04:08,0,0,0,0,0,0
4/9/2026,18:04:09,0,0,0,0,0,1
4/9/2026,18:04:14,0,0,0,0,0,1
4/9/2026,18:04:19,0,0,0,0,0,1
4/9/2026,18:04:24,0,0,0,0,0,1
4/9/2026,18:04:29,0,0,0,0,0,1
4/9/2026,18:04:34,0,0,0,0,0,1
4/9/2026,18:04:39,0,0,0,0,0,1
4/9/2026,18:04:44,0,0,0,0,0,1
4/9/2026,18:04:49,0,0,0,0,0,1
4/9/2026,18:04:54,0,0,0,0,0,1
4/9/2026,18:04:59,0,0,0,0,0,1
4/9/2026,18:05:04,0,0,0,0,0,1
4/9/2026,18:05:08,0,0,0,0,0,0
4/9/2026,18:05:09,0,0,0,0,0,1
4/9/2026,18:05:14,0,0,0,0,0,1
4/9/2026,18:05:19,0,0,0,0,0,1
4/9/2026,18:05:24,0,0,0,0,0,1
4/9/2026,18:05:29,0,0,0,0,0,1
4/9/2026,18:05:34,0,0,0,0,0,1
4/9/2026,18:05:39,0,0,0,0,0,1
4/9/2026,18:05:44,0,0,0,0,0,1
4/9/2026,18:05:49,0,0,0,0,0,1
4/9/2026,18:05:54,0,0,0,0,0,1
4/9/2026,18:05:59,0,0,0,0,0,1
4/9/2026,18:06:04,0,0,0,0,0,1
4/9/2026,18:06:08,0,0,0,0,0,0
4/9/2026,18:06:09,0,0,0,0,0,1
4/9/2026,18:06:14,0,0,0,0,0,1
4/9/2026,18:06:19,0,0,0,0,0,1
4/9/2026,18:06:24,0,0,0,0,0,1
4/9/2026,18:06:29,0,0,0,0,0,1
4/9/2026,18:06:34,0,0,0,0,0,1
4/9/2026,18:06:39,0,0,0,0,0,1
4/9/2026,18:06:44,0,0,0,0,0,1
4/9/2026,18:06:49,0,0,0,0,0,1
4/9/2026,18:06:54,0,0,0,0,0,1
4/9/2026,18:06:59,0,0,0,0,0,1
4/9/2026,18:07:04,0,0,0,0,0,1
4/9/2026,18:07:08,0,0,0,0,0,0
4/9/2026,18:07:09,0,0,0,0,0,1
4/9/2026,18:07:14,0,0,0,0,0,1
4/9/2026,18:07:19,0,0,0,0,0,1
4/9/2026,18:07:24,0,0,0,0,0,1
4/9/2026,18:07:29,0,0,0,0,0,1
4/9/2026,18:07:34,0,0,0,0,0,1
4/9/2026,18:07:39,0,0,0,0,0,1
4/9/2026,18:07:44,0,0,0,0,0,1
4/9/2026,18:07:49,0,0,0,0,0,1
4/9/2026,18:07:54,0,0,0,0,0,1
4/9/2026,18:07:59,0,0,0,0,0,1
4/9/2026,18:08:04,0,0,0,0,0,1
4/9/2026,18:08:08,0,0,0,0,0,0
4/9/2026,18:08:09,0,0,0,0,0,1
4/9/2026,18:08:14,0,0,0,0,0,1
4/9/2026,18:08:19,0,0,0,0,0,1
4/9/2026,18:08:24,0,0,0,0,0,1
4/9/2026,18:08:29,0,0,0,0,0,1
4/9/2026,18:08:34,0,0,0,0,0,1
4/9/2026,18:08:39,0,0,0,0,0,1
4/9/2026,18:08:44,0,0,0,0,0,1
4/9/2026,18:08:49,0,0,0,0,0,1
4/9/2026,18:08:54,0,0,0,0,0,1
4/9/2026,18:08:59,0,0,0,0,0,1
4/9/2026,18:09:04,0,0,0,0,0,1
4/9/2026,18:09:08,0,0,0,0,0,0
4/9/2026,18:09:09,0,0,0,0,0,1
4/9/2026,18:09:14,0,0,0,0,0,1
4/9/2026,18:09:19,0,0,0,0,0,1
4/9/2026,18:09:24,0,0,0,0,0,1
4/9/2026,18:09:29,0,0,0,0,0,1
4/9/2026,18:09:34,0,0,0,0,0,1
4/9/2026,18:09:47,0,0,0,0,0,1
4/9/2026,18:09:52,0,0,0,0,0,1
4/9/2026,18:09:57,0,0,0,0,0,1
4/9/2026,18:10:02,0,0,0,0,0,1
4/9/2026,18:10:07,0,0,0,0,0,1
4/9/2026,18:10:08,0,0,0,0,0,0
4/9/2026,18:10:12,0,0,0,0,0,1
4/9/2026,18:10:17,0,0,0,0,0,1
4/9/2026,18:10:22,0,0,0,0,0,1
4/9/2026,18:10:27,0,0,0,0,0,1
4/9/2026,18:10:32,0,0,0,0,0,1
4/9/2026,18:10:37,0,0,0,0,0,1
4/9/2026,18:10:42,0,0,0,0,0,1
4/9/2026,18:10:47,0,0,0,0,0,1
4/9/2026,18:10:52,0,0,0,0,0,1
4/9/2026,18:10:57,0,0,0,0,0,1
4/9/2026,18:11:02,0,0,0,0,0,1
4/9/2026,18:11:07,0,0,0,0,0,1
4/9/2026,18:11:08,0,0,0,0,0,0
4/9/2026,18:11:12,0,0,0,0,0,1
4/9/2026,18:11:17,0,0,0,0,0,1
4/9/2026,18:11:22,0,0,0,0,0,1
4/9/2026,18:11:27,0,0,0,0,0,1
4/9/2026,18:11:32,0,0,0,0,0,1
4/9/2026,18:11:37,0,0,0,0,0,1
4/9/2026,18:11:42,0,0,0,0,0,1
4/9/2026,18:11:47,0,0,0,0,0,1
4/9/2026,18:11:52,0,0,0,0,0,1
4/9/2026,18:11:57,0,0,0,0,0,1
4/9/2026,18:12:08,0,0,0,0,0,0
4/9/2026,18:12:10,0,0,0,0,0,1
4/9/2026,18:12:15,0,0,0,0,0,1
4/9/2026,18:12:20,0,0,0,0,0,1
4/9/2026,18:12:25,0,0,0,0,0,1
4/9/2026,18:12:30,0,0,0,0,0,1
4/9/2026,18:12:43,0,0,0,0,0,1
4/9/2026,18:12:48,0,0,0,0,0,1
4/9/2026,18:12:53,0,0,0,0,0,1
4/9/2026,18:12:58,0,0,0,0,0,1
4/9/2026,18:13:03,0,0,0,0,0,1
4/9/2026,18:13:08,0,0,0,0,0,1
4/9/2026,18:13:08,0,0,0,0,0,0
4/9/2026,18:13:13,0,0,0,0,0,1
4/9/2026,18:13:18,0,0,0,0,0,1
4/9/2026,18:13:23,0,0,0,0,0,1
4/9/2026,18:13:28,0,0,0,0,0,1
4/9/2026,18:13:33,0,0,0,0,0,1
4/9/2026,18:13:38,0,0,0,0,0,1
4/9/2026,18:13:43,0,0,0,0,0,1
4/9/2026,18:13:48,0,0,0,0,0,1
4/9/2026,18:13:53,0,0,0,0,0,1
4/9/2026,18:14:06,0,0,0,0,0,1
4/9/2026,18:14:08,0,0,0,0,0,0
4/9/2026,18:14:11,0,0,0,0,0,1
4/9/2026,18:14:16,0,0,0,0,0,1
4/9/2026,18:14:21,0,0,0,0,0,1
4/9/2026,18:14:26,0,0,0,0,0,1
4/9/2026,18:14:31,0,0,0,0,0,1
4/9/2026,18:14:36,0,0,0,0,0,1
4/9/2026,18:14:41,0,0,0,0,0,1
4/9/2026,18:14:46,0,0,0,0,0,1
4/9/2026,18:14:51,0,0,0,0,0,1
4/9/2026,18:14:56,0,0,0,0,0,1
4/9/2026,18:15:01,0,0,0,0,0,1
4/9/2026,18:15:06,0,0,0,0,0,1
4/9/2026,18:15:08,0,0,0,0,0,0
4/9/2026,18:15:11,0,0,0,0,0,1
4/9/2026,18:15:16,0,0,0,0,0,1
4/9/2026,18:15:21,0,0,0,0,0,1
4/9/2026,18:15:26,0,0,0,0,0,1
4/9/2026,18:15:31,0,0,0,0,0,1
4/9/2026,18:15:36,0,0,0,0,0,1
4/9/2026,18:15:41,0,0,0,0,0,1
4/9/2026,18:15:46,0,0,0,0,0,1
4/9/2026,18:15:51,0,0,0,0,0,1
4/9/2026,18:15:56,0,0,0,0,0,1
4/9/2026,18:16:01,0,0,0,0,0,1
4/9/2026,18:16:06,0,0,0,0,0,1
4/9/2026,18:16:08,0,0,0,0,0,0
4/9/2026,18:16:11,0,0,0,0,0,1
4/9/2026,18:16:16,0,0,0,0,0,1
4/9/2026,18:16:21,0,0,0,0,0,1
4/9/2026,18:16:26,0,0,0,0,0,1
4/9/2026,18:16:31,0,0,0,0,0,1
4/9/2026,18:16:36,0,0,0,0,0,1
4/9/2026,18:16:41,0,0,0,0,0,1
4/9/2026,18:16:46,0,0,0,0,0,1
4/9/2026,18:16:51,0,0,0,0,0,1
4/9/2026,18:16:56,0,0,0,0,0,1
4/9/2026,18:17:01,0,0,0,0,0,1
4/9/2026,18:17:06,0,0,0,0,0,1
4/9/2026,18:17:08,0,0,0,0,0,0
4/9/2026,18:17:11,0,0,0,0,0,1
4/9/2026,18:17:16,0,0,0,0,0,1
4/9/2026,18:17:21,0,0,0,0,0,1
4/9/2026,18:17:26,0,0,0,0,0,1
4/9/2026,18:17:31,0,0,0,0,0,1
4/9/2026,18:17:36,0,0,0,0,0,1
4/9/2026,18:17:41,0,0,0,0,0,1
4/9/2026,18:17:46,0,0,0,0,0,1
4/9/2026,18:17:51,0,0,0,0,0,1
4/9/2026,18:17:56,0,0,0,0,0,1
4/9/2026,18:18:01,0,0,0,0,0,1
4/9/2026,18:18:06,0,0,0,0,0,1
4/9/2026,18:18:08,0,0,0,0,0,0
4/9/2026,18:18:11,0,0,0,0,0,1
4/9/2026,18:18:16,0,0,0,0,0,1
4/9/2026,18:18:21,0,0,0,0,0,1
4/9/2026,18:18:26,0,0,0,0,0,1
4/9/2026,18:18:31,0,0,0,0,0,1
4/9/2026,18:18:36,0,0,0,0,0,1
4/9/2026,18:18:41,0,0,0,0,0,1
4/9/2026,18:18:46,0,0,0,0,0,1
4/9/2026,18:18:51,0,0,0,0,0,1
4/9/2026,18:18:56,0,0,0,0,0,1
4/9/2026,18:19:01,0,0,0,0,0,1
4/9/2026,18:19:06,0,0,0,0,0,1
4/9/2026,18:19:08,0,0,0,0,0,0
4/9/2026,18:19:11,0,0,0,0,0,1
4/9/2026,18:19:16,0,0,0,0,0,1
4/9/2026,18:19:21,0,0,0,0,0,1
4/9/2026,18:19:26,0,0,0,0,0,1
4/9/2026,18:19:31,0,0,0,0,0,1
4/9/2026,18:19:36,0,0,0,0,0,1
4/9/2026,18:19:41,0,0,0,0,0,1
4/9/2026,18:19:46,0,0,0,0,0,1
4/9/2026,18:19:51,0,0,0,0,0,1
4/9/2026,18:19:56,0,0,0,0,0,1
4/9/2026,18:20:01,0,0,0,0,0,1
4/9/2026,18:20:06,0,0,0,0,0,1
4/9/2026,18:20:08,0,0,0,0,0,0
4/9/2026,18:20:11,0,0,0,0,0,1
4/9/2026,18:20:16,0,0,0,0,0,1
4/9/2026,18:20:21,0,0,0,0,0,1
4/9/2026,18:20:26,0,0,0,0,0,1
4/9/2026,18:20:31,0,0,0,0,0,1
4/9/2026,18:20:36,0,0,0,0,0,1
4/9/2026,18:20:41,0,0,0,0,0,1
4/9/2026,18:20:46,0,0,0,0,0,1
4/9/2026,18:20:51,0,0,0,0,0,1
4/9/2026,18:20:56,0,0,0,0,0,1
4/9/2026,18:21:01,0,0,0,0,0,1
4/9/2026,18:21:06,0,0,0,0,0,1
4/9/2026,18:21:08,0,0,0,0,0,0
4/9/2026,18:21:11,0,0,0,0,0,1
4/9/2026,18:21:16,0,0,0,0,0,1
4/9/2026,18:21:21,0,0,0,0,0,1
4/9/2026,18:21:26,0,0,0,0,0,1
4/9/2026,18:21:31,0,0,0,0,0,1
4/9/2026,18:21:36,0,0,0,0,0,1
4/9/2026,18:21:41,0,0,0,0,0,1
4/9/2026,18:21:46,0,0,0,0,0,1
4/9/2026,18:21:51,0,0,0,0,0,1
4/9/2026,18:21:56,0,0,0,0,0,1
4/9/2026,18:22:01,0,0,0,0,0,1
4/9/2026,18:22:06,0,0,0,0,0,1
4/9/2026,18:22:08,0,0,0,0,0,0
4/9/2026,18:22:11,0,0,0,0,0,1
4/9/2026,18:22:16,0,0,0,0,0,1
4/9/2026,18:22:21,0,0,0,0,0,1
4/9/2026,18:22:26,0,0,0,0,0,1
4/9/2026,18:22:31,0,0,0,0,0,1
4/9/2026,18:22:36,0,0,0,0,0,1
4/9/2026,18:22:41,0,0,0,0,0,1
4/9/2026,18:22:47,0,0,0,0,0,1
4/9/2026,18:22:52,0,0,0,0,0,1
4/9/2026,18:22:57,0,0,0,0,0,1
4/9/2026,18:23:02,0,0,0,0,0,1
4/9/2026,18:23:07,0,0,0,0,0,1
4/9/2026,18:23:08,0,0,0,0,0,0
4/9/2026,18:23:12,0,0,0,0,0,1
4/9/2026,18:23:17,0,0,0,0,0,1
4/9/2026,18:23:22,0,0,0,0,0,1
4/9/2026,18:23:27,0,0,0,0,0,1
4/9/2026,18:23:32,0,0,0,0,0,1
4/9/2026,18:23:37,0,0,0,0,0,1
4/9/2026,18:23:42,0,0,0,0,0,1
4/9/2026,18:23:47,0,0,0,0,0,1
4/9/2026,18:23:52,0,0,0,0,0,1
4/9/2026,18:23:57,0,0,0,0,0,1
4/9/2026,18:24:02,0,0,0,0,0,1
4/9/2026,18:24:07,0,0,0,0,0,1
4/9/2026,18:24:08,0,0,0,0,0,0
4/9/2026,18:24:12,0,0,0,0,0,1
4/9/2026,18:24:17,0,0,0,0,0,1
4/9/2026,18:24:22,0,0,0,0,0,1
4/9/2026,18:24:27,0,0,0,0,0,1
4/9/2026,18:24:32,0,0,0,0,0,1
4/9/2026,18:24:37,0,0,0,0,0,1
4/9/2026,18:24:42,0,0,0,0,0,1
4/9/2026,18:24:47,0,0,0,0,0,1
4/9/2026,18:24:52,0,0,0,0,0,1
4/9/2026,18:24:57,0,0,0,0,0,1
4/9/2026,18:25:02,0,0,0,0,0,1
4/9/2026,18:25:07,0,0,0,0,0,1
4/9/2026,18:25:08,0,0,0,0,0,0
4/9/2026,18:25:12,0,0,0,0,0,1
4/9/2026,18:25:17,0,0,0,0,0,1
4/9/2026,18:25:22,0,0,0,0,0,1
4/9/2026,18:25:27,0,0,0,0,0,1
4/9/2026,18:25:32,0,0,0,0,0,1
4/9/2026,18:25:37,0,0,0,0,0,1
4/9/2026,18:25:42,0,0,0,0,0,1
4/9/2026,18:25:47,0,0,0,0,0,1
4/9/2026,18:25:52,0,0,0,0,0,1
4/9/2026,18:25:57,0,0,0,0,0,1
4/9/2026,18:26:02,0,0,0,0,0,1
4/9/2026,18:26:07,0,0,0,0,0,1
4/9/2026,18:26:08,0,0,0,0,0,0
4/9/2026,18:26:12,0,0,0,0,0,1
4/9/2026,18:26:17,0,0,0,0,0,1
4/9/2026,18:26:22,0,0,0,0,0,1
4/9/2026,18:26:27,0,0,0,0,0,1
4/9/2026,18:26:32,0,0,0,0,0,1
4/9/2026,18:26:37,0,0,0,0,0,1
4/9/2026,18:26:42,0,0,0,0,0,1
4/9/2026,18:26:47,0,0,0,0,0,1
4/9/2026,18:26:52,0,0,0,0,0,1
4/9/2026,18:26:57,0,0,0,0,0,1
4/9/2026,18:27:02,0,0,0,0,0,1
4/9/2026,18:27:07,0,0,0,0,0,1
4/9/2026,18:27:08,0,0,0,0,0,0
4/9/2026,18:27:12,0,0,0,0,0,1
4/9/2026,18:27:17,0,0,0,0,0,1
4/9/2026,18:27:22,0,0,0,0,0,1
4/9/2026,18:27:27,0,0,0,0,0,1
4/9/2026,18:27:32,0,0,0,0,0,1
4/9/2026,18:27:37,0,0,0,0,0,1
4/9/2026,18:27:42,0,0,0,0,0,1
4/9/2026,18:27:47,0,0,0,0,0,1
4/9/2026,18:27:52,0,0,0,0,0,1
4/9/2026,18:27:57,0,0,0,0,0,1
4/9/2026,18:28:02,0,0,0,0,0,1
4/9/2026,18:28:07,0,0,0,0,0,1
4/9/2026,18:28:08,0,0,0,0,0,0
4/9/2026,18:28:12,0,0,0,0,0,1
4/9/2026,18:28:17,0,0,0,0,0,1
4/9/2026,18:28:22,0,0,0,0,0,1
4/9/2026,18:28:27,0,0,0,0,0,1
4/9/2026,18:28:32,0,0,0,0,0,1
4/9/2026,18:28:37,0,0,0,0,0,1
4/9/2026,18:28:42,0,0,0,0,0,1
4/9/2026,18:28:47,0,0,0,0,0,1
4/9/2026,18:28:52,0,0,0,0,0,1
4/9/2026,18:28:57,0,0,0,0,0,1
4/9/2026,18:29:02,0,0,0,0,0,1
4/9/2026,18:29:07,0,0,0,0,0,1
4/9/2026,18:29:08,0,0,0,0,0,0
4/9/2026,18:29:12,0,0,0,0,0,1
4/9/2026,18:29:17,0,0,0,0,0,1
4/9/2026,18:29:22,0,0,0,0,0,1
4/9/2026,18:29:27,0,0,0,0,0,1
4/9/2026,18:29:32,0,0,0,0,0,1
4/9/2026,18:29:37,0,0,0,0,0,1
4/9/2026,18:29:42,0,0,0,0,0,1
4/9/2026,18:29:47,0,0,0,0,0,1
4/9/2026,18:29:52,0,0,0,0,0,1
4/9/2026,18:29:57,0,0,0,0,0,1
4/9/2026,18:30:02,0,0,0,0,0,1
4/9/2026,18:30:07,0,0,0,0,0,1
4/9/2026,18:30:08,0,0,0,0,0,0
4/9/2026,18:30:12,0,0,0,0,0,1
4/9/2026,18:30:17,0,0,0,0,0,1
4/9/2026,18:30:22,0,0,0,0,0,1
4/9/2026,18:30:27,0,0,0,0,0,1
4/9/2026,18:30:32,0,0,0,0,0,1
4/9/2026,18:30:37,0,0,0,0,0,1
4/9/2026,18:30:42,0,0,0,0,0,1
4/9/2026,18:30:47,0,0,0,0,0,1
4/9/2026,18:30:52,0,0,0,0,0,1
4/9/2026,18:30:57,0,0,0,0,0,1
4/9/2026,18:31:02,0,0,0,0,0,1
4/9/2026,18:31:07,0,0,0,0,0,1
4/9/2026,18:31:08,0,0,0,0,0,0
4/9/2026,18:31:12,0,0,0,0,0,1
4/9/2026,18:31:17,0,0,0,0,0,1
4/9/2026,18:31:22,0,0,0,0,0,1
4/9/2026,18:31:27,0,0,0,0,0,1
4/9/2026,18:31:32,0,0,0,0,0,1
4/9/2026,18:31:37,0,0,0,0,0,1
4/9/2026,18:31:42,0,0,0,0,0,1
4/9/2026,18:31:47,0,0,0,0,0,1
4/9/2026,18:31:52,0,0,0,0,0,1
4/9/2026,18:31:57,0,0,0,0,0,1
4/9/2026,18:32:02,0,0,0,0,0,1
4/9/2026,18:32:07,0,0,0,0,0,1
4/9/2026,18:32:08,0,0,0,0,0,0
4/9/2026,18:32:12,0,0,0,0,0,1
4/9/2026,18:32:17,0,0,0,0,0,1
4/9/2026,18:32:22,0,0,0,0,0,1
4/9/2026,18:32:27,0,0,0,0,0,1
4/9/2026,18:32:32,0,0,0,0,0,1
4/9/2026,18:32:37,0,0,0,0,0,1
4/9/2026,18:32:42,0,0,0,0,0,1
4/9/2026,18:32:47,0,0,0,0,0,1
4/9/2026,18:32:52,0,0,0,0,0,1
4/9/2026,18:32:57,0,0,0,0,0,1
4/9/2026,18:33:02,0,0,0,0,0,1
4/9/2026,18:33:07,0,0,0,0,0,1
4/9/2026,18:33:08,0,0,0,0,0,0
4/9/2026,18:33:12,0,0,0,0,0,1
4/9/2026,18:33:17,0,0,0,0,0,1
4/9/2026,18:33:22,0,0,0,0,0,1
4/9/2026,18:33:27,0,0,0,0,0,1
4/9/2026,18:33:32,0,0,0,0,0,1
4/9/2026,18:33:37,0,0,0,0,0,1
4/9/2026,18:33:42,0,0,0,0,0,1
4/9/2026,18:33:47,0,0,0,0,0,1
4/9/2026,18:33:52,0,0,0,0,0,1
4/9/2026,18:33:57,0,0,0,0,0,1
4/9/2026,18:34:02,0,0,0,0,0,1
4/9/2026,18:34:07,0,0,0,0,0,1
4/9/2026,18:34:08,0,0,0,0,0,0
4/9/2026,18:34:12,0,0,0,0,0,1
4/9/2026,18:34:17,0,0,0,0,0,1
4/9/2026,18:34:22,0,0,0,0,0,1
4/9/2026,18:34:27,0,0,0,0,0,1
4/9/2026,18:34:32,0,0,0,0,0,1
4/9/2026,18:34:37,0,0,0,0,0,1
4/9/2026,18:34:42,0,0,0,0,0,1
4/9/2026,18:34:47,0,0,0,0,0,1
4/9/2026,18:34:52,0,0,0,0,0,1
4/9/2026,18:34:57,0,0,0,0,0,1
4/9/2026,18:35:02,0,0,0,0,0,1
4/9/2026,18:35:07,0,0,0,0,0,1
4/9/2026,18:35:08,0,0,0,0,0,0
4/9/2026,18:35:12,0,0,0,0,0,1
4/9/2026,18:35:17,0,0,0,0,0,1
4/9/2026,18:35:22,0,0,0,0,0,1
4/9/2026,18:35:27,0,0,0,0,0,1
4/9/2026,18:35:32,0,0,0,0,0,1
4/9/2026,18:35:37,0,0,0,0,0,1
4/9/2026,18:35:42,0,0,0,0,0,1
4/9/2026,18:35:47,0,0,0,0,0,1
4/9/2026,18:35:52,0,0,0,0,0,1
4/9/2026,18:35:57,0,0,0,0,0,1
4/9/2026,18:36:02,0,0,0,0,0,1
4/9/2026,18:36:07,0,0,0,0,0,1
4/9/2026,18:36:08,0,0,0,0,0,0
4/9/2026,18:36:12,0,0,0,0,0,1
4/9/2026,18:36:17,0,0,0,0,0,1
4/9/2026,18:36:22,0,0,0,0,0,1
4/9/2026,18:36:27,0,0,0,0,0,1
4/9/2026,18:36:32,0,0,0,0,0,1
4/9/2026,18:36:37,0,0,0,0,0,1
4/9/2026,18:36:42,0,0,0,0,0,1
4/9/2026,18:36:47,0,0,0,0,0,1
4/9/2026,18:36:52,0,0,0,0,0,1
4/9/2026,18:36:57,0,0,0,0,0,1
4/9/2026,18:37:02,0,0,0,0,0,1
4/9/2026,18:37:07,0,0,0,0,0,1
4/9/2026,18:37:08,0,0,0,0,0,0
4/9/2026,18:37:12,0,0,0,0,0,1
4/9/2026,18:37:17,0,0,0,0,0,1
4/9/2026,18:37:22,0,0,0,0,0,1
4/9/2026,18:37:27,0,0,0,0,0,1
4/9/2026,18:37:32,0,0,0,0,0,1
4/9/2026,18:37:37,0,0,0,0,0,1
4/9/2026,18:37:42,0,0,0,0,0,1
4/9/2026,18:37:47,0,0,0,0,0,1
4/9/2026,18:37:52,0,0,0,0,0,1
4/9/2026,18:37:57,0,0,0,0,0,1
4/9/2026,18:38:02,0,0,0,0,0,1
4/9/2026,18:38:07,0,0,0,0,0,1
4/9/2026,18:38:08,0,0,0,0,0,0
4/9/2026,18:38:12,0,0,0,0,0,1
4/9/2026,18:38:17,0,0,0,0,0,1
4/9/2026,18:38:22,0,0,0,0,0,1
4/9/2026,18:38:27,0,0,0,0,0,1
4/9/2026,18:38:32,0,0,0,0,0,1
4/9/2026,18:38:37,0,0,0,0,0,1
4/9/2026,18:38:42,0,0,0,0,0,1
4/9/2026,18:38:47,0,0,0,0,0,1
4/9/2026,18:38:52,0,0,0,0,0,1
4/9/2026,18:38:57,0,0,0,0,0,1
4/9/2026,18:39:02,0,0,0,0,0,1
4/9/2026,18:39:07,0,0,0,0,0,1
4/9/2026,18:39:08,0,0,0,0,0,0
4/9/2026,18:39:12,0,0,0,0,0,1
4/9/2026,18:39:17,0,0,0,0,0,1
4/9/2026,18:39:22,0,0,0,0,0,1
4/9/2026,18:39:27,0,0,0,0,0,1
4/9/2026,18:39:32,0,0,0,0,0,1
4/9/2026,18:39:37,0,0,0,0,0,1
4/9/2026,18:39:42,0,0,0,0,0,1
4/9/2026,18:39:47,0,0,0,0,0,1
4/9/2026,18:39:52,0,0,0,0,0,1
4/9/2026,18:39:57,0,0,0,0,0,1
4/9/2026,18:40:02,0,0,0,0,0,1
4/9/2026,18:40:07,0,0,0,0,0,1
4/9/2026,18:40:08,0,0,0,0,0,0
4/9/2026,18:40:12,0,0,0,0,0,1
4/9/2026,18:40:17,0,0,0,0,0,1
4/9/2026,18:40:22,0,0,0,0,0,1
4/9/2026,18:40:27,0,0,0,0,0,1
4/9/2026,18:40:32,0,0,0,0,0,1
4/9/2026,18:40:37,0,0,0,0,0,1
4/9/2026,18:40:42,0,0,0,0,0,1
4/9/2026,18:40:47,0,0,0,0,0,1
4/9/2026,18:40:52,0,0,0,0,0,1
4/9/2026,18:40:57,0,0,0,0,0,1
4/9/2026,18:41:02,0,0,0,0,0,1
4/9/2026,18:41:07,0,0,0,0,0,1
4/9/2026,18:41:08,0,0,0,0,0,0
4/9/2026,18:41:12,0,0,0,0,0,1
4/9/2026,18:41:17,0,0,0,0,0,1
4/9/2026,18:41:22,0,0,0,0,0,1
4/9/2026,18:41:27,0,0,0,0,0,1
4/9/2026,18:41:32,0,0,0,0,0,1
4/9/2026,18:41:37,0,0,0,0,0,1
4/9/2026,18:41:42,0,0,0,0,0,1
4/9/2026,18:41:47,0,0,0,0,0,1
4/9/2026,18:41:52,0,0,0,0,0,1
4/9/2026,18:41:57,0,0,0,0,0,1
4/9/2026,18:42:02,0,0,0,0,0,1
4/9/2026,18:42:07,0,0,0,0,0,1
4/9/2026,18:42:08,0,0,0,0,0,0
4/9/2026,18:42:12,0,0,0,0,0,1
4/9/2026,18:42:17,0,0,0,0,0,1
4/9/2026,18:42:22,0,0,0,0,0,1
4/9/2026,18:42:27,0,0,0,0,0,1
4/9/2026,18:42:32,0,0,0,0,0,1
4/9/2026,18:42:37,0,0,0,0,0,1
4/9/2026,18:42:42,0,0,0,0,0,1
4/9/2026,18:42:47,0,0,0,0,0,1
4/9/2026,18:42:52,0,0,0,0,0,1
4/9/2026,18:42:57,0,0,0,0,0,1
4/9/2026,18:43:02,0,0,0,0,0,1
4/9/2026,18:43:07,0,0,0,0,0,1
4/9/2026,18:43:08,0,0,0,0,0,0
4/9/2026,18:43:12,0,0,0,0,0,1
4/9/2026,18:43:17,0,0,0,0,0,1
4/9/2026,18:43:22,0,0,0,0,0,1
4/9/2026,18:43:27,0,0,0,0,0,1
4/9/2026,18:43:32,0,0,0,0,0,1
4/9/2026,18:43:37,0,0,0,0,0,1
4/9/2026,18:43:42,0,0,0,0,0,1
4/9/2026,18:43:47,0,0,0,0,0,1
4/9/2026,18:43:52,0,0,0,0,0,1
4/9/2026,18:43:57,0,0,0,0,0,1
4/9/2026,18:44:02,0,0,0,0,0,1
4/9/2026,18:44:07,0,0,0,0,0,1
4/9/2026,18:44:08,0,0,0,0,0,0
4/9/2026,18:44:12,0,0,0,0,0,1
4/9/2026,18:44:17,0,0,0,0,0,1
4/9/2026,18:44:22,0,0,0,0,0,1
4/9/2026,18:44:27,0,0,0,0,0,1
4/9/2026,18:44:32,0,0,0,0,0,1
4/9/2026,18:44:37,0,0,0,0,0,1
4/9/2026,18:44:42,0,0,0,0,0,1
4/9/2026,18:44:47,0,0,0,0,0,1
4/9/2026,18:44:52,0,0,0,0,0,1
4/9/2026,18:44:57,0,0,0,0,0,1
4/9/2026,18:45:02,0,0,0,0,0,1
4/9/2026,18:45:07,0,0,0,0,0,1
4/9/2026,18:45:08,0,0,0,0,0,0
4/9/2026,18:45:12,0,0,0,0,0,1
4/9/2026,18:45:17,0,0,0,0,0,1
4/9/2026,18:45:22,0,0,0,0,0,1
4/9/2026,18:45:27,0,0,0,0,0,1
4/9/2026,18:45:32,0,0,0,0,0,1
4/9/2026,18:45:37,0,0,0,0,0,1
4/9/2026,18:45:42,0,0,0,0,0,1
4/9/2026,18:45:47,0,0,0,0,0,1
4/9/2026,18:45:52,0,0,0,0,0,1
4/9/2026,18:45:57,0,0,0,0,0,1
4/9/2026,18:46:02,0,0,0,0,0,1
4/9/2026,18:46:07,0,0,0,0,0,1
4/9/2026,18:46:08,0,0,0,0,0,0
4/9/2026,18:46:12,0,0,0,0,0,1
4/9/2026,18:46:17,0,0,0,0,0,1
4/9/2026,18:46:22,0,0,0,0,0,1
4/9/2026,18:46:27,0,0,0,0,0,1
4/9/2026,18:46:32,0,0,0,0,0,1
4/9/2026,18:46:37,0,0,0,0,0,1
4/9/2026,18:46:42,0,0,0,0,0,1
4/9/2026,18:46:47,0,0,0,0,0,1
4/9/2026,18:46:52,0,0,0,0,0,1
4/9/2026,18:46:57,0,0,0,0,0,1
4/9/2026,18:47:02,0,0,0,0,0,1
4/9/2026,18:47:07,0,0,0,0,0,1
4/9/2026,18:47:08,0,0,0,0,0,0
4/9/2026,18:47:12,0,0,0,0,0,1
4/9/2026,18:47:17,0,0,0,0,0,1
4/9/2026,18:47:22,0,0,0,0,0,1
4/9/2026,18:47:27,0,0,0,0,0,1
4/9/2026,18:47:32,0,0,0,0,0,1
4/9/2026,18:47:37,0,0,0,0,0,1
4/9/2026,18:47:42,0,0,0,0,0,1
4/9/2026,18:47:47,0,0,0,0,0,1
4/9/2026,18:47:52,0,0,0,0,0,1
4/9/2026,18:47:57,0,0,0,0,0,1
4/9/2026,18:48:02,0,0,0,0,0,1
4/9/2026,18:48:07,0,0,0,0,0,1
4/9/2026,18:48:08,0,0,0,0,0,0
4/9/2026,18:48:12,0,0,0,0,0,1
4/9/2026,18:48:17,0,0,0,0,0,1
4/9/2026,18:48:22,0,0,0,0,0,1
4/9/2026,18:48:27,0,0,0,0,0,1
4/9/2026,18:48:32,0,0,0,0,0,1
4/9/2026,18:48:37,0,0,0,0,0,1
4/9/2026,18:48:42,0,0,0,0,0,1
4/9/2026,18:48:47,0,0,0,0,0,1
4/9/2026,18:48:52,0,0,0,0,0,1
4/9/2026,18:48:57,0,0,0,0,0,1
4/9/2026,18:49:02,0,0,0,0,0,1
4/9/2026,18:49:07,0,0,0,0,0,1
4/9/2026,18:49:08,0,0,0,0,0,0
4/9/2026,18:49:12,0,0,0,0,0,1
4/9/2026,18:49:17,0,0,0,0,0,1
4/9/2026,18:49:22,0,0,0,0,0,1
4/9/2026,18:49:27,0,0,0,0,0,1
4/9/2026,18:49:32,0,0,0,0,0,1
4/9/2026,18:49:45,0,0,0,0,0,1
4/9/2026,18:49:50,0,0,0,0,0,1
4/9/2026,18:49:55,0,0,0,0,0,1
4/9/2026,18:50:00,0,0,0,0,0,1
4/9/2026,18:50:05,0,0,0,0,0,1
4/9/2026,18:50:08,0,0,0,0,0,0
4/9/2026,18:50:10,0,0,0,0,0,1
4/9/2026,18:50:15,0,0,0,0,0,1
4/9/2026,18:50:20,0,0,0,0,0,1
4/9/2026,18:50:25,0,0,0,0,0,1
4/9/2026,18:50:30,0,0,0,0,0,1
4/9/2026,18:50:35,0,0,0,0,0,1
4/9/2026,18:50:40,0,0,0,0,0,1
4/9/2026,18:50:45,0,0,0,0,0,1
4/9/2026,18:50:50,0,0,0,0,0,1
4/9/2026,18:50:55,0,0,0,0,0,1
4/9/2026,18:51:00,0,0,0,0,0,1
4/9/2026,18:51:05,0,0,0,0,0,1
4/9/2026,18:51:08,0,0,0,0,0,0
4/9/2026,18:51:10,0,0,0,0,0,1
4/9/2026,18:51:15,0,0,0,0,0,1
4/9/2026,18:51:20,0,0,0,0,0,1
4/9/2026,18:51:25,0,0,0,0,0,1
4/9/2026,18:51:30,0,0,0,0,0,1
4/9/2026,18:51:35,0,0,0,0,0,1
4/9/2026,18:51:40,0,0,0,0,0,1
4/9/2026,18:51:45,0,0,0,0,0,1
4/9/2026,18:51:50,0,0,0,0,0,1
4/9/2026,18:51:55,0,0,0,0,0,1
4/9/2026,18:52:00,0,0,0,0,0,1
4/9/2026,18:52:05,0,0,0,0,0,1
4/9/2026,18:52:08,0,0,0,0,0,0
4/9/2026,18:52:10,0,0,0,0,0,1
4/9/2026,18:52:15,0,0,0,0,0,1
4/9/2026,18:52:20,0,0,0,0,0,1
4/9/2026,18:52:25,0,0,0,0,0,1
4/9/2026,18:52:30,0,0,0,0,0,1
4/9/2026,18:52:35,0,0,0,0,0,1
4/9/2026,18:52:40,0,0,0,0,0,1
4/9/2026,18:52:45,0,0,0,0,0,1
4/9/2026,18:52:50,0,0,0,0,0,1
4/9/2026,18:52:55,0,0,0,0,0,1
4/9/2026,18:53:00,0,0,0,0,0,1
4/9/2026,18:53:05,0,0,0,0,0,1
4/9/2026,18:53:08,0,0,0,0,0,0
4/9/2026,18:53:10,0,0,0,0,0,1
4/9/2026,18:53:15,0,0,0,0,0,1
4/9/2026,18:53:20,0,0,0,0,0,1
4/9/2026,18:53:25,0,0,0,0,0,1
4/9/2026,18:53:30,0,0,0,0,0,1
4/9/2026,18:53:35,0,0,0,0,0,1
4/9/2026,18:53:40,0,0,0,0,0,1
4/9/2026,18:53:45,0,0,0,0,0,1
4/9/2026,18:53:50,0,0,0,0,0,1
4/9/2026,18:53:55,0,0,0,0,0,1
4/9/2026,18:54:00,0,0,0,0,0,1
4/9/2026,18:54:05,0,0,0,0,0,1
4/9/2026,18:54:08,0,0,0,0,0,0
4/9/2026,18:54:10,0,0,0,0,0,1
4/9/2026,18:54:15,0,0,0,0,0,1
4/9/2026,18:54:20,0,0,0,0,0,1
4/9/2026,18:54:25,0,0,0,0,0,1
4/9/2026,18:54:30,0,0,0,0,0,1
4/9/2026,18:54:35,0,0,0,0,0,1
4/9/2026,18:54:40,0,0,0,0,0,1
4/9/2026,18:54:45,0,0,0,0,0,1
4/9/2026,18:54:50,0,0,0,0,0,1
4/9/2026,18:54:55,0,0,0,0,0,1
4/9/2026,18:55:00,0,0,0,0,0,1
4/9/2026,18:55:05,0,0,0,0,0,1
4/9/2026,18:55:08,0,0,0,0,0,0
4/9/2026,18:55:10,0,0,0,0,0,1
4/9/2026,18:55:15,0,0,0,0,0,1
4/9/2026,18:55:20,0,0,0,0,0,1
4/9/2026,18:55:25,0,0,0,0,0,1
4/9/2026,18:55:30,0,0,0,0,0,1
4/9/2026,18:55:35,0,0,0,0,0,1
4/9/2026,18:55:40,0,0,0,0,0,1
4/9/2026,18:55:45,0,0,0,0,0,1
4/9/2026,18:55:50,0,0,0,0,0,1
4/9/2026,18:55:55,0,0,0,0,0,1
4/9/2026,18:56:00,0,0,0,0,0,1
4/9/2026,18:56:05,0,0,0,0,0,1
4/9/2026,18:56:08,0,0,0,0,0,0
4/9/2026,18:56:10,0,0,0,0,0,1
4/9/2026,18:56:15,0,0,0,0,0,1
4/9/2026,18:56:20,0,0,0,0,0,1
4/9/2026,18:56:25,0,0,0,0,0,1
4/9/2026,18:56:30,0,0,0,0,0,1
4/9/2026,18:56:35,0,0,0,0,0,1
4/9/2026,18:56:40,0,0,0,0,0,1
4/9/2026,18:56:45,0,0,0,0,0,1
4/9/2026,18:56:50,0,0,0,0,0,1
4/9/2026,18:56:55,0,0,0,0,0,1
4/9/2026,18:57:00,0,0,0,0,0,1
4/9/2026,18:57:05,0,0,0,0,0,1
4/9/2026,18:57:08,0,0,0,0,0,0
4/9/2026,18:57:10,0,0,0,0,0,1
4/9/2026,18:57:15,0,0,0,0,0,1
4/9/2026,18:57:20,0,0,0,0,0,1
4/9/2026,18:57:25,0,0,0,0,0,1
4/9/2026,18:57:30,0,0,0,0,0,1
4/9/2026,18:57:35,0,0,0,0,0,1
4/9/2026,18:57:40,0,0,0,0,0,1
4/9/2026,18:57:45,0,0,0,0,0,1
4/9/2026,18:57:50,0,0,0,0,0,1
4/9/2026,18:57:55,0,0,0,0,0,1
4/9/2026,18:58:00,0,0,0,0,0,1
4/9/2026,18:58:05,0,0,0,0,0,1
4/9/2026,18:58:08,0,0,0,0,0,0
4/9/2026,18:58:10,0,0,0,0,0,1
4/9/2026,18:58:15,0,0,0,0,0,1
4/9/2026,18:58:20,0,0,0,0,0,1
4/9/2026,18:58:25,0,0,0,0,0,1
4/9/2026,18:58:30,0,0,0,0,0,1
4/9/2026,18:58:35,0,0,0,0,0,1
4/9/2026,18:58:40,0,0,0,0,0,1
4/9/2026,18:58:45,0,0,0,0,0,1
4/9/2026,18:58:50,0,0,0,0,0,1
4/9/2026,18:58:55,0,0,0,0,0,1
4/9/2026,18:59:00,0,0,0,0,0,1
4/9/2026,18:59:05,0,0,0,0,0,1
4/9/2026,18:59:08,0,0,0,0,0,0
4/9/2026,18:59:10,0,0,0,0,0,1
4/9/2026,18:59:15,0,0,0,0,0,1
4/9/2026,18:59:20,0,0,0,0,0,1
4/9/2026,18:59:25,0,0,0,0,0,1
4/9/2026,18:59:30,0,0,0,0,0,1
4/9/2026,18:59:35,0,0,0,0,0,1
4/9/2026,18:59:40,0,0,0,0,0,1
4/9/2026,18:59:45,0,0,0,0,0,1
4/9/2026,18:59:50,0,0,0,0,0,1
4/9/2026,18:59:55,0,0,0,0,0,1
4/9/2026,19:00:00,0,0,0,0,0,1
4/9/2026,19:00:08,0,0,0,0,0,0
4/9/2026,19:00:13,0,0,0,0,0,1
4/9/2026,19:00:18,0,0,0,0,0,1
4/9/2026,19:00:23,0,0,0,0,0,1
4/9/2026,19:00:28,0,0,0,0,0,1
4/9/2026,19:00:33,0,0,0,0,0,1
4/9/2026,19:00:38,0,0,0,0,0,1
4/9/2026,19:00:43,0,0,0,0,0,1
4/9/2026,19:00:48,0,0,0,0,0,1
4/9/2026,19:00:53,0,0,0,0,0,1
4/9/2026,19:00:58,0,0,0,0,0,1
4/9/2026,19:01:03,0,0,0,0,0,1
4/9/2026,19:01:08,0,0,0,0,0,1
4/9/2026,19:01:08,0,0,0,0,0,0
4/9/2026,19:01:13,0,0,0,0,0,1
4/9/2026,19:01:18,0,0,0,0,0,1
4/9/2026,19:01:23,0,0,0,0,0,1
4/9/2026,19:01:28,0,0,0,0,0,1
4/9/2026,19:01:33,0,0,0,0,0,1
4/9/2026,19:01:38,0,0,0,0,0,1
4/9/2026,19:01:43,0,0,0,0,0,1
4/9/2026,19:01:48,0,0,0,0,0,1
4/9/2026,19:01:53,0,0,0,0,0,1
4/9/2026,19:01:58,0,0,0,0,0,1
4/9/2026,19:02:03,0,0,0,0,0,1
4/9/2026,19:02:08,0,0,0,0,0,1
4/9/2026,19:02:08,0,0,0,0,0,0
4/9/2026,19:02:13,0,0,0,0,0,1
4/9/2026,19:02:18,0,0,0,0,0,1
4/9/2026,19:02:23,0,0,0,0,0,1
4/9/2026,19:02:28,0,0,0,0,0,1
4/9/2026,19:02:33,0,0,0,0,0,1
4/9/2026,19:02:38,0,0,0,0,0,1
4/9/2026,19:02:43,0,0,0,0,0,1
4/9/2026,19:02:48,0,0,0,0,0,1
4/9/2026,19:02:53,0,0,0,0,0,1
4/9/2026,19:02:58,0,0,0,0,0,1
4/9/2026,19:03:03,0,0,0,0,0,1
4/9/2026,19:03:08,0,0,0,0,0,1
4/9/2026,19:03:08,0,0,0,0,0,0
4/9/2026,19:03:13,0,0,0,0,0,1
4/9/2026,19:03:18,0,0,0,0,0,1
4/9/2026,19:03:23,0,0,0,0,0,1
4/9/2026,19:03:28,0,0,0,0,0,1
4/9/2026,19:03:33,0,0,0,0,0,1
4/9/2026,19:03:38,0,0,0,0,0,1
4/9/2026,19:03:43,0,0,0,0,0,1
4/9/2026,19:03:48,0,0,0,0,0,1
4/9/2026,19:03:53,0,0,0,0,0,1
4/9/2026,19:03:58,0,0,0,0,0,1
4/9/2026,19:04:03,0,0,0,0,0,1
4/9/2026,19:04:08,0,0,0,0,0,1
4/9/2026,19:04:08,0,0,0,0,0,0
4/9/2026,19:04:13,0,0,0,0,0,1
4/9/2026,19:04:18,0,0,0,0,0,1
4/9/2026,19:04:23,0,0,0,0,0,1
4/9/2026,19:04:28,0,0,0,0,0,1
4/9/2026,19:04:33,0,0,0,0,0,1
4/9/2026,19:04:38,0,0,0,0,0,1
4/9/2026,19:04:43,0,0,0,0,0,1
4/9/2026,19:04:48,0,0,0,0,0,1
4/9/2026,19:04:53,0,0,0,0,0,1
4/9/2026,19:04:58,0,0,0,0,0,1
4/9/2026,19:05:03,0,0,0,0,0,1
4/9/2026,19:05:08,0,0,0,0,0,1
4/9/2026,19:05:08,0,0,0,0,0,0
4/9/2026,19:05:13,0,0,0,0,0,1
4/9/2026,19:05:18,0,0,0,0,0,1
4/9/2026,19:05:23,0,0,0,0,0,1
4/9/2026,19:05:28,0,0,0,0,0,1
4/9/2026,19:05:33,0,0,0,0,0,1
4/9/2026,19:05:38,0,0,0,0,0,1
4/9/2026,19:05:43,0,0,0,0,0,1
4/9/2026,19:05:48,0,0,0,0,0,1
4/9/2026,19:05:53,0,0,0,0,0,1
4/9/2026,19:05:58,0,0,0,0,0,1
4/9/2026,19:06:08,0,0,0,0,0,0
4/9/2026,19:06:11,0,0,0,0,0,1
4/9/2026,19:06:16,0,0,0,0,0,1
4/9/2026,19:06:21,0,0,0,0,0,1
4/9/2026,19:06:26,0,0,0,0,0,1
4/9/2026,19:06:31,0,0,0,0,0,1
4/9/2026,19:06:36,0,0,0,0,0,1
4/9/2026,19:06:41,0,0,0,0,0,1
4/9/2026,19:06:46,0,0,0,0,0,1
4/9/2026,19:07:08,0,0,0,0,0,0
4/9/2026,19:07:10,0,0,0,0,0,1
4/9/2026,19:07:15,0,0,0,0,0,1
4/9/2026,19:07:20,0,0,0,0,0,1
4/9/2026,19:07:25,0,0,0,0,0,1
4/9/2026,19:07:30,0,0,0,0,0,1
4/9/2026,19:07:35,0,0,0,0,0,1
4/9/2026,19:07:40,0,0,0,0,0,1
4/9/2026,19:07:45,0,0,0,0,0,1
4/9/2026,19:07:50,0,0,0,0,0,1
4/9/2026,19:07:55,0,0,0,0,0,1
4/9/2026,19:08:00,0,0,0,0,0,1
4/9/2026,19:08:05,0,0,0,0,0,1
4/9/2026,19:08:08,0,0,0,0,0,0
4/9/2026,19:08:10,0,0,0,0,0,1
4/9/2026,19:08:15,0,0,0,0,0,1
4/9/2026,19:08:20,0,0,0,0,0,1
4/9/2026,19:08:33,0,0,0,0,0,1
4/9/2026,19:08:38,0,0,0,0,0,1
4/9/2026,19:08:43,0,0,0,0,0,1
4/9/2026,19:08:48,0,0,0,0,0,1
4/9/2026,19:08:53,0,0,0,0,0,1
4/9/2026,19:08:58,0,0,0,0,0,1
4/9/2026,19:09:03,0,0,0,0,0,1
4/9/2026,19:09:08,0,0,0,0,0,1
4/9/2026,19:09:08,0,0,0,0,0,0
4/9/2026,19:09:13,0,0,0,0,0,1
4/9/2026,19:09:18,0,0,0,0,0,1
4/9/2026,19:09:23,0,0,0,0,0,1
4/9/2026,19:09:28,0,0,0,0,0,1
4/9/2026,19:09:33,0,0,0,0,0,1
4/9/2026,19:09:38,0,0,0,0,0,1
4/9/2026,19:09:43,0,0,0,0,0,1
4/9/2026,19:09:48,0,0,0,0,0,1
4/9/2026,19:09:53,0,0,0,0,0,1
4/9/2026,19:09:58,0,0,0,0,0,1
4/9/2026,19:10:03,0,0,0,0,0,1
4/9/2026,19:10:08,0,0,0,0,0,1
4/9/2026,19:10:08,0,0,0,0,0,0
4/9/2026,19:10:13,0,0,0,0,0,1
4/9/2026,19:10:18,0,0,0,0,0,1
4/9/2026,19:10:23,0,0,0,0,0,1
4/9/2026,19:10:28,0,0,0,0,0,1
4/9/2026,19:10:33,0,0,0,0,0,1
4/9/2026,19:10:38,0,0,0,0,0,1
4/9/2026,19:10:43,0,0,0,0,0,1
4/9/2026,19:10:48,0,0,0,0,0,1
4/9/2026,19:10:53,0,0,0,0,0,1
4/9/2026,19:10:58,0,0,0,0,0,1
4/9/2026,19:11:03,0,0,0,0,0,1
4/9/2026,19:11:08,0,0,0,0,0,1
4/9/2026,19:11:08,0,0,0,0,0,0
4/9/2026,19:11:13,0,0,0,0,0,1
4/9/2026,19:11:18,0,0,0,0,0,1
4/9/2026,19:11:23,0,0,0,0,0,1
4/9/2026,19:11:28,0,0,0,0,0,1
4/9/2026,19:11:33,0,0,0,0,0,1
4/9/2026,19:11:38,0,0,0,0,0,1
4/9/2026,19:11:43,0,0,0,0,0,1
4/9/2026,19:11:48,0,0,0,0,0,1
4/9/2026,19:11:53,0,0,0,0,0,1
4/9/2026,19:11:58,0,0,0,0,0,1
4/9/2026,19:12:03,0,0,0,0,0,1
4/9/2026,19:12:08,0,0,0,0,0,1
4/9/2026,19:12:08,0,0,0,0,0,0
4/9/2026,19:12:13,0,0,0,0,0,1
4/9/2026,19:12:18,0,0,0,0,0,1
4/9/2026,19:12:23,0,0,0,0,0,1
4/9/2026,19:12:28,0,0,0,0,0,1
4/9/2026,19:12:33,0,0,0,0,0,1
4/9/2026,19:12:38,0,0,0,0,0,1
4/9/2026,19:12:43,0,0,0,0,0,1
4/9/2026,19:12:48,0,0,0,0,0,1
4/9/2026,19:12:53,0,0,0,0,0,1
4/9/2026,19:12:58,0,0,0,0,0,1
4/9/2026,19:13:03,0,0,0,0,0,1
4/9/2026,19:13:08,0,0,0,0,0,1
4/9/2026,19:13:08,0,0,0,0,0,0
4/9/2026,19:13:13,0,0,0,0,0,1
4/9/2026,19:13:18,0,0,0,0,0,1
4/9/2026,19:13:23,0,0,0,0,0,1
4/9/2026,19:13:28,0,0,0,0,0,1
4/9/2026,19:13:33,0,0,0,0,0,1
4/9/2026,19:13:38,0,0,0,0,0,1
4/9/2026,19:13:43,0,0,0,0,0,1
4/9/2026,19:13:48,0,0,0,0,0,1
4/9/2026,19:13:53,0,0,0,0,0,1
4/9/2026,19:13:58,0,0,0,0,0,1
4/9/2026,19:14:03,0,0,0,0,0,1
4/9/2026,19:14:08,0,0,0,0,0,1
4/9/2026,19:14:08,0,0,0,0,0,0
4/9/2026,19:14:13,0,0,0,0,0,1
4/9/2026,19:14:18,0,0,0,0,0,1
4/9/2026,19:14:23,0,0,0,0,0,1
4/9/2026,19:14:28,0,0,0,0,0,1
4/9/2026,19:14:33,0,0,0,0,0,1
4/9/2026,19:14:38,0,0,0,0,0,1
4/9/2026,19:14:43,0,0,0,0,0,1
4/9/2026,19:14:48,0,0,0,0,0,1
4/9/2026,19:14:53,0,0,0,0,0,1
4/9/2026,19:14:58,0,0,0,0,0,1
4/9/2026,19:15:03,0,0,0,0,0,1
4/9/2026,19:15:08,0,0,0,0,0,1
4/9/2026,19:15:08,0,0,0,0,0,0
4/9/2026,19:15:13,0,0,0,0,0,1
4/9/2026,19:15:18,0,0,0,0,0,1
4/9/2026,19:15:23,0,0,0,0,0,1
4/9/2026,19:15:28,0,0,0,0,0,1
4/9/2026,19:15:33,0,0,0,0,0,1
4/9/2026,19:15:38,0,0,0,0,0,1
4/9/2026,19:15:43,0,0,0,0,0,1
4/9/2026,19:15:48,0,0,0,0,0,1
4/9/2026,19:15:53,0,0,0,0,0,1
4/9/2026,19:15:58,0,0,0,0,0,1
4/9/2026,19:16:03,0,0,0,0,0,1
4/9/2026,19:16:08,0,0,0,0,0,1
4/9/2026,19:16:08,0,0,0,0,0,0
4/9/2026,19:16:13,0,0,0,0,0,1
4/9/2026,19:16:18,0,0,0,0,0,1
4/9/2026,19:16:23,0,0,0,0,0,1
4/9/2026,19:16:28,0,0,0,0,0,1
4/9/2026,19:16:33,0,0,0,0,0,1
4/9/2026,19:16:38,0,0,0,0,0,1
4/9/2026,19:16:43,0,0,0,0,0,1
4/9/2026,19:16:48,0,0,0,0,0,1
4/9/2026,19:16:53,0,0,0,0,0,1
4/9/2026,19:16:58,0,0,0,0,0,1
4/9/2026,19:17:03,0,0,0,0,0,1
4/9/2026,19:17:08,0,0,0,0,0,1
4/9/2026,19:17:08,0,0,0,0,0,0
4/9/2026,19:17:13,0,0,0,0,0,1
4/9/2026,19:17:18,0,0,0,0,0,1
4/9/2026,19:17:23,0,0,0,0,0,1
4/9/2026,19:17:28,0,0,0,0,0,1
4/9/2026,19:17:33,0,0,0,0,0,1
4/9/2026,19:17:43,0,0,0,0,1,0
4/9/2026,19:17:48,0,0,0,1,1,0
4/9/2026,19:17:53,1,0,0,0,1,0
4/9/2026,19:17:58,0,0,1,0,1,0
4/9/2026,19:18:03,0,1,0,0,1,0
4/9/2026,19:18:08,0,0,0,0,0,1
4/9/2026,19:18:08,0,0,0,0,0,0
4/9/2026,19:18:13,1,0,0,0,0,1
4/9/2026,19:18:18,1,0,0,0,0,1
4/9/2026,19:18:23,0,0,0,0,0,1
4/9/2026,19:18:28,0,0,0,0,0,1
4/9/2026,19:18:33,0,0,0,0,0,1
4/9/2026,19:18:38,0,0,0,0,0,1
4/9/2026,19:18:43,0,0,0,0,0,1
4/9/2026,19:18:48,0,1,0,0,0,1
4/9/2026,19:18:53,0,1,0,0,0,1
4/9/2026,19:18:58,0,1,0,0,0,1
4/9/2026,19:19:03,0,0,0,0,1,0
4/9/2026,19:19:08,1,0,0,0,1,0
4/9/2026,19:19:08,0,0,0,0,0,0
4/9/2026,19:19:13,0,0,0,1,1,0
4/9/2026,19:19:18,0,0,0,1,1,0
4/9/2026,19:19:23,0,1,0,0,1,0
4/9/2026,19:19:28,0,1,0,0,1,0
4/9/2026,19:19:33,0,1,0,0,1,0
4/9/2026,19:19:38,0,0,1,0,1,0
4/9/2026,19:19:43,0,0,0,0,0,1
4/9/2026,19:19:48,0,0,0,0,0,1
4/9/2026,19:19:53,0,0,0,1,0,1
4/9/2026,19:19:58,1,0,0,0,0,1
4/9/2026,19:20:03,1,0,0,0,0,1
4/9/2026,19:20:08,0,0,1,0,0,1
4/9/2026,19:20:08,0,0,0,0,0,0
4/9/2026,19:20:13,0,1,0,0,0,1
4/9/2026,19:20:18,0,0,0,0,1,0
4/9/2026,19:20:23,1,0,0,0,1,0
4/9/2026,19:20:28,1,0,0,0,1,0
4/9/2026,19:20:33,0,0,1,0,1,0
4/9/2026,19:20:38,0,1,0,0,1,0
4/9/2026,19:20:43,0,0,0,0,0,1
4/9/2026,19:20:48,0,0,0,0,0,1
4/9/2026,19:20:53,0,1,0,0,0,1
4/9/2026,19:20:58,0,1,0,0,0,1
4/9/2026,19:21:03,0,1,0,0,0,1
4/9/2026,19:21:08,1,0,0,0,0,1
4/9/2026,19:21:08,0,0,0,0,0,0
4/9/2026,19:21:13,0,0,0,1,0,1
4/9/2026,19:21:18,0,0,0,0,0,1
4/9/2026,19:21:23,0,0,0,0,0,1
4/9/2026,19:21:28,0,1,0,0,0,1
4/9/2026,19:21:33,0,0,1,0,0,1
4/9/2026,19:21:38,0,0,0,0,0,1
4/9/2026,19:21:43,0,0,0,0,0,1
4/9/2026,19:21:48,0,0,0,0,0,1
4/9/2026,19:21:53,0,0,0,0,0,1
4/9/2026,19:21:58,0,0,0,0,0,1
4/9/2026,19:22:03,0,0,0,0,0,1
4/9/2026,19:22:08,0,0,0,0,0,1
4/9/2026,19:22:08,0,0,0,0,0,0
4/9/2026,19:22:13,0,0,0,0,0,1
4/9/2026,19:22:18,0,0,0,0,0,1
4/9/2026,19:22:23,0,0,0,0,0,1
4/9/2026,19:22:28,0,0,0,0,0,1
4/9/2026,19:22:33,0,0,0,0,0,1
4/9/2026,19:22:38,0,0,0,0,0,1
4/9/2026,19:22:43,0,0,0,0,0,1
4/9/2026,19:22:48,0,0,0,0,0,1
4/9/2026,19:22:53,0,0,0,0,0,1
4/9/2026,19:22:58,0,0,0,0,0,1
4/9/2026,19:23:03,0,0,0,0,0,1
4/9/2026,19:23:08,0,0,0,0,0,1
4/9/2026,19:23:08,0,0,0,0,0,0
4/9/2026,19:23:13,0,0,0,0,0,1
4/9/2026,19:23:18,0,0,0,0,0,1
4/9/2026,19:23:23,0,0,0,0,0,1
4/9/2026,19:23:28,0,0,0,0,0,1
4/9/2026,19:23:33,0,0,0,0,0,1
4/9/2026,19:23:38,0,0,0,0,0,1
4/9/2026,19:23:43,0,0,0,0,0,1
4/9/2026,19:23:48,0,0,0,0,0,1
4/9/2026,19:23:53,0,0,0,0,0,1
4/9/2026,19:23:58,0,0,0,0,0,1
4/9/2026,19:24:03,0,0,0,0,0,1
4/9/2026,19:24:08,0,0,0,0,0,1
4/9/2026,19:24:08,0,0,0,0,0,0
4/9/2026,19:24:13,0,0,0,0,0,1
4/9/2026,19:24:18,0,0,0,0,0,1
4/9/2026,19:24:23,0,0,0,0,0,1
4/9/2026,19:24:28,0,0,0,0,0,1
4/9/2026,19:24:33,0,0,0,0,0,1
4/9/2026,19:24:38,0,0,0,0,0,1
4/9/2026,19:24:43,0,0,0,0,0,1
4/9/2026,19:24:48,0,0,0,0,0,1
4/9/2026,19:24:53,0,0,0,0,0,1
4/9/2026,19:24:58,0,0,0,0,0,1
4/9/2026,19:25:03,0,0,0,0,0,1
4/9/2026,19:25:08,0,0,0,0,0,1
4/9/2026,19:25:08,0,0,0,0,0,0
4/9/2026,19:25:13,0,0,0,0,0,1
4/9/2026,19:25:18,0,0,0,0,0,1
4/9/2026,19:25:23,0,0,0,0,0,1
4/9/2026,19:25:28,0,0,0,0,0,1
4/9/2026,19:25:33,0,0,0,0,0,1
4/9/2026,19:25:38,0,0,0,0,0,1
4/9/2026,19:25:43,0,0,0,0,0,1
4/9/2026,19:25:48,0,0,0,0,0,1
4/9/2026,19:25:53,0,0,0,0,0,1
4/9/2026,19:25:58,0,0,0,0,0,1
4/9/2026,19:26:03,0,0,0,0,0,1
4/9/2026,19:26:08,0,0,0,0,0,1
4/9/2026,19:26:08,0,0,0,0,0,0
4/9/2026,19:26:13,0,0,0,0,0,1
4/9/2026,19:26:18,0,0,0,0,0,1
4/9/2026,19:26:23,0,0,0,0,0,1
4/9/2026,19:26:28,0,0,0,0,0,1
4/9/2026,19:26:33,0,0,0,0,0,1
4/9/2026,19:26:38,0,0,0,0,0,1
4/9/2026,19:26:43,0,0,0,0,0,1
4/9/2026,19:26:48,0,0,0,0,0,1
4/9/2026,19:26:53,0,0,0,0,0,1
4/9/2026,19:26:58,0,0,0,0,0,1
4/9/2026,19:27:03,0,0,0,0,0,1
4/9/2026,19:27:08,0,0,0,0,0,1
4/9/2026,19:27:08,0,0,0,0,0,0
4/9/2026,19:27:13,0,0,0,0,0,1
4/9/2026,19:27:18,0,0,0,0,0,1
4/9/2026,19:27:23,0,0,0,0,0,1
4/9/2026,19:27:28,0,0,0,0,0,1
4/9/2026,19:27:33,0,0,0,0,0,1
4/9/2026,19:27:38,0,0,0,0,0,1
4/9/2026,19:27:43,0,0,0,0,0,1
4/9/2026,19:27:48,0,0,0,0,0,1
4/9/2026,19:27:53,0,0,0,0,0,1
4/9/2026,19:27:58,0,0,0,0,0,1
4/9/2026,19:28:03,0,0,0,0,0,1
4/9/2026,19:28:08,0,0,0,0,0,1
4/9/2026,19:28:08,0,0,0,0,0,0
4/9/2026,19:28:13,0,0,0,0,0,1
4/9/2026,19:28:18,0,0,0,0,0,1
4/9/2026,19:28:23,0,0,0,0,0,1
4/9/2026,19:28:28,0,0,0,0,0,1
4/9/2026,19:28:33,0,0,0,0,0,1
4/9/2026,19:28:38,0,0,0,0,0,1
4/9/2026,19:28:43,0,0,0,0,0,1
4/9/2026,19:28:48,0,0,0,0,0,1
4/9/2026,19:28:53,0,0,0,0,0,1
4/9/2026,19:28:58,0,0,0,0,0,1
4/9/2026,19:29:03,0,0,0,0,0,1
4/9/2026,19:29:08,0,0,0,0,0,1
4/9/2026,19:29:08,0,0,0,0,0,0
4/9/2026,19:29:13,0,0,0,0,0,1
4/9/2026,19:29:18,0,0,0,0,0,1
4/9/2026,19:29:23,0,0,0,0,0,1
4/9/2026,19:29:28,0,0,0,0,0,1
4/9/2026,19:29:33,0,0,0,0,0,1
4/9/2026,19:29:38,0,0,0,0,0,1
4/9/2026,19:29:43,0,0,0,0,0,1
4/9/2026,19:29:56,0,0,0,0,0,1
4/9/2026,19:30:01,0,0,0,0,0,1
4/9/2026,19:30:06,0,0,0,0,0,1
4/9/2026,19:30:08,0,0,0,0,0,0
4/9/2026,19:30:11,0,0,0,0,0,1
4/9/2026,19:30:16,0,0,0,0,0,1
4/9/2026,19:30:21,0,0,0,0,0,1
4/9/2026,19:30:26,0,0,0,0,0,1
4/9/2026,19:30:31,0,0,0,0,0,1
4/9/2026,19:30:36,0,0,0,0,0,1
4/9/2026,19:30:41,0,0,0,0,0,1
4/9/2026,19:30:46,0,0,0,0,0,1
4/9/2026,19:30:51,0,0,0,0,0,1
4/9/2026,19:30:56,0,0,0,0,0,1
4/9/2026,19:31:01,0,0,0,0,0,1
4/9/2026,19:31:06,0,0,0,0,0,1
4/9/2026,19:31:08,0,0,0,0,0,0
4/9/2026,19:31:11,0,0,0,0,0,1
4/9/2026,19:31:16,0,0,0,0,0,1
4/9/2026,19:31:21,0,0,0,0,0,1
4/9/2026,19:31:26,0,0,0,0,0,1
4/9/2026,19:31:31,0,0,0,0,0,1
4/9/2026,19:31:36,0,0,0,0,0,1
4/9/2026,19:31:41,0,0,0,0,0,1
4/9/2026,19:31:46,0,0,0,0,0,1
4/9/2026,19:31:51,0,0,0,0,0,1
4/9/2026,19:31:56,0,0,0,0,0,1
4/9/2026,19:32:01,0,0,0,0,0,1
4/9/2026,19:32:06,0,0,0,0,0,1
4/9/2026,19:32:08,0,0,0,0,0,0
4/9/2026,19:32:11,0,0,0,0,0,1
4/9/2026,19:32:16,0,0,0,0,0,1
4/9/2026,19:32:21,0,0,0,0,0,1
4/9/2026,19:32:26,0,0,0,0,0,1
4/9/2026,19:32:31,0,0,0,0,0,1
4/9/2026,19:32:36,0,0,0,0,0,1
4/9/2026,19:32:41,0,0,0,0,0,1
4/9/2026,19:32:46,0,0,0,0,0,1
4/9/2026,19:32:51,0,0,0,0,0,1
4/9/2026,19:32:56,0,0,0,0,0,1
4/9/2026,19:33:01,0,0,0,0,0,1
4/9/2026,19:33:06,0,0,0,0,0,1
4/9/2026,19:33:08,0,0,0,0,0,0
4/9/2026,19:33:11,0,0,0,0,0,1
4/9/2026,19:33:16,0,0,0,0,0,1
4/9/2026,19:33:21,0,0,0,0,0,1
4/9/2026,19:33:26,0,0,0,0,0,1
4/9/2026,19:33:31,0,0,0,0,0,1
4/9/2026,19:33:36,0,0,0,0,0,1
4/9/2026,19:33:41,0,0,0,0,0,1
4/9/2026,19:33:46,0,0,0,0,0,1
4/9/2026,19:33:51,0,0,0,0,0,1
4/9/2026,19:33:56,0,0,0,0,0,1
4/9/2026,19:34:08,0,0,0,0,0,0
4/9/2026,19:34:09,0,0,0,0,0,1
4/9/2026,19:34:14,0,0,0,0,0,1
4/9/2026,19:34:19,0,0,0,0,0,1
4/9/2026,19:34:24,0,0,0,0,0,1
4/9/2026,19:34:29,0,0,0,0,0,1
4/9/2026,19:34:34,0,0,0,0,0,1
4/9/2026,19:34:39,0,0,0,0,0,1
4/9/2026,19:34:44,0,0,0,0,0,1
4/9/2026,19:34:49,0,0,0,0,0,1
4/9/2026,19:34:54,0,0,0,0,0,1
4/9/2026,19:34:59,0,0,0,0,0,1
4/9/2026,19:35:04,0,0,0,0,0,1
4/9/2026,19:35:08,0,0,0,0,0,0
4/9/2026,19:35:09,0,0,0,0,0,1
4/9/2026,19:35:14,0,0,0,0,0,1
4/9/2026,19:35:19,0,0,0,0,0,1
4/9/2026,19:35:24,0,0,0,0,0,1
4/9/2026,19:35:29,0,0,0,0,0,1
4/9/2026,19:35:34,0,0,0,0,0,1
4/9/2026,19:35:39,0,0,0,0,0,1
4/9/2026,19:35:44,0,0,0,0,0,1
4/9/2026,19:35:49,0,0,0,0,0,1
4/9/2026,19:35:54,0,0,0,0,0,1
4/9/2026,19:35:59,0,0,0,0,0,1
4/9/2026,19:36:04,0,0,0,0,0,1
4/9/2026,19:36:08,0,0,0,0,0,0
4/9/2026,19:36:09,0,0,0,0,0,1
4/9/2026,19:36:14,0,0,0,0,0,1
4/9/2026,19:36:19,0,0,0,0,0,1
4/9/2026,19:36:24,0,0,0,0,0,1
4/9/2026,19:36:29,0,0,0,0,0,1
4/9/2026,19:36:34,0,0,0,0,0,1
4/9/2026,19:36:39,0,0,0,0,0,1
4/9/2026,19:36:44,0,0,0,0,0,1
4/9/2026,19:36:49,0,0,0,0,0,1
4/9/2026,19:36:54,0,0,0,0,0,1
4/9/2026,19:36:59,0,0,0,0,0,1
4/9/2026,19:37:04,0,0,0,0,0,1
4/9/2026,19:37:08,0,0,0,0,0,0
4/9/2026,19:37:09,0,0,0,0,0,1
4/9/2026,19:37:23,0,0,0,0,0,1
4/9/2026,19:37:28,0,0,0,0,0,1
4/9/2026,19:37:33,0,0,0,0,0,1
4/9/2026,19:37:38,0,0,0,0,0,1
4/9/2026,19:37:43,0,0,0,0,0,1
4/9/2026,19:37:48,0,0,0,0,0,1
4/9/2026,19:37:53,0,0,0,0,0,1
4/9/2026,19:37:58,0,0,0,0,0,1
4/9/2026,19:38:03,0,0,0,0,0,1
4/9/2026,19:38:08,0,0,0,0,0,1
4/9/2026,19:38:08,0,0,0,0,0,0
4/9/2026,19:38:13,0,0,0,0,0,1
4/9/2026,19:38:18,0,0,0,0,0,1
4/9/2026,19:38:23,0,0,0,0,0,1
4/9/2026,19:38:36,0,0,0,0,0,1
4/9/2026,19:38:41,0,0,0,0,0,1
4/9/2026,19:38:46,0,0,0,0,0,1
4/9/2026,19:38:51,0,0,0,0,0,1
4/9/2026,19:38:56,0,0,0,0,0,1
4/9/2026,19:39:08,0,0,0,0,0,0
4/9/2026,19:39:09,0,0,0,0,0,1
4/9/2026,19:39:14,0,0,0,0,0,1
4/9/2026,19:39:19,0,0,0,0,0,1
4/9/2026,19:39:24,0,0,0,0,0,1
4/9/2026,19:39:29,0,0,0,0,0,1
4/9/2026,19:39:34,0,0,0,0,0,1
4/9/2026,19:39:39,0,0,0,0,0,1
4/9/2026,19:39:44,0,0,0,0,0,1
4/9/2026,19:39:49,0,0,0,0,0,1
4/9/2026,19:39:54,0,0,0,0,0,1
4/9/2026,19:39:59,0,0,0,0,0,1
4/9/2026,19:40:04,0,0,0,0,0,1
4/9/2026,19:40:08,0,0,0,0,0,0
4/9/2026,19:40:09,0,0,0,0,0,1
4/9/2026,19:40:14,0,0,0,0,0,1
4/9/2026,19:40:19,0,0,0,0,0,1
4/9/2026,19:40:24,0,0,0,0,0,1
4/9/2026,19:40:29,0,0,0,0,0,1
4/9/2026,19:40:34,0,0,0,0,0,1
4/9/2026,19:40:39,0,0,0,0,0,1
4/9/2026,19:40:44,0,0,0,0,0,1
4/9/2026,19:40:49,0,0,0,0,0,1
4/9/2026,19:40:54,0,0,0,0,0,1
4/9/2026,19:40:59,0,0,0,0,0,1
4/9/2026,19:41:04,0,0,0,0,0,1
4/9/2026,19:41:08,0,0,0,0,0,0
4/9/2026,19:41:09,0,0,0,0,0,1
4/9/2026,19:41:14,0,0,0,0,0,1
4/9/2026,19:41:19,0,0,0,0,0,1
4/9/2026,19:41:24,0,0,0,0,0,1
4/9/2026,19:41:29,0,0,0,0,0,1
4/9/2026,19:41:34,0,0,0,0,0,1
4/9/2026,19:41:39,0,0,0,0,0,1
4/9/2026,19:41:44,0,0,0,0,0,1
4/9/2026,19:41:49,0,0,0,0,0,1
4/9/2026,19:41:54,0,0,0,0,0,1
4/9/2026,19:41:59,0,0,0,0,0,1
4/9/2026,19:42:04,0,0,0,0,0,1
4/9/2026,19:42:08,0,0,0,0,0,0
4/9/2026,19:42:09,0,0,0,0,0,1
4/9/2026,19:42:14,0,0,0,0,0,1
4/9/2026,19:42:19,0,0,0,0,0,1
4/9/2026,19:42:24,0,0,0,0,0,1
4/9/2026,19:42:29,0,0,0,0,0,1
4/9/2026,19:42:34,0,0,0,0,0,1
4/9/2026,19:42:39,0,0,0,0,0,1
4/9/2026,19:42:44,0,0,0,0,0,1
4/9/2026,19:42:49,0,0,0,0,0,1
4/9/2026,19:42:54,0,0,0,0,0,1
4/9/2026,19:42:59,0,0,0,0,0,1
4/9/2026,19:43:04,0,0,0,0,0,1
4/9/2026,19:43:08,0,0,0,0,0,0
4/9/2026,19:43:09,0,0,0,0,0,1
4/9/2026,19:43:14,0,0,0,0,0,1
4/9/2026,19:43:19,0,0,0,0,0,1
4/9/2026,19:43:24,0,0,0,0,0,1
4/9/2026,19:43:29,0,0,0,0,0,1
4/9/2026,19:43:34,0,0,0,0,0,1
4/9/2026,19:43:39,0,0,0,0,0,1
4/9/2026,19:43:44,0,0,0,0,0,1
4/9/2026,19:43:49,0,0,0,0,0,1
4/9/2026,19:43:54,0,0,0,0,0,1
4/9/2026,19:43:59,0,0,0,0,0,1
4/9/2026,19:44:04,0,0,0,0,0,1
4/9/2026,19:44:08,0,0,0,0,0,0
4/9/2026,19:44:09,0,0,0,0,0,1
4/9/2026,19:44:14,0,0,0,0,0,1
4/9/2026,19:44:19,0,0,0,0,0,1
4/9/2026,19:44:24,0,0,0,0,0,1
4/9/2026,19:44:29,0,0,0,0,0,1
4/9/2026,19:44:34,0,0,0,0,0,1
4/9/2026,19:44:39,0,0,0,0,0,1
4/9/2026,19:44:44,0,0,0,0,0,1
4/9/2026,19:44:49,0,0,0,0,0,1
4/9/2026,19:44:54,0,0,0,0,0,1
4/9/2026,19:44:59,0,0,0,0,0,1
4/9/2026,19:45:04,0,0,0,0,0,1
4/9/2026,19:45:08,0,0,0,0,0,0
4/9/2026,19:45:09,0,0,0,0,0,1
4/9/2026,19:45:14,0,0,0,0,0,1
4/9/2026,19:45:19,0,0,0,0,0,1
4/9/2026,19:45:24,0,0,0,0,0,1
4/9/2026,19:45:29,0,0,0,0,0,1
4/9/2026,19:45:42,0,0,0,0,0,1
4/9/2026,19:45:47,0,0,0,0,0,1
4/9/2026,19:45:52,0,0,0,0,0,1
4/9/2026,19:45:57,0,0,0,0,0,1
4/9/2026,19:46:02,0,0,0,0,0,1
4/9/2026,19:46:07,0,0,0,0,0,1
4/9/2026,19:46:08,0,0,0,0,0,0
4/9/2026,19:46:12,0,0,0,0,0,1
4/9/2026,19:46:17,0,0,0,0,0,1
4/9/2026,19:46:22,0,0,0,0,0,1
4/9/2026,19:46:27,0,0,0,0,0,1
4/9/2026,19:46:32,0,0,0,0,0,1
4/9/2026,19:46:37,0,0,0,0,0,1
4/9/2026,19:46:42,0,0,0,0,0,1
4/9/2026,19:46:47,0,0,0,0,0,1
4/9/2026,19:46:52,0,0,0,0,0,1
4/9/2026,19:46:57,0,0,0,0,0,1
4/9/2026,19:47:02,0,0,0,0,0,1
4/9/2026,19:47:07,0,0,0,0,0,1
4/9/2026,19:47:08,0,0,0,0,0,0
4/9/2026,19:47:12,0,0,0,0,0,1
4/9/2026,19:47:17,0,0,0,0,0,1
4/9/2026,19:47:22,0,0,0,0,0,1
4/9/2026,19:47:27,0,0,0,0,0,1
4/9/2026,19:47:32,0,0,0,0,0,1
4/9/2026,19:47:37,0,0,0,0,0,1
4/9/2026,19:47:42,0,0,0,0,0,1
4/9/2026,19:47:47,0,0,0,0,0,1
4/9/2026,19:47:52,0,0,0,0,0,1
4/9/2026,19:47:57,0,0,0,0,0,1
4/9/2026,19:48:02,0,0,0,0,0,1
4/9/2026,19:48:07,0,0,0,0,0,1
4/9/2026,19:48:08,0,0,0,0,0,0
4/9/2026,19:48:12,0,0,0,0,0,1
4/9/2026,19:48:17,0,0,0,0,0,1
4/9/2026,19:48:22,0,0,0,0,0,1
4/9/2026,19:48:27,0,0,0,0,0,1
4/9/2026,19:48:32,0,0,0,0,0,1
4/9/2026,19:48:37,0,0,0,0,0,1
4/9/2026,19:48:42,0,0,0,0,0,1
4/9/2026,19:48:47,0,0,0,0,0,1
4/9/2026,19:48:52,0,0,0,0,0,1
4/9/2026,19:48:57,0,0,0,0,0,1
4/9/2026,19:49:02,0,0,0,0,0,1
4/9/2026,19:49:07,0,0,0,0,0,1
4/9/2026,19:49:08,0,0,0,0,0,0
4/9/2026,19:49:12,0,0,0,0,0,1
4/9/2026,19:49:17,0,0,0,0,0,1
4/9/2026,19:49:22,0,0,0,0,0,1
4/9/2026,19:49:27,0,0,0,0,0,1
4/9/2026,19:49:32,0,0,0,0,0,1
4/9/2026,19:49:37,0,0,0,0,0,1
4/9/2026,19:49:42,0,0,0,0,0,1
4/9/2026,19:49:47,0,0,0,0,0,1
4/9/2026,19:49:52,0,0,0,0,0,1
4/9/2026,19:49:57,0,0,0,0,0,1
4/9/2026,19:50:02,0,0,0,0,0,1
4/9/2026,19:50:07,0,0,0,0,0,1
4/9/2026,19:50:08,0,0,0,0,0,0
4/9/2026,19:50:12,0,0,0,0,0,1
4/9/2026,19:50:17,0,0,0,0,0,1
4/9/2026,19:50:22,0,0,0,0,0,1
4/9/2026,19:50:27,0,0,0,0,0,1
4/9/2026,19:50:32,0,0,0,0,0,1
4/9/2026,19:50:37,0,0,0,0,0,1
4/9/2026,19:50:42,0,0,0,0,0,1
4/9/2026,19:50:47,0,0,0,0,0,1
4/9/2026,19:50:52,0,0,0,0,0,1
4/9/2026,19:50:57,0,0,0,0,0,1
4/9/2026,19:51:02,0,0,0,0,0,1
4/9/2026,19:51:07,0,0,0,0,0,1
4/9/2026,19:51:08,0,0,0,0,0,0
4/9/2026,19:51:12,0,0,0,0,0,1
4/9/2026,19:51:17,0,0,0,0,0,1
4/9/2026,19:51:22,0,0,0,0,0,1
4/9/2026,19:51:27,0,0,0,0,0,1
4/9/2026,19:51:32,0,0,0,0,0,1
4/9/2026,19:51:37,0,0,0,0,0,1
4/9/2026,19:51:42,0,0,0,0,0,1
4/9/2026,19:51:47,0,0,0,0,0,1
4/9/2026,19:51:52,0,0,0,0,0,1
4/9/2026,19:51:57,0,0,0,0,0,1
4/9/2026,19:52:02,0,0,0,0,0,1
4/9/2026,19:52:07,0,0,0,0,0,1
4/9/2026,19:52:08,0,0,0,0,0,0
4/9/2026,19:52:12,0,0,0,0,0,1
4/9/2026,19:52:17,0,0,0,0,0,1
4/9/2026,19:52:22,0,0,0,0,0,1
4/9/2026,19:52:27,0,0,0,0,0,1
4/9/2026,19:52:32,0,0,0,0,0,1
4/9/2026,19:52:45,0,0,0,0,0,1
4/9/2026,19:52:50,0,0,0,0,0,1
4/9/2026,19:52:55,0,0,0,0,0,1
4/9/2026,19:53:00,0,0,0,0,0,1
4/9/2026,19:53:05,0,0,0,0,0,1
4/9/2026,19:53:08,0,0,0,0,0,0
4/9/2026,19:53:10,0,0,0,0,0,1
4/9/2026,19:53:15,0,0,0,0,0,1
4/9/2026,19:53:20,0,0,0,0,0,1
4/9/2026,19:53:25,0,0,0,0,0,1
4/9/2026,19:53:30,0,0,0,0,0,1
4/9/2026,19:53:35,0,0,0,0,0,1
4/9/2026,19:53:40,0,0,0,0,0,1
4/9/2026,19:53:45,0,0,0,0,0,1
4/9/2026,19:53:50,0,0,0,0,0,1
4/9/2026,19:53:55,0,0,0,0,0,1
4/9/2026,19:54:00,0,0,0,0,0,1
4/9/2026,19:54:05,0,0,0,0,0,1
4/9/2026,19:54:08,0,0,0,0,0,0
4/9/2026,19:54:10,0,0,0,0,0,1
4/9/2026,19:54:15,0,0,0,0,0,1
4/9/2026,19:54:20,0,0,0,0,0,1
4/9/2026,19:54:25,0,0,0,0,0,1
4/9/2026,19:54:30,0,0,0,0,0,1
4/9/2026,19:54:35,0,0,0,0,0,1
4/9/2026,19:54:40,0,0,0,0,0,1
4/9/2026,19:54:45,0,0,0,0,0,1
4/9/2026,19:54:50,0,0,0,0,0,1
4/9/2026,19:54:55,0,0,0,0,0,1
4/9/2026,19:55:00,0,0,0,0,0,1
4/9/2026,19:55:05,0,0,0,0,0,1
4/9/2026,19:55:08,0,0,0,0,0,0
4/9/2026,19:55:10,0,0,0,0,0,1
4/9/2026,19:55:15,0,0,0,0,0,1
4/9/2026,19:55:20,0,0,0,0,0,1
4/9/2026,19:55:25,0,0,0,0,0,1
4/9/2026,19:55:30,0,0,0,0,0,1
4/9/2026,19:55:35,0,0,0,0,0,1
4/9/2026,19:55:40,0,0,0,0,0,1
4/9/2026,19:55:45,0,0,0,0,0,1
4/9/2026,19:55:50,0,0,0,0,0,1
4/9/2026,19:55:55,0,0,0,0,0,1
4/9/2026,19:56:00,0,0,0,0,0,1
4/9/2026,19:56:05,0,0,0,0,0,1
4/9/2026,19:56:08,0,0,0,0,0,0
4/9/2026,19:56:10,0,0,0,0,0,1
4/9/2026,19:56:15,0,0,0,0,0,1
4/9/2026,19:56:20,0,0,0,0,0,1
4/9/2026,19:56:25,0,0,0,0,0,1
4/9/2026,19:56:30,0,0,0,0,0,1
4/9/2026,19:56:35,0,0,0,0,0,1
4/9/2026,19:56:40,0,0,0,0,0,1
4/9/2026,19:56:45,0,0,0,0,0,1
4/9/2026,19:56:50,0,0,0,0,0,1
4/9/2026,19:56:55,0,0,0,0,0,1
4/9/2026,19:57:00,0,0,0,0,0,1
4/9/2026,19:57:05,0,0,0,0,0,1
4/9/2026,19:57:08,0,0,0,0,0,0
4/9/2026,19:57:10,0,0,0,0,0,1
4/9/2026,19:57:15,0,0,0,0,0,1
4/9/2026,19:57:20,0,0,0,0,0,1
4/9/2026,19:57:25,0,0,0,0,0,1
4/9/2026,19:57:30,0,0,0,0,0,1
4/9/2026,19:57:35,0,0,0,0,0,1
4/9/2026,19:57:40,0,0,0,0,0,1
4/9/2026,19:57:45,0,0,0,0,0,1
4/9/2026,19:57:50,0,0,0,0,0,1
4/9/2026,19:57:55,0,0,0,0,0,1
4/9/2026,19:58:00,0,0,0,0,0,1
4/9/2026,19:58:05,0,0,0,0,0,1
4/9/2026,19:58:08,0,0,0,0,0,0
4/9/2026,19:58:10,0,0,0,0,0,1
4/9/2026,19:58:15,0,0,0,0,0,1
4/9/2026,19:58:20,0,0,0,0,0,1
4/9/2026,19:58:25,0,0,0,0,0,1
4/9/2026,19:58:30,0,0,0,0,0,1
4/9/2026,19:58:35,0,0,0,0,0,1
4/9/2026,19:58:40,0,0,0,0,0,1
4/9/2026,19:58:45,0,0,0,0,0,1
4/9/2026,19:58:50,0,0,0,0,0,1
4/9/2026,19:58:55,0,0,0,0,0,1
4/9/2026,19:59:00,0,0,0,0,0,1
4/9/2026,19:59:05,0,0,0,0,0,1
4/9/2026,19:59:08,0,0,0,0,0,0
4/9/2026,19:59:10,0,0,0,0,0,1
4/9/2026,19:59:15,0,0,0,0,0,1
4/9/2026,19:59:20,0,0,0,0,0,1
4/9/2026,19:59:25,0,0,0,0,0,1
4/9/2026,19:59:30,0,0,0,0,0,1
4/9/2026,19:59:35,0,0,0,0,0,1
4/9/2026,19:59:40,0,0,0,0,0,1
4/9/2026,19:59:45,0,0,0,0,0,1
4/9/2026,19:59:50,0,0,0,0,0,1
4/9/2026,19:59:55,0,0,0,0,0,1
4/9/2026,20:00:00,0,0,0,0,0,1
4/9/2026,20:00:05,0,0,0,0,0,1
4/9/2026,20:00:08,0,0,0,0,0,0
4/9/2026,20:00:10,0,0,0,0,0,1
4/9/2026,20:00:15,0,0,0,0,0,1
4/9/2026,20:00:20,0,0,0,0,0,1
4/9/2026,20:00:25,0,0,0,0,0,1
4/9/2026,20:00:30,0,0,0,0,0,1
4/9/2026,20:00:35,0,0,0,0,0,1
4/9/2026,20:00:40,0,0,0,0,0,1
4/9/2026,20:00:45,0,0,0,0,0,1
4/9/2026,20:00:50,0,0,0,0,0,1
4/9/2026,20:00:55,0,0,0,0,0,1
4/9/2026,20:01:00,0,0,0,0,0,1
4/9/2026,20:01:05,0,0,0,0,0,1
4/9/2026,20:01:08,0,0,0,0,0,0
4/9/2026,20:01:10,0,0,0,0,0,1
4/9/2026,20:01:15,0,0,0,0,0,1
4/9/2026,20:01:20,0,0,0,0,0,1
4/9/2026,20:01:25,0,0,0,0,0,1
4/9/2026,20:01:30,0,0,0,0,0,1
4/9/2026,20:01:35,0,0,0,0,0,1
4/9/2026,20:01:40,0,0,0,0,0,1
4/9/2026,20:01:45,0,0,0,0,0,1
4/9/2026,20:01:50,0,0,0,0,0,1
4/9/2026,20:01:55,0,0,0,0,0,1
4/9/2026,20:02:00,0,0,0,0,0,1
4/9/2026,20:02:05,0,0,0,0,0,1
4/9/2026,20:02:08,0,0,0,0,0,0
4/9/2026,20:02:10,0,0,0,0,0,1
4/9/2026,20:02:15,0,0,0,0,0,1
4/9/2026,20:02:20,0,0,0,0,0,1
4/9/2026,20:02:25,0,0,0,0,0,1
4/9/2026,20:02:30,0,0,0,0,0,1
4/9/2026,20:02:35,0,0,0,0,0,1
4/9/2026,20:02:40,0,0,0,0,0,1
4/9/2026,20:02:45,0,0,0,0,0,1
4/9/2026,20:02:50,0,0,0,0,0,1
4/9/2026,20:02:55,0,0,0,0,0,1
4/9/2026,20:03:00,0,0,0,0,0,1
4/9/2026,20:03:05,0,0,0,0,0,1
4/9/2026,20:03:08,0,0,0,0,0,0
4/9/2026,20:03:10,0,0,0,0,0,1
4/9/2026,20:03:15,0,0,0,0,0,1
4/9/2026,20:03:20,0,0,0,0,0,1
4/9/2026,20:03:25,0,0,0,0,0,1
4/9/2026,20:03:30,0,0,0,0,0,1
4/9/2026,20:03:35,0,0,0,0,0,1
4/9/2026,20:03:40,0,0,0,0,0,1
4/9/2026,20:03:45,0,0,0,0,0,1
4/9/2026,20:03:50,0,0,0,0,0,1
4/9/2026,20:03:55,0,0,0,0,0,1
4/9/2026,20:04:00,0,0,0,0,0,1
4/9/2026,20:04:05,0,0,0,0,0,1
4/9/2026,20:04:08,0,0,0,0,0,0
4/9/2026,20:04:10,0,0,0,0,0,1
4/9/2026,20:04:15,0,0,0,0,0,1
4/9/2026,20:04:20,0,0,0,0,0,1
4/9/2026,20:04:25,0,0,0,0,0,1
4/9/2026,20:04:30,0,0,0,0,0,1
4/9/2026,20:04:35,0,0,0,0,0,1
4/9/2026,20:04:40,0,0,0,0,0,1
4/9/2026,20:04:45,0,0,0,0,0,1
4/9/2026,20:04:50,0,0,0,0,0,1
4/9/2026,20:04:55,0,0,0,0,0,1
4/9/2026,20:05:00,0,0,0,0,0,1
4/9/2026,20:05:05,0,0,0,0,0,1
4/9/2026,20:05:08,0,0,0,0,0,0
4/9/2026,20:05:10,0,0,0,0,0,1
4/9/2026,20:05:15,0,0,0,0,0,1
4/9/2026,20:05:20,0,0,0,0,0,1
4/9/2026,20:05:25,0,0,0,0,0,1
4/9/2026,20:05:30,0,0,0,0,0,1
4/9/2026,20:05:35,0,0,0,0,0,1
4/9/2026,20:05:40,0,0,0,0,0,1
4/9/2026,20:05:45,0,0,0,0,0,1
4/9/2026,20:05:50,0,0,0,0,0,1
4/9/2026,20:05:55,0,0,0,0,0,1
4/9/2026,20:06:00,0,0,0,0,0,1
4/9/2026,20:06:05,0,0,0,0,0,1
4/9/2026,20:06:08,0,0,0,0,0,0
4/9/2026,20:06:10,0,0,0,0,0,1
4/9/2026,20:06:15,0,0,0,0,0,1
4/9/2026,20:06:20,0,0,0,0,0,1
4/9/2026,20:06:25,0,0,0,0,0,1
4/9/2026,20:06:30,0,0,0,0,0,1
4/9/2026,20:06:35,0,0,0,0,0,1
4/9/2026,20:06:40,0,0,0,0,0,1
4/9/2026,20:06:45,0,0,0,0,0,1
4/9/2026,20:06:50,0,0,0,0,0,1
4/9/2026,20:06:55,0,0,0,0,0,1
4/9/2026,20:07:00,0,0,0,0,0,1
4/9/2026,20:07:05,0,0,0,0,0,1
4/9/2026,20:07:08,0,0,0,0,0,0
4/9/2026,20:07:10,0,0,0,0,0,1
4/9/2026,20:07:15,0,0,0,0,0,1
4/9/2026,20:07:20,0,0,0,0,0,1
4/9/2026,20:07:25,0,0,0,0,0,1
4/9/2026,20:07:30,0,0,0,0,0,1
4/9/2026,20:07:35,0,0,0,0,0,1
4/9/2026,20:07:40,0,0,0,0,0,1
4/9/2026,20:07:45,0,0,0,0,0,1
4/9/2026,20:07:50,0,0,0,0,0,1
4/9/2026,20:07:55,0,0,0,0,0,1
4/9/2026,20:08:00,0,0,0,0,0,1
4/9/2026,20:08:05,0,0,0,0,0,1
4/9/2026,20:08:08,0,0,0,0,0,0
4/9/2026,20:08:10,0,0,0,0,0,1
4/9/2026,20:08:15,0,0,0,0,0,1
4/9/2026,20:08:20,0,0,0,0,0,1
4/9/2026,20:08:25,0,0,0,0,0,1
4/9/2026,20:08:30,0,0,0,0,0,1
4/9/2026,20:08:35,0,0,0,0,0,1
4/9/2026,20:08:40,0,0,0,0,0,1
4/9/2026,20:08:45,0,0,0,0,0,1
4/9/2026,20:08:50,0,0,0,0,0,1
4/9/2026,20:08:55,0,0,0,0,0,1
4/9/2026,20:09:00,0,0,0,0,0,1
4/9/2026,20:09:05,0,0,0,0,0,1
4/9/2026,20:09:08,0,0,0,0,0,0
4/9/2026,20:09:10,0,0,0,0,0,1
4/9/2026,20:09:15,0,0,0,0,0,1
4/9/2026,20:09:20,0,0,0,0,0,1
4/9/2026,20:09:25,0,0,0,0,0,1
4/9/2026,20:09:30,0,0,0,0,0,1
4/9/2026,20:09:35,0,0,0,0,0,1
4/9/2026,20:09:40,0,0,0,0,0,1
4/9/2026,20:09:45,0,0,0,0,0,1
4/9/2026,20:09:50,0,0,0,0,0,1
4/9/2026,20:09:55,0,0,0,0,0,1
4/9/2026,20:10:00,0,0,0,0,0,1
4/9/2026,20:10:05,0,0,0,0,0,1
4/9/2026,20:10:08,0,0,0,0,0,0
4/9/2026,20:10:10,0,0,0,0,0,1
4/9/2026,20:10:15,0,0,0,0,0,1
4/9/2026,20:10:20,0,0,0,0,0,1
4/9/2026,20:10:25,0,0,0,0,0,1
4/9/2026,20:10:30,0,0,0,0,0,1
4/9/2026,20:10:35,0,0,0,0,0,1
4/9/2026,20:10:40,0,0,0,0,0,1
4/9/2026,20:10:45,0,0,0,0,0,1
4/9/2026,20:10:50,0,0,0,0,0,1
4/9/2026,20:10:55,0,0,0,0,0,1
4/9/2026,20:11:00,0,0,0,0,0,1
4/9/2026,20:11:05,0,0,0,0,0,1
4/9/2026,20:11:08,0,0,0,0,0,0
4/9/2026,20:11:10,0,0,0,0,0,1
4/9/2026,20:11:15,0,0,0,0,0,1
4/9/2026,20:11:20,0,0,0,0,0,1
4/9/2026,20:11:25,0,0,0,0,0,1
4/9/2026,20:11:30,0,0,0,0,0,1
4/9/2026,20:11:35,0,0,0,0,0,1
4/9/2026,20:11:40,0,0,0,0,0,1
4/9/2026,20:11:45,0,0,0,0,0,1
4/9/2026,20:11:50,0,0,0,0,0,1
4/9/2026,20:11:55,0,0,0,0,0,1
4/9/2026,20:12:00,0,0,0,0,0,1
4/9/2026,20:12:05,0,0,0,0,0,1
4/9/2026,20:12:08,0,0,0,0,0,0
4/9/2026,20:12:10,0,0,0,0,0,1
4/9/2026,20:12:15,0,0,0,0,0,1
4/9/2026,20:12:20,0,0,0,0,0,1
4/9/2026,20:12:25,0,0,0,0,0,1
4/9/2026,20:12:30,0,0,0,0,0,1
4/9/2026,20:12:35,0,0,0,0,0,1
4/9/2026,20:12:40,0,0,0,0,0,1
4/9/2026,20:12:45,0,0,0,0,0,1
4/9/2026,20:12:50,0,0,0,0,0,1
4/9/2026,20:12:55,0,0,0,0,0,1
4/9/2026,20:13:00,0,0,0,0,0,1
4/9/2026,20:13:05,0,0,0,0,0,1
4/9/2026,20:13:08,0,0,0,0,0,0
4/9/2026,20:13:10,0,0,0,0,0,1
4/9/2026,20:13:15,0,0,0,0,0,1
4/9/2026,20:13:20,0,0,0,0,0,1
4/9/2026,20:13:25,0,0,0,0,0,1
4/9/2026,20:13:30,0,0,0,0,0,1
4/9/2026,20:13:35,0,0,0,0,0,1
4/9/2026,20:13:40,0,0,0,0,0,1
4/9/2026,20:13:45,0,0,0,0,0,1
4/9/2026,20:13:50,0,0,0,0,0,1
4/9/2026,20:13:55,0,0,0,0,0,1
4/9/2026,20:14:00,0,0,0,0,0,1
4/9/2026,20:14:05,0,0,0,0,0,1
4/9/2026,20:14:08,0,0,0,0,0,0
4/9/2026,20:14:10,0,0,0,0,0,1
4/9/2026,20:14:15,0,0,0,0,0,1
4/9/2026,20:14:20,0,0,0,0,0,1
4/9/2026,20:14:25,0,0,0,0,0,1
4/9/2026,20:14:30,0,0,0,0,0,1
4/9/2026,20:14:35,0,0,0,0,0,1
4/9/2026,20:14:40,0,0,0,0,0,1
4/9/2026,20:14:45,0,0,0,0,0,1
4/9/2026,20:14:50,0,0,0,0,0,1
4/9/2026,20:14:55,0,1,0,0,0,1
4/9/2026,20:15:00,0,0,0,0,0,1
4/9/2026,20:15:05,0,0,0,0,0,1
4/9/2026,20:15:08,0,0,0,0,0,0
4/9/2026,20:15:10,0,0,0,0,0,1
4/9/2026,20:15:15,0,0,0,0,0,1
4/9/2026,20:15:20,0,0,0,0,0,1
4/9/2026,20:15:25,0,0,0,0,0,1
4/9/2026,20:15:30,0,0,0,0,0,1
4/9/2026,20:15:35,0,0,0,0,0,1
4/9/2026,20:15:40,0,0,0,0,0,1
4/9/2026,20:15:45,0,0,0,0,0,1
4/9/2026,20:15:50,0,0,0,0,0,1
4/9/2026,20:15:55,0,0,0,0,0,1
4/9/2026,20:16:00,0,0,0,0,0,1
4/9/2026,20:16:05,0,0,0,0,0,1
4/9/2026,20:16:08,0,0,0,0,0,0
4/9/2026,20:16:10,0,0,0,0,0,1
4/9/2026,20:16:15,0,0,0,0,0,1
4/9/2026,20:16:20,0,0,0,0,0,1
4/9/2026,20:16:25,0,0,0,0,0,1
4/9/2026,20:16:30,0,0,0,0,0,1
4/9/2026,20:16:35,0,0,0,0,0,1
4/9/2026,20:16:40,0,0,0,0,0,1
4/9/2026,20:16:45,0,0,0,0,0,1
4/9/2026,20:16:50,0,0,0,0,0,1
4/9/2026,20:16:55,0,0,0,0,0,1
4/9/2026,20:17:00,0,0,0,0,0,1
4/9/2026,20:17:05,0,0,0,0,0,1
4/9/2026,20:17:08,0,0,0,0,0,0
4/9/2026,20:17:10,0,0,0,0,0,1
4/9/2026,20:17:15,0,0,0,0,0,1
4/9/2026,20:17:20,0,0,0,0,0,1
4/9/2026,20:17:25,0,0,0,0,0,1
4/9/2026,20:17:30,0,0,0,0,0,1
4/9/2026,20:17:35,0,0,0,0,0,1
4/9/2026,20:17:40,0,0,0,0,0,1
4/9/2026,20:17:45,0,0,0,0,0,1
4/9/2026,20:17:50,0,0,0,0,0,1
4/9/2026,20:17:55,0,0,0,0,0,1
4/9/2026,20:18:00,0,0,0,0,0,1
4/9/2026,20:18:05,0,0,0,0,0,1
4/9/2026,20:18:08,0,0,0,0,0,0
4/9/2026,20:18:10,0,0,0,0,0,1
4/9/2026,20:18:15,0,0,0,0,0,1
4/9/2026,20:18:20,0,0,0,0,0,1
4/9/2026,20:18:25,0,0,0,0,0,1
4/9/2026,20:18:30,0,0,0,0,0,1
4/9/2026,20:18:35,0,0,0,0,0,1
4/9/2026,20:18:40,0,0,0,0,0,1
4/9/2026,20:18:45,0,0,0,0,0,1
4/9/2026,20:18:50,0,0,0,0,0,1
4/9/2026,20:18:55,0,0,0,0,0,1
4/9/2026,20:19:00,0,0,0,0,0,1
4/9/2026,20:19:05,0,0,0,0,0,1
4/9/2026,20:19:08,0,0,0,0,0,0
4/9/2026,20:19:10,0,0,0,0,0,1
4/9/2026,20:19:15,0,0,0,0,0,1
4/9/2026,20:19:20,0,0,0,0,0,1
4/9/2026,20:19:25,0,0,0,0,0,1
4/9/2026,20:19:30,0,0,0,0,0,1
4/9/2026,20:19:35,0,0,0,0,0,1
4/9/2026,20:19:40,0,0,0,0,0,1
4/9/2026,20:19:45,0,0,0,0,0,1
4/9/2026,20:19:50,0,0,0,0,0,1
4/9/2026,20:19:55,0,0,0,0,0,1
4/9/2026,20:20:00,0,0,0,0,0,1
4/9/2026,20:20:05,0,0,0,0,0,1
4/9/2026,20:20:08,0,0,0,0,0,0
4/9/2026,20:20:10,0,0,0,0,0,1
4/9/2026,20:20:15,0,0,0,0,0,1
4/9/2026,20:20:20,0,0,0,0,0,1
4/9/2026,20:20:25,0,0,0,0,0,1
4/9/2026,20:20:30,0,0,0,0,0,1
4/9/2026,20:20:35,0,0,0,0,0,1
4/9/2026,20:20:40,0,0,0,0,0,1
4/9/2026,20:20:45,0,0,0,0,0,1
4/9/2026,20:20:50,0,0,0,0,0,1
4/9/2026,20:20:55,0,0,0,0,0,1
4/9/2026,20:21:00,0,0,0,0,0,1
4/9/2026,20:21:05,0,0,0,0,0,1
4/9/2026,20:21:08,0,0,0,0,0,0
4/9/2026,20:21:10,0,0,0,0,0,1
4/9/2026,20:21:15,0,0,0,0,0,1
4/9/2026,20:21:20,0,0,0,0,0,1
4/9/2026,20:21:25,0,0,0,0,0,1
4/9/2026,20:21:30,0,0,0,0,0,1
4/9/2026,20:21:35,0,0,0,0,0,1
4/9/2026,20:21:40,0,0,0,0,0,1
4/9/2026,20:21:45,0,0,0,0,0,1
4/9/2026,20:21:50,0,0,0,0,0,1
4/9/2026,20:21:55,0,0,0,0,0,1
4/9/2026,20:22:00,0,0,0,0,0,1
4/9/2026,20:22:05,0,0,0,0,0,1
4/9/2026,20:22:08,0,0,0,0,0,0
4/9/2026,20:22:10,0,0,0,0,0,1
4/9/2026,20:22:15,0,0,0,0,0,1
4/9/2026,20:22:20,0,0,0,0,0,1
4/9/2026,20:22:25,0,0,0,0,0,1
4/9/2026,20:22:30,0,0,0,0,0,1
4/9/2026,20:22:35,0,0,0,0,0,1
4/9/2026,20:22:40,0,0,0,0,0,1
4/9/2026,20:22:45,0,0,0,0,0,1
4/9/2026,20:22:50,0,0,0,0,0,1
4/9/2026,20:22:55,0,0,0,0,0,1
4/9/2026,20:23:00,0,0,0,0,0,1
4/9/2026,20:23:05,0,0,0,0,0,1
4/9/2026,20:23:08,0,0,0,0,0,0
4/9/2026,20:23:10,0,0,0,0,0,1
4/9/2026,20:23:15,0,0,0,0,0,1
4/9/2026,20:23:20,0,0,0,0,0,1
4/9/2026,20:23:25,0,0,0,0,0,1
4/9/2026,20:23:30,0,0,0,0,0,1
4/9/2026,20:23:35,0,0,0,0,0,1
4/9/2026,20:23:40,0,0,0,0,0,1
4/9/2026,20:23:45,0,0,0,0,0,1
4/9/2026,20:23:50,0,0,0,0,0,1
4/9/2026,20:23:55,0,0,0,0,0,1
4/9/2026,20:24:00,0,0,0,0,0,1
4/9/2026,20:24:05,0,0,0,0,0,1
4/9/2026,20:24:08,0,0,0,0,0,0
4/9/2026,20:24:10,0,0,0,0,0,1
4/9/2026,20:24:15,0,0,0,0,0,1
4/9/2026,20:24:20,0,0,0,0,0,1
4/9/2026,20:24:25,0,0,0,0,0,1
4/9/2026,20:24:30,0,0,0,0,0,1
4/9/2026,20:24:35,0,0,0,0,0,1
4/9/2026,20:24:40,0,0,0,0,0,1
4/9/2026,20:24:45,0,0,0,0,0,1
4/9/2026,20:24:50,0,0,0,0,0,1
4/9/2026,20:24:55,0,0,0,0,0,1
4/9/2026,20:25:00,0,0,0,0,0,1
4/9/2026,20:25:05,0,0,0,0,0,1
4/9/2026,20:25:08,0,0,0,0,0,0
4/9/2026,20:25:10,0,0,0,0,0,1
4/9/2026,20:25:15,0,0,0,0,0,1
4/9/2026,20:25:20,0,0,0,0,0,1
4/9/2026,20:25:25,0,0,0,0,0,1
4/9/2026,20:25:30,0,0,0,0,0,1
4/9/2026,20:25:35,0,0,0,0,0,1
4/9/2026,20:25:40,0,0,0,0,0,1
4/9/2026,20:25:45,0,0,0,0,0,1
4/9/2026,20:25:50,0,0,0,0,0,1
4/9/2026,20:25:55,0,0,0,0,0,1
4/9/2026,20:26:00,0,0,0,0,0,1
4/9/2026,20:26:05,0,0,0,0,0,1
4/9/2026,20:26:08,0,0,0,0,0,0
4/9/2026,20:26:10,0,0,0,0,0,1
4/9/2026,20:26:15,0,0,0,0,0,1
4/9/2026,20:26:20,0,0,0,0,0,1
4/9/2026,20:26:25,0,0,0,0,0,1
4/9/2026,20:26:30,0,0,0,0,0,1
4/9/2026,20:26:35,0,0,0,0,0,1
4/9/2026,20:26:40,0,0,0,0,0,1
4/9/2026,20:26:45,0,0,0,0,0,1
4/9/2026,20:26:50,0,0,0,0,0,1
4/9/2026,20:26:55,0,0,0,0,0,1
4/9/2026,20:27:00,0,0,0,0,0,1
4/9/2026,20:27:05,0,0,0,0,0,1
4/9/2026,20:27:08,0,0,0,0,0,0
4/9/2026,20:27:10,0,0,0,0,0,1
4/9/2026,20:27:15,0,0,0,0,0,1
4/9/2026,20:27:20,0,0,0,0,0,1
4/9/2026,20:27:25,0,0,0,0,0,1
4/9/2026,20:27:30,0,0,0,0,0,1
4/9/2026,20:27:35,0,0,0,0,0,1
4/9/2026,20:27:40,0,0,0,0,0,1
4/9/2026,20:27:45,0,0,0,0,0,1
4/9/2026,20:27:50,0,0,0,0,0,1
4/9/2026,20:27:55,0,0,0,0,0,1
4/9/2026,20:28:00,0,0,0,0,0,1
4/9/2026,20:28:05,0,0,0,0,0,1
4/9/2026,20:28:08,0,0,0,0,0,0
4/9/2026,20:28:10,0,0,0,0,0,1
4/9/2026,20:28:15,0,0,0,0,0,1
4/9/2026,20:28:20,0,0,0,0,0,1
4/9/2026,20:28:25,0,0,0,0,0,1
4/9/2026,20:28:30,0,0,0,0,0,1
4/9/2026,20:28:35,0,0,0,0,0,1
4/9/2026,20:28:40,0,0,0,0,0,1
4/9/2026,20:28:45,0,0,0,0,0,1
4/9/2026,20:28:50,0,0,0,0,0,1
4/9/2026,20:28:55,0,0,0,0,0,1
4/9/2026,20:29:00,0,0,0,0,0,1
4/9/2026,20:29:05,0,0,0,0,0,1
4/9/2026,20:29:08,0,0,0,0,0,0
4/9/2026,20:29:10,0,0,0,0,0,1
4/9/2026,20:29:15,0,0,0,0,0,1
4/9/2026,20:29:20,0,0,0,0,0,1
4/9/2026,20:29:25,0,0,0,0,0,1
4/9/2026,20:29:38,0,0,0,0,0,1
4/9/2026,20:29:43,0,0,0,0,0,1
4/9/2026,20:29:48,0,0,0,0,0,1
4/9/2026,20:29:53,0,0,0,0,0,1
4/9/2026,20:29:58,0,0,0,0,0,1
4/9/2026,20:30:03,0,0,0,0,0,1
4/9/2026,20:30:08,0,0,0,0,0,0
4/9/2026,20:30:16,0,0,0,0,0,1
4/9/2026,20:30:21,0,0,0,0,0,1
4/9/2026,20:30:26,0,0,0,0,0,1
4/9/2026,20:30:31,0,0,0,0,0,1
4/9/2026,20:30:36,0,0,0,0,0,1
4/9/2026,20:30:41,0,0,0,0,0,1
4/9/2026,20:30:46,0,0,0,0,0,1
4/9/2026,20:30:51,0,0,0,0,0,1
4/9/2026,20:30:56,0,0,0,0,0,1
4/9/2026,20:31:01,0,0,0,0,0,1
4/9/2026,20:31:06,0,0,0,0,0,1
4/9/2026,20:31:08,0,0,0,0,0,0
4/9/2026,20:31:11,0,0,0,0,0,1
4/9/2026,20:31:16,0,0,0,0,0,1
4/9/2026,20:31:21,0,0,0,0,0,1
4/9/2026,20:31:26,0,0,0,0,0,1
4/9/2026,20:31:31,0,0,0,0,0,1
4/9/2026,20:31:36,0,0,0,0,0,1
4/9/2026,20:31:41,0,0,0,0,0,1
4/9/2026,20:31:46,0,0,0,0,0,1
4/9/2026,20:31:51,0,0,0,0,0,1
4/9/2026,20:31:56,0,0,0,0,0,1
4/9/2026,20:32:01,0,0,0,0,0,1
4/9/2026,20:32:06,0,0,0,0,0,1
4/9/2026,20:32:08,0,0,0,0,0,0
4/9/2026,20:32:11,0,0,0,0,0,1
4/9/2026,20:32:16,0,0,0,0,0,1
4/9/2026,20:32:21,0,0,0,0,0,1
4/9/2026,20:32:26,0,0,0,0,0,1
4/9/2026,20:32:31,0,0,0,0,0,1
4/9/2026,20:32:36,0,0,0,0,0,1
4/9/2026,20:32:41,0,0,0,0,0,1
4/9/2026,20:32:46,0,0,0,0,0,1
4/9/2026,20:32:51,0,0,0,0,0,1
4/9/2026,20:32:56,0,0,0,0,0,1
4/9/2026,20:33:01,0,0,0,0,0,1
4/9/2026,20:33:06,0,0,0,0,0,1
4/9/2026,20:33:08,0,0,0,0,0,0
4/9/2026,20:33:11,0,0,0,0,0,1
4/9/2026,20:33:16,0,0,0,0,0,1
4/9/2026,20:33:21,0,0,0,0,0,1
4/9/2026,20:33:34,0,0,0,0,0,1
4/9/2026,20:33:39,0,0,0,0,0,1
4/9/2026,20:33:44,0,0,0,0,0,1
4/9/2026,20:33:49,0,0,0,0,0,1
4/9/2026,20:33:54,0,0,0,0,0,1
4/9/2026,20:33:59,0,0,0,0,0,1
4/9/2026,20:34:04,0,0,0,0,0,1
4/9/2026,20:34:08,0,0,0,0,0,0
4/9/2026,20:34:09,0,0,0,0,0,1
4/9/2026,20:34:14,0,0,0,0,0,1
4/9/2026,20:34:19,0,0,0,0,0,1
4/9/2026,20:34:24,0,0,0,0,0,1
4/9/2026,20:34:29,0,0,0,0,0,1
4/9/2026,20:34:34,0,0,0,0,0,1
4/9/2026,20:34:39,0,0,0,0,0,1
4/9/2026,20:34:44,0,0,0,0,0,1
4/9/2026,20:34:49,0,0,0,0,0,1
4/9/2026,20:34:54,0,0,0,0,0,1
4/9/2026,20:34:59,0,0,0,0,0,1
4/9/2026,20:35:04,0,0,0,0,0,1
4/9/2026,20:35:08,0,0,0,0,0,0
4/9/2026,20:35:09,0,0,0,0,0,1
4/9/2026,20:35:14,0,0,0,0,0,1
4/9/2026,20:35:19,0,0,0,0,0,1
4/9/2026,20:35:24,0,0,0,0,0,1
4/9/2026,20:35:29,0,0,0,0,0,1
4/9/2026,20:35:34,0,0,0,0,0,1
4/9/2026,20:35:39,0,0,0,0,0,1
4/9/2026,20:35:44,0,0,0,0,0,1
4/9/2026,20:35:49,0,0,0,0,0,1
4/9/2026,20:35:54,0,0,0,0,0,1
4/9/2026,20:35:59,0,0,0,0,0,1
4/9/2026,20:36:04,0,0,0,0,0,1
4/9/2026,20:36:08,0,0,0,0,0,0
4/9/2026,20:36:09,0,0,0,0,0,1
4/9/2026,20:36:14,0,0,0,0,0,1
4/9/2026,20:36:19,0,0,0,0,0,1
4/9/2026,20:36:24,0,0,0,0,0,1
4/9/2026,20:36:29,0,0,0,0,0,1
4/9/2026,20:36:34,0,0,0,0,0,1
4/9/2026,20:36:39,0,0,0,0,0,1
4/9/2026,20:36:44,0,0,0,0,0,1
4/9/2026,20:36:49,0,0,0,0,0,1
4/9/2026,20:36:54,0,0,0,0,0,1
4/9/2026,20:36:59,0,0,0,0,0,1
4/9/2026,20:37:04,0,0,0,0,0,1
4/9/2026,20:37:08,0,0,0,0,0,0
4/9/2026,20:37:09,0,0,0,0,0,1
4/9/2026,20:37:14,0,0,0,0,0,1
4/9/2026,20:37:19,0,0,0,0,0,1
4/9/2026,20:37:24,0,0,0,0,0,1
4/9/2026,20:37:29,0,0,0,0,0,1
4/9/2026,20:37:34,0,0,0,0,0,1
4/9/2026,20:37:39,0,0,0,0,0,1
4/9/2026,20:37:44,0,0,0,0,0,1
4/9/2026,20:37:49,0,0,0,0,0,1
4/9/2026,20:37:54,0,0,0,0,0,1
4/9/2026,20:37:59,0,0,0,0,0,1
4/9/2026,20:38:04,0,0,0,0,0,1
4/9/2026,20:38:08,0,0,0,0,0,0
4/9/2026,20:38:09,0,0,0,0,0,1
4/9/2026,20:38:14,0,0,0,0,0,1
4/9/2026,20:38:19,0,0,0,0,0,1
4/9/2026,20:38:24,0,0,0,0,0,1
4/9/2026,20:38:29,0,0,0,0,0,1
4/9/2026,20:38:34,0,0,0,0,0,1
4/9/2026,20:38:39,0,0,0,0,0,1
4/9/2026,20:38:44,0,0,0,0,0,1
4/9/2026,20:38:49,0,0,0,0,0,1
4/9/2026,20:38:54,0,0,0,0,0,1
4/9/2026,20:38:59,0,0,0,0,0,1
4/9/2026,20:39:04,0,0,0,0,0,1
4/9/2026,20:39:08,0,0,0,0,0,0
4/9/2026,20:39:09,0,0,0,0,0,1
4/9/2026,20:39:14,0,0,0,0,0,1
4/9/2026,20:39:19,0,0,0,0,0,1
4/9/2026,20:39:24,0,0,0,0,0,1
4/9/2026,20:39:29,0,0,0,0,0,1
4/9/2026,20:39:34,0,0,0,0,0,1
4/9/2026,20:39:39,0,0,0,0,0,1
4/9/2026,20:39:44,0,0,0,0,0,1
4/9/2026,20:39:49,0,0,0,0,0,1
4/9/2026,20:39:54,0,0,0,0,0,1
4/9/2026,20:39:59,0,0,0,0,0,1
4/9/2026,20:40:04,0,0,0,0,0,1
4/9/2026,20:40:08,0,0,0,0,0,0
4/9/2026,20:40:09,0,0,0,0,0,1
4/9/2026,20:40:14,0,0,0,0,0,1
4/9/2026,20:40:19,0,0,0,0,0,1
4/9/2026,20:40:24,0,0,0,0,0,1
4/9/2026,20:40:29,0,0,0,0,0,1
4/9/2026,20:40:34,0,0,0,0,0,1
4/9/2026,20:40:39,0,0,0,0,0,1
4/9/2026,20:40:44,0,0,0,0,0,1
4/9/2026,20:40:49,0,0,0,0,0,1
4/9/2026,20:40:54,0,0,0,0,0,1
4/9/2026,20:40:59,0,0,0,0,0,1
4/9/2026,20:41:04,0,0,0,0,0,1
4/9/2026,20:41:08,0,0,0,0,0,0
4/9/2026,20:41:09,0,0,0,0,0,1
4/9/2026,20:41:14,0,0,0,0,0,1
4/9/2026,20:41:19,0,0,0,0,0,1
4/9/2026,20:41:24,0,0,0,0,0,1
4/9/2026,20:41:29,0,0,0,0,0,1
4/9/2026,20:41:34,0,0,0,0,0,1
4/9/2026,20:41:39,0,0,0,0,0,1
4/9/2026,20:41:44,0,0,0,0,0,1
4/9/2026,20:41:49,0,0,0,0,0,1
4/9/2026,20:41:54,0,0,0,0,0,1
4/9/2026,20:41:59,0,0,0,0,0,1
4/9/2026,20:42:04,0,0,0,0,0,1
4/9/2026,20:42:08,0,0,0,0,0,0
4/9/2026,20:42:09,0,0,0,0,0,1
4/9/2026,20:42:14,0,0,0,0,0,1
4/9/2026,20:42:19,0,0,0,0,0,1
4/9/2026,20:42:24,0,0,0,0,0,1
4/9/2026,20:42:29,0,0,0,0,0,1
4/9/2026,20:42:34,0,0,0,0,0,1
4/9/2026,20:42:39,0,0,0,0,0,1
4/9/2026,20:42:44,0,0,0,0,0,1
4/9/2026,20:42:49,0,0,0,0,0,1
4/9/2026,20:42:54,0,0,0,0,0,1
4/9/2026,20:42:59,0,0,0,0,0,1
4/9/2026,20:43:04,0,0,0,0,0,1
4/9/2026,20:43:08,0,0,0,0,0,0
4/9/2026,20:43:09,0,0,0,0,0,1
4/9/2026,20:43:14,0,0,0,0,0,1
4/9/2026,20:43:19,0,0,0,0,0,1
4/9/2026,20:43:24,0,0,0,0,0,1
4/9/2026,20:43:29,0,0,0,0,0,1
4/9/2026,20:43:34,0,0,0,0,0,1
4/9/2026,20:43:39,0,0,0,0,0,1
4/9/2026,20:43:44,0,0,0,0,0,1
4/9/2026,20:43:49,0,0,0,0,0,1
4/9/2026,20:43:54,0,0,0,0,0,1
4/9/2026,20:43:59,0,0,0,0,0,1
4/9/2026,20:44:04,0,0,0,0,0,1
4/9/2026,20:44:08,0,0,0,0,0,0
4/9/2026,20:44:09,0,0,0,0,0,1
4/9/2026,20:44:14,0,0,0,0,0,1
4/9/2026,20:44:19,0,0,0,0,0,1
4/9/2026,20:44:24,0,0,0,0,0,1
4/9/2026,20:44:29,0,0,0,0,0,1
4/9/2026,20:44:34,0,0,0,0,0,1
4/9/2026,20:44:39,0,0,0,0,0,1
4/9/2026,20:44:44,0,0,0,0,0,1
4/9/2026,20:44:49,0,0,0,0,0,1
4/9/2026,20:44:54,0,0,0,0,0,1
4/9/2026,20:44:59,0,0,0,0,0,1
4/9/2026,20:45:04,0,0,0,0,0,1
4/9/2026,20:45:08,0,0,0,0,0,0
4/9/2026,20:45:09,0,0,0,0,0,1
4/9/2026,20:45:14,0,0,0,0,0,1
4/9/2026,20:45:19,0,0,0,0,0,1
4/9/2026,20:45:24,0,0,0,0,0,1
4/9/2026,20:45:29,0,0,0,0,0,1
4/9/2026,20:45:34,0,0,0,0,0,1
4/9/2026,20:45:39,0,0,0,0,0,1
4/9/2026,20:45:44,0,0,0,0,0,1
4/9/2026,20:45:49,0,0,0,0,0,1
4/9/2026,20:45:54,0,0,0,0,0,1
4/9/2026,20:45:59,0,0,0,0,0,1
4/9/2026,20:46:04,0,0,0,0,0,1
4/9/2026,20:46:08,0,0,0,0,0,0
4/9/2026,20:46:09,0,0,0,0,0,1
4/9/2026,20:46:14,0,0,0,0,0,1
4/9/2026,20:46:19,0,0,0,0,0,1
4/9/2026,20:46:24,0,0,0,0,0,1
4/9/2026,20:46:29,0,0,0,0,0,1
4/9/2026,20:46:34,0,0,0,0,0,1
4/9/2026,20:46:39,0,0,0,0,0,1
4/9/2026,20:46:44,0,0,0,0,0,1
4/9/2026,20:46:49,0,0,0,0,0,1
4/9/2026,20:46:54,0,0,0,0,0,1
4/9/2026,20:46:59,0,0,0,0,0,1
4/9/2026,20:47:04,0,0,0,0,0,1
4/9/2026,20:47:08,0,0,0,0,0,0
4/9/2026,20:47:09,0,0,0,0,0,1
4/9/2026,20:47:14,0,0,0,0,0,1
4/9/2026,20:47:19,0,0,0,0,0,1
4/9/2026,20:47:24,0,0,0,0,0,1
4/9/2026,20:47:29,0,0,0,0,0,1
4/9/2026,20:47:34,0,0,0,0,0,1
4/9/2026,20:47:39,0,0,0,0,0,1
4/9/2026,20:47:44,0,0,0,0,0,1
4/9/2026,20:47:49,0,0,0,0,0,1
4/9/2026,20:47:54,0,0,0,0,0,1
4/9/2026,20:47:59,0,0,0,0,0,1
4/9/2026,20:48:04,0,0,0,0,0,1
4/9/2026,20:48:08,0,0,0,0,0,0
4/9/2026,20:48:09,0,0,0,0,0,1
4/9/2026,20:48:14,0,0,0,0,0,1
4/9/2026,20:48:19,0,0,0,0,0,1
4/9/2026,20:48:24,0,0,0,0,0,1
4/9/2026,20:48:29,0,0,0,0,0,1
4/9/2026,20:48:34,0,0,0,0,0,1
4/9/2026,20:48:39,0,0,0,0,0,1
4/9/2026,20:48:44,0,0,0,0,0,1
4/9/2026,20:48:49,0,0,0,0,0,1
4/9/2026,20:48:54,0,0,0,0,0,1
4/9/2026,20:48:59,0,0,0,0,0,1
4/9/2026,20:49:04,0,0,0,0,0,1
4/9/2026,20:49:08,0,0,0,0,0,0
4/9/2026,20:49:09,0,0,0,0,0,1
4/9/2026,20:49:14,0,0,0,0,0,1
4/9/2026,20:49:19,0,0,0,0,0,1
4/9/2026,20:49:24,0,0,0,0,0,1
4/9/2026,20:49:29,0,0,0,0,0,1
4/9/2026,20:49:34,0,0,0,0,0,1
4/9/2026,20:49:39,0,0,0,0,0,1
4/9/2026,20:49:44,0,0,0,0,0,1
4/9/2026,20:49:49,0,0,0,0,0,1
4/9/2026,20:49:54,0,0,0,0,0,1
4/9/2026,20:49:59,0,0,0,0,0,1
4/9/2026,20:50:04,0,0,0,0,0,1
4/9/2026,20:50:08,0,0,0,0,0,0
4/9/2026,20:50:09,0,0,0,0,0,1
4/9/2026,20:50:14,0,0,0,0,0,1
4/9/2026,20:50:19,0,0,0,0,0,1
4/9/2026,20:50:24,0,0,0,0,0,1
4/9/2026,20:50:29,0,0,0,0,0,1
4/9/2026,20:50:34,0,0,0,0,0,1
4/9/2026,20:50:39,0,0,0,0,0,1
4/9/2026,20:50:44,0,0,0,0,0,1
4/9/2026,20:50:49,0,0,0,0,0,1
4/9/2026,20:50:54,0,0,0,0,0,1
4/9/2026,20:50:59,0,0,0,0,0,1
4/9/2026,20:51:04,0,0,0,0,0,1
4/9/2026,20:51:08,0,0,0,0,0,0
4/9/2026,20:51:09,0,0,0,0,0,1
4/9/2026,20:51:14,0,0,0,0,0,1
4/9/2026,20:51:19,0,0,0,0,0,1
4/9/2026,20:51:24,0,0,0,0,0,1
4/9/2026,20:51:29,0,0,0,0,0,1
4/9/2026,20:51:34,0,0,0,0,0,1
4/9/2026,20:51:39,0,0,0,0,0,1
4/9/2026,20:51:44,0,0,0,0,0,1
4/9/2026,20:51:49,0,0,0,0,0,1
4/9/2026,20:51:54,0,0,0,0,0,1
4/9/2026,20:51:59,0,0,0,0,0,1
4/9/2026,20:52:04,0,0,0,0,0,1
4/9/2026,20:52:08,0,0,0,0,0,0
4/9/2026,20:52:09,0,0,0,0,0,1
4/9/2026,20:52:14,0,0,0,0,0,1
4/9/2026,20:52:19,0,0,0,0,0,1
4/9/2026,20:52:24,0,0,0,0,0,1
4/9/2026,20:52:29,0,0,0,0,0,1
4/9/2026,20:52:34,0,0,0,0,0,1
4/9/2026,20:52:39,0,0,0,0,0,1
4/9/2026,20:52:44,0,0,0,0,0,1
4/9/2026,20:52:49,0,0,0,0,0,1
4/9/2026,20:52:54,0,0,0,0,0,1
4/9/2026,20:52:59,0,0,0,0,0,1
4/9/2026,20:53:04,0,0,0,0,0,1
4/9/2026,20:53:08,0,0,0,0,0,0
4/9/2026,20:53:09,0,0,0,0,0,1
4/9/2026,20:53:15,0,0,0,0,0,1
4/9/2026,20:53:20,0,0,0,0,0,1
4/9/2026,20:53:25,0,0,0,0,0,1
4/9/2026,20:53:30,0,0,0,0,0,1
4/9/2026,20:53:35,0,0,0,0,0,1
4/9/2026,20:53:40,0,0,0,0,0,1
4/9/2026,20:53:45,0,0,0,0,0,1
4/9/2026,20:53:50,0,0,0,0,0,1
4/9/2026,20:53:55,0,0,0,0,0,1
4/9/2026,20:54:00,0,0,0,0,0,1
4/9/2026,20:54:05,0,0,0,0,0,1
4/9/2026,20:54:08,0,0,0,0,0,0
4/9/2026,20:54:10,0,0,0,0,0,1
4/9/2026,20:54:15,0,0,0,0,0,1
4/9/2026,20:54:20,0,0,0,0,0,1
4/9/2026,20:54:25,0,0,0,0,0,1
4/9/2026,20:54:30,0,0,0,0,0,1
4/9/2026,20:54:35,0,0,0,0,0,1
4/9/2026,20:54:40,0,0,0,0,0,1
4/9/2026,20:54:45,0,0,0,0,0,1
4/9/2026,20:54:50,0,0,0,0,0,1
4/9/2026,20:54:55,0,0,0,0,0,1
4/9/2026,20:55:00,0,0,0,0,0,1
4/9/2026,20:55:05,0,0,0,0,0,1
4/9/2026,20:55:08,0,0,0,0,0,0
4/9/2026,20:55:10,0,0,0,0,0,1
4/9/2026,20:55:15,0,0,0,0,0,1
4/9/2026,20:55:20,0,0,0,0,0,1
4/9/2026,20:55:25,0,0,0,0,0,1
4/9/2026,20:55:30,0,0,0,0,0,1
4/9/2026,20:55:35,0,0,0,0,0,1
4/9/2026,20:55:40,0,0,0,0,0,1
4/9/2026,20:55:45,0,0,0,0,0,1
4/9/2026,20:55:50,0,0,0,0,0,1
4/9/2026,20:55:55,0,0,0,0,0,1
4/9/2026,20:56:00,0,0,0,0,0,1
4/9/2026,20:56:05,0,0,0,0,0,1
4/9/2026,20:56:08,0,0,0,0,0,0
4/9/2026,20:56:10,0,0,0,0,0,1
4/9/2026,20:56:15,0,0,0,0,0,1
4/9/2026,20:56:20,0,0,0,0,0,1
4/9/2026,20:56:25,0,0,0,0,0,1
4/9/2026,20:56:30,0,0,0,0,0,1
4/9/2026,20:56:35,0,0,0,0,0,1
4/9/2026,20:56:40,0,0,0,0,0,1
4/9/2026,20:56:45,0,0,0,0,0,1
4/9/2026,20:56:50,0,0,0,0,0,1
4/9/2026,20:56:55,0,0,0,0,0,1
4/9/2026,20:57:00,0,0,0,0,0,1
4/9/2026,20:57:05,0,0,0,0,0,1
4/9/2026,20:57:08,0,0,0,0,0,0
4/9/2026,20:57:10,0,0,0,0,0,1
4/9/2026,20:57:15,0,0,0,0,0,1
4/9/2026,20:57:20,0,0,0,0,0,1
4/9/2026,20:57:25,0,0,0,0,0,1
4/9/2026,20:57:30,0,0,0,0,0,1
4/9/2026,20:57:35,0,0,0,0,0,1
4/9/2026,20:57:40,0,0,0,0,0,1
4/9/2026,20:57:45,0,0,0,0,0,1
4/9/2026,20:57:50,0,0,0,0,0,1
4/9/2026,20:57:55,0,0,0,0,0,1
4/9/2026,20:58:00,0,0,0,0,0,1
4/9/2026,20:58:05,0,0,0,0,0,1
4/9/2026,20:58:08,0,0,0,0,0,0
4/9/2026,20:58:10,0,0,0,0,0,1
4/9/2026,20:58:15,0,0,0,0,0,1
4/9/2026,20:58:20,0,0,0,0,0,1
4/9/2026,20:58:25,0,0,0,0,0,1
4/9/2026,20:58:30,0,0,0,0,0,1
4/9/2026,20:58:35,0,0,0,0,0,1
4/9/2026,20:58:40,0,0,0,0,0,1
4/9/2026,20:58:45,0,0,0,0,0,1
4/9/2026,20:58:50,0,0,0,0,0,1
4/9/2026,20:58:55,0,0,0,0,0,1
4/9/2026,20:59:00,0,0,0,0,0,1
4/9/2026,20:59:05,0,0,0,0,0,1
4/9/2026,20:59:08,0,0,0,0,0,0
4/9/2026,20:59:10,0,0,0,0,0,1
4/9/2026,20:59:15,0,0,0,0,0,1
4/9/2026,20:59:20,0,0,0,0,0,1
4/9/2026,20:59:25,0,0,0,0,0,1
4/9/2026,20:59:30,0,0,0,0,0,1
4/9/2026,20:59:35,0,0,0,0,0,1
4/9/2026,20:59:40,0,0,0,0,0,1
4/9/2026,20:59:45,0,0,0,0,0,1
4/9/2026,20:59:50,0,0,0,0,0,1
4/9/2026,20:59:55,0,0,0,0,0,1
4/9/2026,21:00:00,0,0,0,0,0,1
4/9/2026,21:00:05,0,0,0,0,0,1
4/9/2026,21:00:08,0,0,0,0,0,0
4/9/2026,21:00:10,0,0,0,0,0,1
4/9/2026,21:00:15,0,0,0,0,0,1
4/9/2026,21:00:20,0,0,0,0,0,1
4/9/2026,21:00:25,0,0,0,0,0,1
4/9/2026,21:00:30,0,0,0,0,0,1
4/9/2026,21:00:35,0,0,0,0,0,1
4/9/2026,21:00:40,0,0,0,0,0,1
4/9/2026,21:00:45,0,0,0,0,0,1
4/9/2026,21:00:58,0,0,0,0,0,1
4/9/2026,21:01:03,0,0,0,0,0,1
4/9/2026,21:01:08,0,0,0,0,0,1
4/9/2026,21:01:08,0,0,0,0,0,0
4/9/2026,21:01:13,0,0,0,0,0,1
4/9/2026,21:01:18,0,0,0,0,0,1
4/9/2026,21:01:23,0,0,0,0,0,1
4/9/2026,21:01:28,0,0,0,0,0,1
4/9/2026,21:01:33,0,0,0,0,0,1
4/9/2026,21:01:38,0,0,0,0,0,1
4/9/2026,21:01:43,0,0,0,0,0,1
4/9/2026,21:01:48,0,0,0,0,0,1
4/9/2026,21:01:53,0,0,0,0,0,1
4/9/2026,21:01:58,0,0,0,0,0,1
4/9/2026,21:02:03,0,0,0,0,0,1
4/9/2026,21:02:08,0,0,0,0,0,1
4/9/2026,21:02:08,0,0,0,0,0,0
4/9/2026,21:02:13,0,0,0,0,0,1
4/9/2026,21:02:18,0,0,0,0,0,1
4/9/2026,21:02:23,0,0,0,0,0,1
4/9/2026,21:02:28,0,0,0,0,0,1
4/9/2026,21:02:33,0,0,0,0,0,1
4/9/2026,21:02:38,0,0,0,0,0,1
4/9/2026,21:02:43,0,0,0,0,0,1
4/9/2026,21:02:48,0,0,0,0,0,1
4/9/2026,21:02:53,0,0,0,0,0,1
4/9/2026,21:02:58,0,0,0,0,0,1
4/9/2026,21:03:03,0,0,0,0,0,1
4/9/2026,21:03:08,0,0,0,0,0,1
4/9/2026,21:03:08,0,0,0,0,0,0
4/9/2026,21:03:13,0,0,0,0,0,1
4/9/2026,21:03:18,0,0,0,0,0,1
4/9/2026,21:03:23,0,0,0,0,0,1
4/9/2026,21:03:28,0,0,0,0,0,1
4/9/2026,21:03:33,0,0,0,0,0,1
4/9/2026,21:03:38,0,0,0,0,0,1
4/9/2026,21:03:43,0,0,0,0,0,1
4/9/2026,21:03:48,0,0,0,0,0,1
4/9/2026,21:03:53,0,0,0,0,0,1
4/9/2026,21:03:58,0,0,0,0,0,1
4/9/2026,21:04:03,0,0,0,0,0,1
4/9/2026,21:04:08,0,0,0,0,0,1
4/9/2026,21:04:08,0,0,0,0,0,0
4/9/2026,21:04:13,0,0,0,0,0,1
4/9/2026,21:04:18,0,0,0,0,0,1
4/9/2026,21:04:23,0,0,0,0,0,1
4/9/2026,21:04:28,0,0,0,0,0,1
4/9/2026,21:04:33,0,0,0,0,0,1
4/9/2026,21:04:38,0,0,0,0,0,1
4/9/2026,21:04:43,0,0,0,0,0,1
4/9/2026,21:04:48,0,0,0,0,0,1
4/9/2026,21:04:53,0,0,0,0,0,1
4/9/2026,21:04:58,0,0,0,0,0,1
4/9/2026,21:05:03,0,0,0,0,0,1
4/9/2026,21:05:08,0,0,0,0,0,1
4/9/2026,21:05:08,0,0,0,0,0,0
4/9/2026,21:05:13,0,0,0,0,0,1
4/9/2026,21:05:18,0,0,0,0,0,1
4/9/2026,21:05:23,0,0,0,0,0,1
4/9/2026,21:05:28,0,0,0,0,0,1
4/9/2026,21:05:33,0,0,0,0,0,1
4/9/2026,21:05:38,0,0,0,0,0,1
4/9/2026,21:05:43,0,0,0,0,0,1
4/9/2026,21:05:48,0,0,0,0,0,1
4/9/2026,21:05:53,0,0,0,0,0,1
4/9/2026,21:05:58,0,0,0,0,0,1
4/9/2026,21:06:03,0,0,0,0,0,1
4/9/2026,21:06:08,0,0,0,0,0,1
4/9/2026,21:06:08,0,0,0,0,0,0
4/9/2026,21:06:13,0,0,0,0,0,1
4/9/2026,21:06:18,0,0,0,0,0,1
4/9/2026,21:06:23,0,0,0,0,0,1
4/9/2026,21:06:28,0,0,0,0,0,1
4/9/2026,21:06:33,0,0,0,0,0,1
4/9/2026,21:06:38,0,0,0,0,0,1
4/9/2026,21:06:43,0,0,0,0,0,1
4/9/2026,21:06:48,0,0,0,0,0,1
4/9/2026,21:06:53,0,0,0,0,0,1
4/9/2026,21:06:58,0,0,0,0,0,1
4/9/2026,21:07:03,0,0,0,0,0,1
4/9/2026,21:07:08,0,0,0,0,0,1
4/9/2026,21:07:08,0,0,0,0,0,0
4/9/2026,21:07:13,0,0,0,0,0,1
4/9/2026,21:07:18,0,0,0,0,0,1
4/9/2026,21:07:23,0,0,0,0,0,1
4/9/2026,21:07:28,0,0,0,0,0,1
4/9/2026,21:07:33,0,0,0,0,0,1
4/9/2026,21:07:38,0,0,0,0,0,1
4/9/2026,21:07:43,0,0,0,0,0,1
4/9/2026,21:07:48,0,0,0,0,0,1
4/9/2026,21:07:53,0,0,0,0,0,1
4/9/2026,21:07:58,0,0,0,0,0,1
4/9/2026,21:08:03,0,0,0,0,0,1
4/9/2026,21:08:08,0,0,0,0,0,1
4/9/2026,21:08:08,0,0,0,0,0,0
4/9/2026,21:08:13,0,0,0,0,0,1
4/9/2026,21:08:18,0,0,0,0,0,1
4/9/2026,21:08:31,0,0,0,0,0,1
4/9/2026,21:08:36,0,0,0,0,0,1
4/9/2026,21:08:41,0,0,0,0,0,1
4/9/2026,21:08:46,0,0,0,0,0,1
4/9/2026,21:08:51,0,0,0,0,0,1
4/9/2026,21:08:56,0,0,0,0,0,1
4/9/2026,21:09:01,0,0,0,0,0,1
4/9/2026,21:09:06,0,0,0,0,0,1
4/9/2026,21:09:08,0,0,0,0,0,0
4/9/2026,21:09:11,0,0,0,0,0,1
4/9/2026,21:09:16,0,0,0,0,0,1
4/9/2026,21:09:21,0,0,0,0,0,1
4/9/2026,21:09:26,0,0,0,0,0,1
4/9/2026,21:09:31,0,0,0,0,0,1
4/9/2026,21:09:36,0,0,0,0,0,1
4/9/2026,21:09:41,0,0,0,0,0,1
4/9/2026,21:09:46,0,0,0,0,0,1
4/9/2026,21:09:51,0,0,0,0,0,1
4/9/2026,21:09:56,0,0,0,0,0,1
4/9/2026,21:10:01,0,0,0,0,0,1
4/9/2026,21:10:06,0,0,0,0,0,1
4/9/2026,21:10:08,0,0,0,0,0,0
4/9/2026,21:10:11,0,0,0,0,0,1
4/9/2026,21:10:16,0,0,0,0,0,1
4/9/2026,21:10:21,0,0,0,0,0,1
4/9/2026,21:10:26,0,0,0,0,0,1
4/9/2026,21:10:31,0,0,0,0,0,1
4/9/2026,21:10:36,0,0,0,0,0,1
4/9/2026,21:10:41,0,0,0,0,0,1
4/9/2026,21:10:46,0,0,0,0,0,1
4/9/2026,21:10:51,0,0,0,0,0,1
4/9/2026,21:10:56,0,0,0,0,0,1
4/9/2026,21:11:01,0,0,0,0,0,1
4/9/2026,21:11:06,0,0,0,0,0,1
4/9/2026,21:11:08,0,0,0,0,0,0
4/9/2026,21:11:11,0,0,0,0,0,1
4/9/2026,21:11:16,0,0,0,0,0,1
4/9/2026,21:11:21,0,0,0,0,0,1
4/9/2026,21:11:26,0,0,0,0,0,1
4/9/2026,21:11:31,0,0,0,0,0,1
4/9/2026,21:11:36,0,0,0,0,0,1
4/9/2026,21:11:41,0,0,0,0,0,1
4/9/2026,21:11:46,0,0,0,0,0,1
4/9/2026,21:11:51,0,0,0,0,0,1
4/9/2026,21:11:56,0,0,0,0,0,1
4/9/2026,21:12:01,0,0,0,0,0,1
4/9/2026,21:12:06,0,0,0,0,0,1
4/9/2026,21:12:08,0,0,0,0,0,0
4/9/2026,21:12:11,0,0,0,0,0,1
4/9/2026,21:12:16,0,0,0,0,0,1
4/9/2026,21:12:21,0,0,0,0,0,1
4/9/2026,21:12:26,0,0,0,0,0,1
4/9/2026,21:12:31,0,0,0,0,0,1
4/9/2026,21:12:36,0,0,0,0,0,1
4/9/2026,21:12:41,0,0,0,0,0,1
4/9/2026,21:12:46,0,0,0,0,0,1
4/9/2026,21:12:51,0,0,0,0,0,1
4/9/2026,21:12:56,0,0,0,0,0,1
4/9/2026,21:13:01,0,0,0,0,0,1
4/9/2026,21:13:06,0,0,0,0,0,1
4/9/2026,21:13:08,0,0,0,0,0,0
4/9/2026,21:13:11,0,0,0,0,0,1
4/9/2026,21:13:16,0,0,0,0,0,1
4/9/2026,21:13:21,0,0,0,0,0,1
4/9/2026,21:13:26,0,0,0,0,0,1
4/9/2026,21:13:31,0,0,0,0,0,1
4/9/2026,21:13:36,0,0,0,0,0,1
4/9/2026,21:13:41,0,0,0,0,0,1
4/9/2026,21:13:46,0,0,0,0,0,1
4/9/2026,21:13:51,0,0,0,0,0,1
4/9/2026,21:13:56,0,0,0,0,0,1
4/9/2026,21:14:01,0,0,0,0,0,1
4/9/2026,21:14:06,0,0,0,0,0,1
4/9/2026,21:14:08,0,0,0,0,0,0
4/9/2026,21:14:11,0,0,0,0,0,1
4/9/2026,21:14:16,0,0,0,0,0,1
4/9/2026,21:14:21,0,0,0,0,0,1
4/9/2026,21:14:26,0,0,0,0,0,1
4/9/2026,21:14:31,0,0,0,0,0,1
4/9/2026,21:14:36,0,0,0,0,0,1
4/9/2026,21:14:41,0,0,0,0,0,1
4/9/2026,21:14:46,0,0,0,0,0,1
4/9/2026,21:14:51,0,0,0,0,0,1
4/9/2026,21:14:56,0,0,0,0,0,1
4/9/2026,21:15:01,0,0,0,0,0,1
4/9/2026,21:15:06,0,0,0,0,0,1
4/9/2026,21:15:08,0,0,0,0,0,0
4/9/2026,21:15:11,0,0,0,0,0,1
4/9/2026,21:15:16,0,0,0,0,0,1
4/9/2026,21:15:21,0,0,0,0,0,1
4/9/2026,21:15:26,0,0,0,0,0,1
4/9/2026,21:15:31,0,0,0,0,0,1
4/9/2026,21:15:36,0,0,0,0,0,1
4/9/2026,21:15:41,0,0,0,0,0,1
4/9/2026,21:15:46,0,0,0,0,0,1
4/9/2026,21:15:51,0,0,0,0,0,1
4/9/2026,21:15:56,0,0,0,0,0,1
4/9/2026,21:16:01,0,0,0,0,0,1
4/9/2026,21:16:08,0,0,0,0,0,0
4/9/2026,21:16:14,0,0,0,0,0,1
4/9/2026,21:16:19,0,0,0,0,0,1
4/9/2026,21:16:24,0,0,0,0,0,1
4/9/2026,21:16:29,0,0,0,0,0,1
4/9/2026,21:16:34,0,0,0,0,0,1
4/9/2026,21:16:39,0,0,0,0,0,1
4/9/2026,21:16:44,0,0,0,0,0,1
4/9/2026,21:16:49,0,0,0,0,0,1
4/9/2026,21:16:54,0,0,0,0,0,1
4/9/2026,21:16:59,0,0,0,0,0,1
4/9/2026,21:17:04,0,0,0,0,0,1
4/9/2026,21:17:08,0,0,0,0,0,0
4/9/2026,21:17:09,0,0,0,0,0,1
4/9/2026,21:17:14,0,0,0,0,0,1
4/9/2026,21:17:19,0,0,0,0,0,1
4/9/2026,21:17:24,0,0,0,0,0,1
4/9/2026,21:17:29,0,0,0,0,0,1
4/9/2026,21:17:34,0,0,0,0,0,1
4/9/2026,21:17:39,0,0,0,0,0,1
4/9/2026,21:17:44,0,0,0,0,0,1
4/9/2026,21:17:49,0,0,0,0,0,1
4/9/2026,21:17:54,0,0,0,0,0,1
4/9/2026,21:17:59,0,0,0,0,0,1
4/9/2026,21:18:04,0,0,0,0,0,1
4/9/2026,21:18:08,0,0,0,0,0,0
4/9/2026,21:18:09,0,0,0,0,0,1
4/9/2026,21:18:14,0,0,0,0,0,1
4/9/2026,21:18:19,0,0,0,0,0,1
4/9/2026,21:18:24,0,0,0,0,0,1
4/9/2026,21:18:29,0,0,0,0,0,1
4/9/2026,21:18:34,0,0,0,0,0,1
4/9/2026,21:18:39,0,0,0,0,0,1
4/9/2026,21:18:44,0,0,0,0,0,1
4/9/2026,21:18:49,0,0,0,0,0,1
4/9/2026,21:18:54,0,0,0,0,0,1
4/9/2026,21:18:59,0,0,0,0,0,1
4/9/2026,21:19:04,0,0,0,0,0,1
4/9/2026,21:19:08,0,0,0,0,0,0
4/9/2026,21:19:09,0,0,0,0,0,1
4/9/2026,21:19:14,0,0,0,0,0,1
4/9/2026,21:19:19,0,0,0,0,0,1
4/9/2026,21:19:24,0,0,0,0,0,1
4/9/2026,21:19:29,0,0,0,0,0,1
4/9/2026,21:19:34,0,0,0,0,0,1
4/9/2026,21:19:39,0,0,0,0,0,1
4/9/2026,21:19:44,0,0,0,0,0,1
4/9/2026,21:19:49,0,0,0,0,0,1
4/9/2026,21:19:54,0,0,0,0,0,1
4/9/2026,21:19:59,0,0,0,0,0,1
4/9/2026,21:20:04,0,0,0,0,0,1
4/9/2026,21:20:08,0,0,0,0,0,0
4/9/2026,21:20:09,0,0,0,0,0,1
4/9/2026,21:20:14,0,0,0,0,0,1
4/9/2026,21:20:19,0,0,0,0,0,1
4/9/2026,21:20:24,0,0,0,0,0,1
4/9/2026,21:20:29,0,0,0,0,0,1
4/9/2026,21:20:34,0,0,0,0,0,1
4/9/2026,21:20:39,0,0,0,0,0,1
4/9/2026,21:20:44,0,0,0,0,0,1
4/9/2026,21:20:49,0,0,0,0,0,1
4/9/2026,21:20:54,0,0,0,0,0,1
4/9/2026,21:20:59,0,0,0,0,0,1
4/9/2026,21:21:04,0,0,0,0,0,1
4/9/2026,21:21:08,0,0,0,0,0,0
4/9/2026,21:21:09,0,0,0,0,0,1
4/9/2026,21:21:14,0,0,0,0,0,1
4/9/2026,21:21:19,0,0,0,0,0,1
4/9/2026,21:21:24,0,0,0,0,0,1
4/9/2026,21:21:29,0,0,0,0,0,1
4/9/2026,21:21:34,0,0,0,0,0,1
4/9/2026,21:21:39,0,0,0,0,0,1
4/9/2026,21:21:44,0,0,0,0,0,1
4/9/2026,21:21:49,0,0,0,0,0,1
4/9/2026,21:21:54,0,0,0,0,0,1
4/9/2026,21:21:59,0,0,0,0,0,1
4/9/2026,21:22:04,0,0,0,0,0,1
4/9/2026,21:22:08,0,0,0,0,0,0
4/9/2026,21:22:09,0,0,0,0,0,1
4/9/2026,21:22:14,0,0,0,0,0,1
4/9/2026,21:22:27,0,0,0,0,0,1
4/9/2026,21:22:32,0,0,0,0,0,1
4/9/2026,21:22:37,0,0,0,0,0,1
4/9/2026,21:22:42,0,0,0,0,0,1
4/9/2026,21:22:47,0,0,0,0,0,1
4/9/2026,21:22:52,0,0,0,0,0,1
4/9/2026,21:22:57,0,0,0,0,0,1
4/9/2026,21:23:02,0,0,0,0,0,1
4/9/2026,21:23:07,0,0,0,0,0,1
4/9/2026,21:23:08,0,0,0,0,0,0
4/9/2026,21:23:12,0,0,0,0,0,1
4/9/2026,21:23:17,0,0,0,0,0,1
4/9/2026,21:23:41,0,0,0,0,0,1
4/9/2026,21:23:46,0,0,0,0,0,1
4/9/2026,21:23:51,0,0,0,0,0,1
4/9/2026,21:23:56,0,0,0,0,0,1
4/9/2026,21:24:01,0,0,0,0,0,1
4/9/2026,21:24:06,0,0,0,0,0,1
4/9/2026,21:24:08,0,0,0,0,0,0
4/9/2026,21:24:19,0,0,0,0,0,1
4/9/2026,21:24:24,0,0,0,0,0,1
4/9/2026,21:24:29,0,0,0,0,0,1
4/9/2026,21:24:34,0,0,0,0,0,1
4/9/2026,21:24:39,0,0,0,0,0,1
4/9/2026,21:24:44,0,0,0,0,0,1
4/9/2026,21:24:49,0,0,0,0,0,1
4/9/2026,21:24:54,0,0,0,0,0,1
4/9/2026,21:24:59,0,0,0,0,0,1
4/9/2026,21:25:04,0,0,0,0,0,1
4/9/2026,21:25:08,0,0,0,0,0,0
4/9/2026,21:25:09,0,0,0,0,0,1
4/9/2026,21:25:14,0,0,0,0,0,1
4/9/2026,21:25:19,0,0,0,0,0,1
4/9/2026,21:25:24,0,0,0,0,0,1
4/9/2026,21:25:29,0,0,0,0,0,1
4/9/2026,21:25:34,0,0,0,0,0,1
4/9/2026,21:25:39,0,0,0,0,0,1
4/9/2026,21:25:44,0,0,0,0,0,1
4/9/2026,21:25:49,0,0,0,0,0,1
4/9/2026,21:25:54,0,0,0,0,0,1
4/9/2026,21:25:59,0,0,0,0,0,1
4/9/2026,21:26:04,0,0,0,0,0,1
4/9/2026,21:26:08,0,0,0,0,0,0
4/9/2026,21:26:09,0,0,0,0,0,1
4/9/2026,21:26:14,0,0,0,0,0,1
4/9/2026,21:26:19,0,0,0,0,0,1
4/9/2026,21:26:24,0,0,0,0,0,1
4/9/2026,21:26:29,0,0,0,0,0,1
4/9/2026,21:26:34,0,0,0,0,0,1
4/9/2026,21:26:39,0,0,0,0,0,1
4/9/2026,21:26:44,0,0,0,0,0,1
4/9/2026,21:26:49,0,0,0,0,0,1
4/9/2026,21:26:54,0,0,0,0,0,1
4/9/2026,21:26:59,0,0,0,0,0,1
4/9/2026,21:27:04,0,0,0,0,0,1
4/9/2026,21:27:08,0,0,0,0,0,0
4/9/2026,21:27:09,0,0,0,0,0,1
4/9/2026,21:27:14,0,0,0,0,0,1
4/9/2026,21:27:19,0,0,0,0,0,1
4/9/2026,21:27:24,0,0,0,0,0,1
4/9/2026,21:27:29,0,0,0,0,0,1
4/9/2026,21:27:34,0,0,0,0,0,1
4/9/2026,21:27:39,0,0,0,0,0,1
4/9/2026,21:27:44,0,0,0,0,0,1
4/9/2026,21:27:49,0,0,0,0,0,1
4/9/2026,21:27:54,0,0,0,0,0,1
4/9/2026,21:27:59,0,0,0,0,0,1
4/9/2026,21:28:04,0,0,0,0,0,1
4/9/2026,21:28:08,0,0,0,0,0,0
4/9/2026,21:28:09,0,0,0,0,0,1
4/9/2026,21:28:14,0,0,0,0,0,1
4/9/2026,21:28:19,0,0,0,0,0,1
4/9/2026,21:28:24,0,0,0,0,0,1
4/9/2026,21:28:29,0,0,0,0,0,1
4/9/2026,21:28:34,0,0,0,0,0,1
4/9/2026,21:28:39,0,0,0,0,0,1
4/9/2026,21:28:44,0,0,0,0,0,1
4/9/2026,21:28:49,0,0,0,0,0,1
4/9/2026,21:28:54,0,0,0,0,0,1
4/9/2026,21:28:59,0,0,0,0,0,1
4/9/2026,21:29:04,0,0,0,0,0,1
4/9/2026,21:29:08,0,0,0,0,0,0
4/9/2026,21:29:09,0,0,0,0,0,1
4/9/2026,21:29:14,0,0,0,0,0,1
4/9/2026,21:29:19,0,0,0,0,0,1
4/9/2026,21:29:24,0,0,0,0,0,1
4/9/2026,21:29:29,0,0,0,0,0,1
4/9/2026,21:29:34,0,0,0,0,0,1
4/9/2026,21:29:39,0,0,0,0,0,1
4/9/2026,21:29:44,0,0,0,0,0,1
4/9/2026,21:29:49,0,0,0,0,0,1
4/9/2026,21:29:54,0,0,0,0,0,1
4/9/2026,21:29:59,0,0,0,0,0,1
4/9/2026,21:30:04,0,0,0,0,0,1
4/9/2026,21:30:08,0,0,0,0,0,0
4/9/2026,21:30:09,0,0,0,0,0,1
4/9/2026,21:30:14,0,0,0,0,0,1
4/9/2026,21:30:19,0,0,0,0,0,1
4/9/2026,21:30:24,0,0,0,0,0,1
4/9/2026,21:30:29,0,0,0,0,0,1
4/9/2026,21:30:34,0,0,0,0,0,1
4/9/2026,21:30:39,0,0,0,0,0,1
4/9/2026,21:30:44,0,0,0,0,0,1
4/9/2026,21:30:49,0,0,0,0,0,1
4/9/2026,21:30:54,0,0,0,0,0,1
4/9/2026,21:30:59,0,0,0,0,0,1
4/9/2026,21:31:04,0,0,0,0,0,1
4/9/2026,21:31:08,0,0,0,0,0,0
4/9/2026,21:31:09,0,0,0,0,0,1
4/9/2026,21:31:14,0,0,0,0,0,1
4/9/2026,21:31:19,0,0,0,0,0,1
4/9/2026,21:31:24,0,0,0,0,0,1
4/9/2026,21:31:29,0,0,0,0,0,1
4/9/2026,21:31:34,0,0,0,0,0,1
4/9/2026,21:31:39,0,0,0,0,0,1
4/9/2026,21:31:44,0,0,0,0,0,1
4/9/2026,21:31:49,0,0,0,0,0,1
4/9/2026,21:31:54,0,0,0,0,0,1
4/9/2026,21:31:59,0,0,0,0,0,1
4/9/2026,21:32:04,0,0,0,0,0,1
4/9/2026,21:32:08,0,0,0,0,0,0
4/9/2026,21:32:09,0,0,0,0,0,1
4/9/2026,21:32:14,0,0,0,0,0,1
4/9/2026,21:32:19,0,0,0,0,0,1
4/9/2026,21:32:24,0,0,0,0,0,1
4/9/2026,21:32:29,0,0,0,0,0,1
4/9/2026,21:32:34,0,0,0,0,0,1
4/9/2026,21:32:39,0,0,0,0,0,1
4/9/2026,21:32:44,0,0,0,0,0,1
4/9/2026,21:32:49,0,0,0,0,0,1
4/9/2026,21:32:54,0,0,0,0,0,1
4/9/2026,21:32:59,0,0,0,0,0,1
4/9/2026,21:33:04,0,0,0,0,0,1
4/9/2026,21:33:08,0,0,0,0,0,0
4/9/2026,21:33:09,0,0,0,0,0,1
4/9/2026,21:33:14,0,0,0,0,0,1
4/9/2026,21:33:19,0,0,0,0,0,1
4/9/2026,21:33:24,0,0,0,0,0,1
4/9/2026,21:33:29,0,0,0,0,0,1
4/9/2026,21:33:34,0,0,0,0,0,1
4/9/2026,21:33:39,0,0,0,0,0,1
4/9/2026,21:33:44,0,0,0,0,0,1
4/9/2026,21:33:49,0,0,0,0,0,1
4/9/2026,21:33:54,0,0,0,0,0,1
4/9/2026,21:33:59,0,0,0,0,0,1
4/9/2026,21:34:04,0,0,0,0,0,1
4/9/2026,21:34:08,0,0,0,0,0,0
4/9/2026,21:34:09,0,0,0,0,0,1
4/9/2026,21:34:14,0,0,0,0,0,1
4/9/2026,21:34:19,0,0,0,0,0,1
4/9/2026,21:34:24,0,0,0,0,0,1
4/9/2026,21:34:29,0,0,0,0,0,1
4/9/2026,21:34:34,0,0,0,0,0,1
4/9/2026,21:34:39,0,0,0,0,0,1
4/9/2026,21:34:44,0,0,0,0,0,1
4/9/2026,21:34:49,0,0,0,0,0,1
4/9/2026,21:34:54,0,0,0,0,0,1
4/9/2026,21:34:59,0,0,0,0,0,1
4/9/2026,21:35:04,0,0,0,0,0,1
4/9/2026,21:35:08,0,0,0,0,0,0
4/9/2026,21:35:09,0,0,0,0,0,1
4/9/2026,21:35:14,0,0,0,0,0,1
4/9/2026,21:35:19,0,0,0,0,0,1
4/9/2026,21:35:24,0,0,0,0,0,1
4/9/2026,21:35:29,0,0,0,0,0,1
4/9/2026,21:35:34,0,0,0,0,0,1
4/9/2026,21:35:39,0,0,0,0,0,1
4/9/2026,21:35:44,0,0,0,0,0,1
4/9/2026,21:35:49,0,0,0,0,0,1
4/9/2026,21:35:54,0,0,0,0,0,1
4/9/2026,21:35:59,0,0,0,0,0,1
4/9/2026,21:36:04,0,0,0,0,0,1
4/9/2026,21:36:08,0,0,0,0,0,0
4/9/2026,21:36:09,0,0,0,0,0,1
4/9/2026,21:36:14,0,0,0,0,0,1
4/9/2026,21:36:19,0,0,0,0,0,1
4/9/2026,21:36:24,0,0,0,0,0,1
4/9/2026,21:36:29,0,0,0,0,0,1
4/9/2026,21:36:34,0,0,0,0,0,1
4/9/2026,21:36:39,0,0,0,0,0,1
4/9/2026,21:36:44,0,0,0,0,0,1
4/9/2026,21:36:49,0,0,0,0,0,1
4/9/2026,21:36:54,0,0,0,0,0,1
4/9/2026,21:36:59,0,0,0,0,0,1
4/9/2026,21:37:04,0,0,0,0,0,1
4/9/2026,21:37:09,0,0,0,0,0,1
4/9/2026,21:37:14,0,0,0,0,0,1
4/9/2026,21:37:19,0,0,0,0,0,1
4/9/2026,21:37:24,0,0,0,0,0,1
4/9/2026,21:37:37,0,0,0,0,0,1
4/9/2026,21:37:42,0,0,0,0,0,1
4/9/2026,21:37:47,0,0,0,0,0,1
4/9/2026,21:37:52,0,0,0,0,0,1
4/9/2026,21:37:57,0,0,0,0,0,1
4/9/2026,21:38:02,0,0,0,0,0,1
4/9/2026,21:38:07,0,0,0,0,0,1
4/9/2026,21:38:09,0,0,0,0,0,0
4/9/2026,21:38:12,0,0,0,0,0,1
4/9/2026,21:38:17,0,0,0,0,0,1
4/9/2026,21:38:22,0,0,0,0,0,1
4/9/2026,21:38:27,0,0,0,0,0,1
4/9/2026,21:38:32,0,0,0,0,0,1
4/9/2026,21:38:37,0,0,0,0,0,1
4/9/2026,21:38:42,0,0,0,0,0,1
4/9/2026,21:38:47,0,0,0,0,0,1
4/9/2026,21:38:52,0,0,0,0,0,1
4/9/2026,21:38:57,0,0,0,0,0,1
4/9/2026,21:39:02,0,0,0,0,0,1
4/9/2026,21:39:07,0,0,0,0,0,1
4/9/2026,21:39:09,0,0,0,0,0,0
4/9/2026,21:39:12,0,0,0,0,0,1
4/9/2026,21:39:17,0,0,0,0,0,1
4/9/2026,21:39:22,0,0,0,0,0,1
4/9/2026,21:39:27,0,0,0,0,0,1
4/9/2026,21:39:32,0,0,0,0,0,1
4/9/2026,21:39:37,0,0,0,0,0,1
4/9/2026,21:39:42,0,0,0,0,0,1
4/9/2026,21:39:47,0,0,0,0,0,1
4/9/2026,21:39:52,0,0,0,0,0,1
4/9/2026,21:39:57,0,0,0,0,0,1
4/9/2026,21:40:02,0,0,0,0,0,1
4/9/2026,21:40:07,0,0,0,0,0,1
4/9/2026,21:40:09,0,0,0,0,0,0
4/9/2026,21:40:12,0,0,0,0,0,1
4/9/2026,21:40:17,0,0,0,0,0,1
4/9/2026,21:40:22,0,0,0,0,0,1
4/9/2026,21:40:27,0,0,0,0,0,1
4/9/2026,21:40:32,0,0,0,0,0,1
4/9/2026,21:40:37,0,0,0,0,0,1
4/9/2026,21:40:42,0,0,0,0,0,1
4/9/2026,21:40:47,0,0,0,0,0,1
4/9/2026,21:40:52,0,0,0,0,0,1
4/9/2026,21:40:57,0,0,0,0,0,1
4/9/2026,21:41:02,0,0,0,0,0,1
4/9/2026,21:41:07,0,0,0,0,0,1
4/9/2026,21:41:09,0,0,0,0,0,0
4/9/2026,21:41:12,0,0,0,0,0,1
4/9/2026,21:41:17,0,0,0,0,0,1
4/9/2026,21:41:22,0,0,0,0,0,1
4/9/2026,21:41:27,0,0,0,0,0,1
4/9/2026,21:41:32,0,0,0,0,0,1
4/9/2026,21:41:37,0,0,0,0,0,1
4/9/2026,21:41:42,0,0,0,0,0,1
4/9/2026,21:41:47,0,0,0,0,0,1
4/9/2026,21:41:52,0,0,0,0,0,1
4/9/2026,21:41:57,0,0,0,0,0,1
4/9/2026,21:42:02,0,0,0,0,0,1
4/9/2026,21:42:07,0,0,0,0,0,1
4/9/2026,21:42:09,0,0,0,0,0,0
4/9/2026,21:42:12,0,0,0,0,0,1
4/9/2026,21:42:17,0,0,0,0,0,1
4/9/2026,21:42:22,0,0,0,0,0,1
4/9/2026,21:42:27,0,0,0,0,0,1
4/9/2026,21:42:32,0,0,0,0,0,1
4/9/2026,21:42:37,0,0,0,0,0,1
4/9/2026,21:42:42,0,0,0,0,0,1
4/9/2026,21:42:47,0,0,0,0,0,1
4/9/2026,21:42:52,0,0,0,0,0,1
4/9/2026,21:42:57,0,0,0,0,0,1
4/9/2026,21:43:02,0,0,0,0,0,1
4/9/2026,21:43:07,0,0,0,0,0,1
4/9/2026,21:43:09,0,0,0,0,0,0
4/9/2026,21:43:12,0,0,0,0,0,1
4/9/2026,21:43:17,0,0,0,0,0,1
4/9/2026,21:43:22,0,0,0,0,0,1
4/9/2026,21:43:27,0,0,0,0,0,1
4/9/2026,21:43:32,0,0,0,0,0,1
4/9/2026,21:43:37,0,0,0,0,0,1
4/9/2026,21:43:42,0,0,0,0,0,1
4/9/2026,21:43:47,0,0,0,0,0,1
4/9/2026,21:43:52,0,0,0,0,0,1
4/9/2026,21:43:57,0,0,0,0,0,1
4/9/2026,21:44:02,0,0,0,0,0,1
4/9/2026,21:44:07,0,0,0,0,0,1
4/9/2026,21:44:09,0,0,0,0,0,0
4/9/2026,21:44:12,0,0,0,0,0,1
4/9/2026,21:44:17,0,0,0,0,0,1
4/9/2026,21:44:22,0,0,0,0,0,1
4/9/2026,21:44:27,0,0,0,0,0,1
4/9/2026,21:44:32,0,0,0,0,0,1
4/9/2026,21:44:37,0,0,0,0,0,1
4/9/2026,21:44:42,0,0,0,0,0,1
4/9/2026,21:44:47,0,0,0,0,0,1
4/9/2026,21:44:52,0,0,0,0,0,1
4/9/2026,21:44:57,0,0,0,0,0,1
4/9/2026,21:45:02,0,0,0,0,0,1
4/9/2026,21:45:07,0,0,0,0,0,1
4/9/2026,21:45:09,0,0,0,0,0,0
4/9/2026,21:45:12,0,0,0,0,0,1
4/9/2026,21:45:17,0,0,0,0,0,1
4/9/2026,21:45:22,0,0,0,0,0,1
4/9/2026,21:45:27,0,0,0,0,0,1
4/9/2026,21:45:32,0,0,0,0,0,1
4/9/2026,21:45:37,0,0,0,0,0,1
4/9/2026,21:45:42,0,0,0,0,0,1
4/9/2026,21:45:47,0,0,0,0,0,1
4/9/2026,21:45:52,0,0,0,0,0,1
4/9/2026,21:45:57,0,0,0,0,0,1
4/9/2026,21:46:02,0,0,0,0,0,1
4/9/2026,21:46:07,0,0,0,0,0,1
4/9/2026,21:46:09,0,0,0,0,0,0
4/9/2026,21:46:12,0,0,0,0,0,1
4/9/2026,21:46:17,0,0,0,0,0,1
4/9/2026,21:46:22,0,0,0,0,0,1
4/9/2026,21:46:27,0,0,0,0,0,1
4/9/2026,21:46:32,0,0,0,0,0,1
4/9/2026,21:46:37,0,0,0,0,0,1
4/9/2026,21:46:42,0,0,0,0,0,1
4/9/2026,21:46:47,0,0,0,0,0,1
4/9/2026,21:46:52,0,0,0,0,0,1
4/9/2026,21:46:57,0,0,0,0,0,1
4/9/2026,21:47:02,0,0,0,0,0,1
4/9/2026,21:47:07,0,0,0,0,0,1
4/9/2026,21:47:09,0,0,0,0,0,0
4/9/2026,21:47:20,0,0,0,0,0,1
4/9/2026,21:47:25,0,0,0,0,0,1
4/9/2026,21:47:30,0,0,0,0,0,1
4/9/2026,21:47:35,0,0,0,0,0,1
4/9/2026,21:47:40,0,0,0,0,0,1
4/9/2026,21:47:45,0,0,0,0,0,1
4/9/2026,21:47:50,0,0,0,0,0,1
4/9/2026,21:47:55,0,0,0,0,0,1
4/9/2026,21:48:00,0,0,0,0,0,1
4/9/2026,21:48:05,0,0,0,0,0,1
4/9/2026,21:48:09,0,0,0,0,0,0
4/9/2026,21:48:10,0,0,0,0,0,1
4/9/2026,21:48:15,0,0,0,0,0,1
4/9/2026,21:48:20,0,0,0,0,0,1
4/9/2026,21:48:25,0,0,0,0,0,1
4/9/2026,21:48:30,0,0,0,0,0,1
4/9/2026,21:48:35,0,0,0,0,0,1
4/9/2026,21:48:40,0,0,0,0,0,1
4/9/2026,21:48:45,0,0,0,0,0,1
4/9/2026,21:48:50,0,0,0,0,0,1
4/9/2026,21:48:55,0,0,0,0,1,0
4/9/2026,21:49:00,0,0,0,1,1,0
4/9/2026,21:49:05,1,0,0,0,1,0
4/9/2026,21:49:09,0,0,0,0,0,0
4/9/2026,21:49:10,1,0,0,0,1,0
4/9/2026,21:49:15,0,1,0,0,1,0
4/9/2026,21:49:20,0,0,0,0,0,1
4/9/2026,21:49:25,0,0,0,0,0,1
4/9/2026,21:49:30,1,0,0,0,0,1
4/9/2026,21:49:35,0,0,0,0,0,1
4/9/2026,21:49:40,0,0,0,0,0,1
4/9/2026,21:49:45,0,0,0,0,0,1
4/9/2026,21:49:50,0,0,0,0,0,1
4/9/2026,21:49:55,0,0,0,0,0,1
4/9/2026,21:50:00,0,0,0,0,0,1
4/9/2026,21:50:05,0,1,0,0,0,1
4/9/2026,21:50:09,0,0,0,0,0,0
4/9/2026,21:50:10,0,1,0,0,0,1
4/9/2026,21:50:15,0,1,0,0,0,1
4/9/2026,21:50:20,0,0,0,0,1,0
4/9/2026,21:50:25,1,0,0,0,1,0
4/9/2026,21:50:30,0,0,0,1,1,0
4/9/2026,21:50:35,0,0,0,0,1,0
4/9/2026,21:50:40,0,0,0,0,1,0
4/9/2026,21:50:45,0,0,0,0,1,0
4/9/2026,21:50:50,0,1,0,0,1,0
4/9/2026,21:50:55,0,0,1,0,1,0
4/9/2026,21:51:00,0,0,0,0,0,1
4/9/2026,21:51:05,0,0,0,0,0,1
4/9/2026,21:51:09,0,0,0,0,0,0
4/9/2026,21:51:10,0,0,0,1,0,1
4/9/2026,21:51:15,0,0,0,0,0,1
4/9/2026,21:51:20,1,0,0,0,0,1
4/9/2026,21:51:25,0,0,1,0,0,1
4/9/2026,21:51:30,0,1,0,0,0,1
4/9/2026,21:51:35,0,0,0,0,1,0
4/9/2026,21:51:40,0,0,0,0,1,0
4/9/2026,21:51:45,1,0,0,0,1,0
4/9/2026,21:51:50,1,0,0,0,1,0
4/9/2026,21:51:55,0,1,0,0,1,0
4/9/2026,21:52:00,0,0,0,0,0,1
4/9/2026,21:52:05,0,0,0,0,0,1
4/9/2026,21:52:09,0,0,0,0,0,0
4/9/2026,21:52:10,0,1,0,0,0,1
4/9/2026,21:52:15,0,1,0,0,0,1
4/9/2026,21:52:20,0,1,0,0,0,1
4/9/2026,21:52:25,0,1,0,0,0,1
4/9/2026,21:52:30,1,0,0,0,0,1
4/9/2026,21:52:35,0,0,0,1,0,1
4/9/2026,21:52:40,0,0,0,0,0,1
4/9/2026,21:52:45,0,0,0,0,0,1
4/9/2026,21:52:50,0,1,0,0,0,1
4/9/2026,21:52:55,0,0,1,0,0,1
4/9/2026,21:53:00,0,0,0,0,0,1
4/9/2026,21:53:05,0,0,0,0,0,1
4/9/2026,21:53:09,0,0,0,0,0,0
4/9/2026,21:53:10,0,0,0,0,0,1
4/9/2026,21:53:15,0,0,0,0,0,1
4/9/2026,21:53:20,0,0,0,0,0,1
4/9/2026,21:53:25,0,0,0,0,0,1
4/9/2026,21:53:30,0,0,0,0,0,1
4/9/2026,21:53:35,0,0,0,0,0,1
4/9/2026,21:53:40,0,0,0,0,0,1
4/9/2026,21:53:45,0,0,0,0,0,1
4/9/2026,21:53:50,0,0,0,0,0,1
4/9/2026,21:53:55,0,0,0,0,0,1
4/9/2026,21:54:00,0,0,0,0,0,1
4/9/2026,21:54:05,0,0,0,0,0,1
4/9/2026,21:54:09,0,0,0,0,0,0
4/9/2026,21:54:10,0,0,0,0,0,1
4/9/2026,21:54:15,0,0,0,0,0,1
4/9/2026,21:54:20,0,0,0,0,0,1
4/9/2026,21:54:25,0,0,0,0,0,1
4/9/2026,21:54:30,0,0,0,0,0,1
4/9/2026,21:54:35,0,0,0,0,0,1
4/9/2026,21:54:40,0,0,0,0,0,1
4/9/2026,21:54:45,0,0,0,0,0,1
4/9/2026,21:54:50,0,0,0,0,0,1
4/9/2026,21:54:55,0,0,0,0,0,1
4/9/2026,21:55:00,0,0,0,0,0,1
4/9/2026,21:55:05,0,0,0,0,0,1
4/9/2026,21:55:09,0,0,0,0,0,0
4/9/2026,21:55:10,0,0,0,0,0,1
4/9/2026,21:55:15,0,0,0,0,0,1
4/9/2026,21:55:20,0,0,0,0,0,1
4/9/2026,21:55:25,0,0,0,0,0,1
4/9/2026,21:55:30,0,0,0,0,0,1
4/9/2026,21:55:35,0,0,0,0,0,1
4/9/2026,21:55:40,0,0,0,0,0,1
4/9/2026,21:55:45,0,0,0,0,0,1
4/9/2026,21:55:50,0,0,0,0,0,1
4/9/2026,21:55:55,0,0,0,0,0,1
4/9/2026,21:56:00,0,0,0,0,0,1
4/9/2026,21:56:05,0,0,0,0,0,1
4/9/2026,21:56:09,0,0,0,0,0,0
4/9/2026,21:56:10,0,0,0,0,0,1
4/9/2026,21:56:23,0,0,0,0,0,1
4/9/2026,21:56:28,0,0,0,0,0,1
4/9/2026,21:56:33,0,0,0,0,0,1
4/9/2026,21:56:38,0,0,0,0,0,1
4/9/2026,21:56:43,0,0,0,0,0,1
4/9/2026,21:56:48,0,0,0,0,0,1
4/9/2026,21:56:53,0,0,0,0,0,1
4/9/2026,21:56:58,0,0,0,0,0,1
4/9/2026,21:57:03,0,0,0,0,0,1
4/9/2026,21:57:08,0,0,0,0,0,1
4/9/2026,21:57:09,0,0,0,0,0,0
4/9/2026,21:57:13,0,0,0,0,0,1
4/9/2026,21:57:18,0,0,0,0,0,1
4/9/2026,21:57:23,0,0,0,0,0,1
4/9/2026,21:57:28,0,0,0,0,0,1
4/9/2026,21:57:33,0,0,0,0,0,1
4/9/2026,21:57:38,0,0,0,0,0,1
4/9/2026,21:57:43,0,0,0,0,0,1
4/9/2026,21:57:48,0,0,0,0,0,1
4/9/2026,21:57:53,0,0,0,0,0,1
4/9/2026,21:57:58,0,0,0,0,0,1
4/9/2026,21:58:03,0,0,0,0,0,1
4/9/2026,21:58:08,0,0,0,0,0,1
4/9/2026,21:58:09,0,0,0,0,0,0
4/9/2026,21:58:13,0,0,0,0,0,1
4/9/2026,21:58:18,0,0,0,0,0,1
4/9/2026,21:58:23,0,0,0,0,0,1
4/9/2026,21:58:28,0,0,0,0,0,1
4/9/2026,21:58:33,0,0,0,0,0,1
4/9/2026,21:58:38,0,0,0,0,0,1
4/9/2026,21:58:43,0,0,0,0,0,1
4/9/2026,21:58:48,0,0,0,0,0,1
4/9/2026,21:58:53,0,0,0,0,0,1
4/9/2026,21:58:58,0,0,0,0,0,1
4/9/2026,21:59:03,0,0,0,0,0,1
4/9/2026,21:59:08,0,0,0,0,0,1
4/9/2026,21:59:09,0,0,0,0,0,0
4/9/2026,21:59:13,0,0,0,0,0,1
4/9/2026,21:59:18,0,0,0,0,0,1
4/9/2026,21:59:23,0,0,0,0,0,1
4/9/2026,21:59:28,0,0,0,0,0,1
4/9/2026,21:59:33,0,0,0,0,0,1
4/9/2026,21:59:38,0,0,0,0,0,1
4/9/2026,21:59:43,0,0,0,0,0,1
4/9/2026,21:59:48,0,0,0,0,0,1
4/9/2026,21:59:53,0,0,0,0,0,1
4/9/2026,21:59:58,0,0,0,0,0,1
4/9/2026,22:00:03,0,0,0,0,0,1
4/9/2026,22:00:08,0,0,0,0,0,1
4/9/2026,22:00:09,0,0,0,0,0,0
4/9/2026,22:00:13,0,0,0,0,0,1
4/9/2026,22:00:18,0,0,0,0,0,1
4/9/2026,22:00:23,0,0,0,0,0,1
4/9/2026,22:00:28,0,0,0,0,0,1
4/9/2026,22:00:33,0,0,0,0,0,1
4/9/2026,22:00:38,0,0,0,0,0,1
4/9/2026,22:00:43,0,0,0,0,0,1
4/9/2026,22:00:48,0,0,0,0,0,1
4/9/2026,22:00:53,0,0,0,0,0,1
4/9/2026,22:00:58,0,0,0,0,0,1
4/9/2026,22:01:03,0,0,0,0,0,1
4/9/2026,22:01:08,0,0,0,0,0,1
4/9/2026,22:01:09,0,0,0,0,0,0
4/9/2026,22:01:13,0,0,0,0,0,1
4/9/2026,22:01:18,0,0,0,0,0,1
4/9/2026,22:01:23,0,0,0,0,0,1
4/9/2026,22:01:28,0,0,0,0,0,1
4/9/2026,22:01:33,0,0,0,0,0,1
4/9/2026,22:01:38,0,0,0,0,0,1
4/9/2026,22:01:43,0,0,0,0,0,1
4/9/2026,22:01:48,0,0,0,0,0,1
4/9/2026,22:01:53,0,0,0,0,0,1
4/9/2026,22:01:59,0,0,0,0,0,1
4/9/2026,22:02:04,0,0,0,0,0,1
4/9/2026,22:02:09,0,0,0,0,0,1
4/9/2026,22:02:09,0,0,0,0,0,0
4/9/2026,22:02:14,0,0,0,0,0,1
4/9/2026,22:02:19,0,0,0,0,0,1
4/9/2026,22:02:24,0,0,0,0,0,1
4/9/2026,22:02:29,0,0,0,0,0,1
4/9/2026,22:02:34,0,0,0,0,0,1
4/9/2026,22:02:39,0,0,0,0,0,1
4/9/2026,22:02:44,0,0,0,0,0,1
4/9/2026,22:02:49,0,0,0,0,0,1
4/9/2026,22:02:54,0,0,0,0,0,1
4/9/2026,22:02:59,0,0,0,0,0,1
4/9/2026,22:03:04,0,0,0,0,0,1
4/9/2026,22:03:09,0,0,0,0,0,1
4/9/2026,22:03:09,0,0,0,0,0,0
4/9/2026,22:03:14,0,0,0,0,0,1
4/9/2026,22:03:19,0,0,0,0,0,1
4/9/2026,22:03:24,0,0,0,0,0,1
4/9/2026,22:03:29,0,0,0,0,0,1
4/9/2026,22:03:34,0,0,0,0,0,1
4/9/2026,22:03:39,0,0,0,0,0,1
4/9/2026,22:03:44,0,0,0,0,0,1
4/9/2026,22:03:49,0,0,0,0,0,1
4/9/2026,22:03:54,0,0,0,0,0,1
4/9/2026,22:03:59,0,0,0,0,0,1
4/9/2026,22:04:04,0,0,0,0,0,1
4/9/2026,22:04:09,0,0,0,0,0,1
4/9/2026,22:04:09,0,0,0,0,0,0
4/9/2026,22:04:22,0,0,0,0,0,1
4/9/2026,22:04:27,0,0,0,0,0,1
4/9/2026,22:04:32,0,0,0,0,0,1
4/9/2026,22:04:37,0,0,0,0,0,1
4/9/2026,22:04:42,0,0,0,0,0,1
4/9/2026,22:04:47,0,0,0,0,0,1
4/9/2026,22:04:52,0,0,0,0,0,1
4/9/2026,22:04:57,0,0,0,0,0,1
4/9/2026,22:05:02,0,0,0,0,0,1
4/9/2026,22:05:07,0,0,0,0,0,1
4/9/2026,22:05:09,0,0,0,0,0,0
4/9/2026,22:05:12,0,0,0,0,0,1
4/9/2026,22:05:17,0,0,0,0,0,1
4/9/2026,22:05:22,0,0,0,0,0,1
4/9/2026,22:05:27,0,0,0,0,0,1
4/9/2026,22:05:32,0,0,0,0,0,1
4/9/2026,22:05:37,0,0,0,0,0,1
4/9/2026,22:05:42,0,0,0,0,0,1
4/9/2026,22:05:47,0,0,0,0,0,1
4/9/2026,22:05:52,0,0,0,0,0,1
4/9/2026,22:05:57,0,0,0,0,0,1
4/9/2026,22:06:02,0,0,0,0,0,1
4/9/2026,22:06:07,0,0,0,0,0,1
4/9/2026,22:06:09,0,0,0,0,0,0
4/9/2026,22:06:12,0,0,0,0,0,1
4/9/2026,22:06:17,0,0,0,0,0,1
4/9/2026,22:06:22,0,0,0,0,0,1
4/9/2026,22:06:27,0,0,0,0,0,1
4/9/2026,22:06:32,0,0,0,0,0,1
4/9/2026,22:06:37,0,0,0,0,0,1
4/9/2026,22:06:42,0,0,0,0,0,1
4/9/2026,22:06:47,0,0,0,0,0,1
4/9/2026,22:06:52,0,0,0,0,0,1
4/9/2026,22:06:57,0,0,0,0,0,1
4/9/2026,22:07:02,0,0,0,0,0,1
4/9/2026,22:07:07,0,0,0,0,0,1
4/9/2026,22:07:09,0,0,0,0,0,0
4/9/2026,22:07:12,0,0,0,0,0,1
4/9/2026,22:07:17,0,0,0,0,0,1
4/9/2026,22:07:22,0,0,0,0,0,1
4/9/2026,22:07:27,0,0,0,0,0,1
4/9/2026,22:07:32,0,0,0,0,0,1
4/9/2026,22:07:37,0,0,0,0,0,1
4/9/2026,22:07:42,0,0,0,0,0,1
4/9/2026,22:07:47,0,0,0,0,0,1
4/9/2026,22:07:52,0,0,0,0,0,1
4/9/2026,22:07:57,0,0,0,0,0,1
4/9/2026,22:08:02,0,0,0,0,0,1
4/9/2026,22:08:07,0,0,0,0,0,1
4/9/2026,22:08:09,0,0,0,0,0,0
4/9/2026,22:08:12,0,0,0,0,0,1
4/9/2026,22:08:17,0,0,0,0,0,1
4/9/2026,22:08:22,0,0,0,0,0,1
4/9/2026,22:08:27,0,0,0,0,0,1
4/9/2026,22:08:32,0,0,0,0,0,1
4/9/2026,22:08:37,0,0,0,0,0,1
4/9/2026,22:08:42,0,0,0,0,0,1
4/9/2026,22:08:47,0,0,0,0,0,1
4/9/2026,22:08:52,0,0,0,0,0,1
4/9/2026,22:08:57,0,0,0,0,0,1
4/9/2026,22:09:02,0,0,0,0,0,1
4/9/2026,22:09:07,0,0,0,0,0,1
4/9/2026,22:09:09,0,0,0,0,0,0
4/9/2026,22:09:12,0,0,0,0,0,1
4/9/2026,22:09:17,0,0,0,0,0,1
4/9/2026,22:09:22,0,0,0,0,0,1
4/9/2026,22:09:27,0,0,0,0,0,1
4/9/2026,22:09:32,0,0,0,0,0,1
4/9/2026,22:09:37,0,0,0,0,0,1
4/9/2026,22:09:42,0,0,0,0,0,1
4/9/2026,22:09:47,0,0,0,0,0,1
4/9/2026,22:09:52,0,0,0,0,0,1
4/9/2026,22:09:57,0,0,0,0,0,1
4/9/2026,22:10:02,0,0,0,0,0,1
4/9/2026,22:10:07,0,0,0,0,0,1
4/9/2026,22:10:09,0,0,0,0,0,0
4/9/2026,22:10:12,0,0,0,0,0,1
4/9/2026,22:10:17,0,0,0,0,0,1
4/9/2026,22:10:22,0,0,0,0,0,1
4/9/2026,22:10:27,0,0,0,0,0,1
4/9/2026,22:10:32,0,0,0,0,0,1
4/9/2026,22:10:37,0,0,0,0,0,1
4/9/2026,22:10:42,0,0,0,0,0,1
4/9/2026,22:10:47,0,0,0,0,0,1
4/9/2026,22:10:52,0,0,0,0,0,1
4/9/2026,22:10:57,0,0,0,0,0,1
4/9/2026,22:11:02,0,0,0,0,0,1
4/9/2026,22:11:07,0,0,0,0,0,1
4/9/2026,22:11:09,0,0,0,0,0,0
4/9/2026,22:11:12,0,0,0,0,0,1
4/9/2026,22:11:17,0,0,0,0,0,1
4/9/2026,22:11:22,0,0,0,0,0,1
4/9/2026,22:11:27,0,0,0,0,0,1
4/9/2026,22:11:32,0,0,0,0,0,1
4/9/2026,22:11:37,0,0,0,0,0,1
4/9/2026,22:11:42,0,0,0,0,0,1
4/9/2026,22:11:47,0,0,0,0,0,1
4/9/2026,22:11:52,0,0,0,0,0,1
4/9/2026,22:11:57,0,0,0,0,0,1
4/9/2026,22:12:02,0,0,0,0,0,1
4/9/2026,22:12:07,0,0,0,0,0,1
4/9/2026,22:12:09,0,0,0,0,0,0
4/9/2026,22:12:12,0,0,0,0,0,1
4/9/2026,22:12:17,0,0,0,0,0,1
4/9/2026,22:12:22,0,0,0,0,0,1
4/9/2026,22:12:27,0,0,0,0,0,1
4/9/2026,22:12:32,0,0,0,0,0,1
4/9/2026,22:12:37,0,0,0,0,0,1
4/9/2026,22:12:42,0,0,0,0,0,1
4/9/2026,22:12:47,0,0,0,0,0,1
4/9/2026,22:12:52,0,0,0,0,0,1
4/9/2026,22:12:57,0,0,0,0,0,1
4/9/2026,22:13:02,0,0,0,0,0,1
4/9/2026,22:13:07,0,0,0,0,0,1
4/9/2026,22:13:09,0,0,0,0,0,0
4/9/2026,22:13:12,0,0,0,0,0,1
4/9/2026,22:13:17,0,0,0,0,0,1
4/9/2026,22:13:22,0,0,0,0,0,1
4/9/2026,22:13:27,0,0,0,0,0,1
4/9/2026,22:13:32,0,0,0,0,0,1
4/9/2026,22:13:37,0,0,0,0,0,1
4/9/2026,22:13:42,0,0,0,0,0,1
4/9/2026,22:13:47,0,0,0,0,0,1
4/9/2026,22:13:52,0,0,0,0,0,1
4/9/2026,22:13:57,0,0,0,0,0,1
4/9/2026,22:14:02,0,0,0,0,0,1
4/9/2026,22:14:07,0,0,0,0,0,1
4/9/2026,22:14:09,0,0,0,0,0,0
4/9/2026,22:14:12,0,0,0,0,0,1
4/9/2026,22:14:17,0,0,0,0,0,1
4/9/2026,22:14:22,0,0,0,0,0,1
4/9/2026,22:14:27,0,0,0,0,0,1
4/9/2026,22:14:32,0,0,0,0,0,1
4/9/2026,22:14:37,0,0,0,0,0,1
4/9/2026,22:14:42,0,0,0,0,0,1
4/9/2026,22:14:47,0,0,0,0,0,1
4/9/2026,22:14:52,0,0,0,0,0,1
4/9/2026,22:14:57,0,0,0,0,0,1
4/9/2026,22:15:02,0,0,0,0,0,1
4/9/2026,22:15:07,0,0,0,0,0,1
4/9/2026,22:15:09,0,0,0,0,0,0
4/9/2026,22:15:12,0,0,0,0,0,1
4/9/2026,22:15:17,0,0,0,0,0,1
4/9/2026,22:15:22,0,0,0,0,0,1
4/9/2026,22:15:27,0,0,0,0,0,1
4/9/2026,22:15:32,0,0,0,0,0,1
4/9/2026,22:15:37,0,0,0,0,0,1
4/9/2026,22:15:42,0,0,0,0,0,1
4/9/2026,22:15:47,0,0,0,0,0,1
4/9/2026,22:15:52,0,0,0,0,0,1
4/9/2026,22:15:57,0,0,0,0,0,1
4/9/2026,22:16:02,0,0,0,0,0,1
4/9/2026,22:16:07,0,0,0,0,0,1
4/9/2026,22:16:09,0,0,0,0,0,0
4/9/2026,22:16:12,0,0,0,0,0,1
4/9/2026,22:16:17,0,0,0,0,0,1
4/9/2026,22:16:22,0,0,0,0,0,1
4/9/2026,22:16:27,0,0,0,0,0,1
4/9/2026,22:16:32,0,0,0,0,0,1
4/9/2026,22:16:37,0,0,0,0,0,1
4/9/2026,22:16:42,0,0,0,0,0,1
4/9/2026,22:16:47,0,0,0,0,0,1
4/9/2026,22:16:52,0,0,0,0,0,1
4/9/2026,22:16:57,0,0,0,0,0,1
4/9/2026,22:17:02,0,0,0,0,0,1
4/9/2026,22:17:07,0,0,0,0,0,1
4/9/2026,22:17:09,0,0,0,0,0,0
4/9/2026,22:17:12,0,0,0,0,0,1
4/9/2026,22:17:17,0,0,0,0,0,1
4/9/2026,22:17:22,0,0,0,0,0,1
4/9/2026,22:17:27,0,0,0,0,0,1
4/9/2026,22:17:32,0,0,0,0,0,1
4/9/2026,22:17:37,0,0,0,0,0,1
4/9/2026,22:17:42,0,0,0,0,0,1
4/9/2026,22:17:47,0,0,0,0,0,1
4/9/2026,22:17:52,0,0,0,0,0,1
4/9/2026,22:17:57,0,0,0,0,0,1
4/9/2026,22:18:02,0,0,0,0,0,1
4/9/2026,22:18:07,0,0,0,0,0,1
4/9/2026,22:18:09,0,0,0,0,0,0
4/9/2026,22:18:12,0,0,0,0,0,1
4/9/2026,22:18:17,0,0,0,0,0,1
4/9/2026,22:18:22,0,0,0,0,0,1
4/9/2026,22:18:27,0,0,0,0,0,1
4/9/2026,22:18:32,0,0,0,0,0,1
4/9/2026,22:18:37,0,0,0,0,0,1
4/9/2026,22:18:42,0,0,0,0,0,1
4/9/2026,22:18:47,0,0,0,0,0,1
4/9/2026,22:18:52,0,0,0,0,0,1
4/9/2026,22:18:57,0,0,0,0,0,1
4/9/2026,22:19:02,0,0,0,0,0,1
4/9/2026,22:19:07,0,0,0,0,0,1
4/9/2026,22:19:09,0,0,0,0,0,0
4/9/2026,22:19:12,0,0,0,0,0,1
4/9/2026,22:19:17,0,0,0,0,0,1
4/9/2026,22:19:22,0,0,0,0,0,1
4/9/2026,22:19:27,0,0,0,0,0,1
4/9/2026,22:19:32,0,0,0,0,0,1
4/9/2026,22:19:37,0,0,0,0,0,1
4/9/2026,22:19:42,0,0,0,0,0,1
4/9/2026,22:19:47,0,0,0,0,0,1
4/9/2026,22:19:52,0,0,0,0,0,1
4/9/2026,22:19:57,0,0,0,0,0,1
4/9/2026,22:20:02,0,0,0,0,0,1
4/9/2026,22:20:07,0,0,0,0,0,1
4/9/2026,22:20:09,0,0,0,0,0,0
4/9/2026,22:20:12,0,0,0,0,0,1
4/9/2026,22:20:17,0,0,0,0,0,1
4/9/2026,22:20:22,0,0,0,0,0,1
4/9/2026,22:20:27,0,0,0,0,0,1
4/9/2026,22:20:32,0,0,0,0,0,1
4/9/2026,22:20:37,0,0,0,0,0,1
4/9/2026,22:20:42,0,0,0,0,0,1
4/9/2026,22:20:47,0,0,0,0,0,1
4/9/2026,22:20:52,0,0,0,0,0,1
4/9/2026,22:20:57,0,0,0,0,0,1
4/9/2026,22:21:02,0,0,0,0,0,1
4/9/2026,22:21:07,0,0,0,0,0,1
4/9/2026,22:21:09,0,0,0,0,0,0
4/9/2026,22:21:12,0,0,0,0,0,1
4/9/2026,22:21:17,0,0,0,0,0,1
4/9/2026,22:21:22,0,0,0,0,0,1
4/9/2026,22:21:27,0,0,0,0,0,1
4/9/2026,22:21:32,0,0,0,0,0,1
4/9/2026,22:21:37,0,0,0,0,0,1
4/9/2026,22:21:42,0,0,0,0,0,1
4/9/2026,22:21:47,0,0,0,0,0,1
4/9/2026,22:21:52,0,0,0,0,0,1
4/9/2026,22:21:57,0,0,0,0,0,1
4/9/2026,22:22:02,0,0,0,0,0,1
4/9/2026,22:22:07,0,0,0,0,0,1
4/9/2026,22:22:09,0,0,0,0,0,0
4/9/2026,22:22:12,0,0,0,0,0,1
4/9/2026,22:22:17,0,0,0,0,0,1
4/9/2026,22:22:22,0,0,0,0,0,1
4/9/2026,22:22:27,0,0,0,0,0,1
4/9/2026,22:22:32,0,0,0,0,0,1
4/9/2026,22:22:37,0,0,0,0,0,1
4/9/2026,22:22:42,0,0,0,0,0,1
4/9/2026,22:22:47,0,0,0,0,0,1
4/9/2026,22:22:52,0,0,0,0,0,1
4/9/2026,22:22:57,0,0,0,0,0,1
4/9/2026,22:23:02,0,0,0,0,0,1
4/9/2026,22:23:07,0,0,0,0,0,1
4/9/2026,22:23:09,0,0,0,0,0,0
4/9/2026,22:23:12,0,0,0,0,0,1
4/9/2026,22:23:17,0,0,0,0,0,1
4/9/2026,22:23:22,0,0,0,0,0,1
4/9/2026,22:23:27,0,0,0,0,0,1
4/9/2026,22:23:32,0,0,0,0,0,1
4/9/2026,22:23:37,0,0,0,0,0,1
4/9/2026,22:23:42,0,0,0,0,0,1
4/9/2026,22:23:47,0,0,0,0,0,1
4/9/2026,22:23:52,0,0,0,0,0,1
4/9/2026,22:23:57,0,0,0,0,0,1
4/9/2026,22:24:02,0,0,0,0,0,1
4/9/2026,22:24:07,0,0,0,0,0,1
4/9/2026,22:24:09,0,0,0,0,0,0
4/9/2026,22:24:12,0,0,0,0,0,1
4/9/2026,22:24:17,0,0,0,0,0,1
4/9/2026,22:24:22,0,0,0,0,0,1
4/9/2026,22:24:27,0,0,0,0,0,1
4/9/2026,22:24:32,0,0,0,0,0,1
4/9/2026,22:24:37,0,0,0,0,0,1
4/9/2026,22:24:42,0,0,0,0,0,1
4/9/2026,22:24:47,0,0,0,0,0,1
4/9/2026,22:24:52,0,0,0,0,0,1
4/9/2026,22:24:57,0,0,0,0,0,1
4/9/2026,22:25:02,0,0,0,0,0,1
4/9/2026,22:25:07,0,0,0,0,0,1
4/9/2026,22:25:09,0,0,0,0,0,0
4/9/2026,22:25:12,0,0,0,0,0,1
4/9/2026,22:25:17,0,0,0,0,0,1
4/9/2026,22:25:22,0,0,0,0,0,1
4/9/2026,22:25:27,0,0,0,0,0,1
4/9/2026,22:25:32,0,0,0,0,0,1
4/9/2026,22:25:37,0,0,0,0,0,1
4/9/2026,22:25:42,0,0,0,0,0,1
4/9/2026,22:25:47,0,0,0,0,0,1
4/9/2026,22:25:52,0,0,0,0,0,1
4/9/2026,22:25:57,0,0,0,0,0,1
4/9/2026,22:26:02,0,0,0,0,0,1
4/9/2026,22:26:07,0,0,0,0,0,1
4/9/2026,22:26:09,0,0,0,0,0,0
4/9/2026,22:26:12,0,0,0,0,0,1
4/9/2026,22:26:17,0,0,0,0,0,1
4/9/2026,22:26:22,0,0,0,0,0,1
4/9/2026,22:26:27,0,0,0,0,0,1
4/9/2026,22:26:32,0,0,0,0,0,1
4/9/2026,22:26:37,0,0,0,0,0,1
4/9/2026,22:26:42,0,0,0,0,0,1
4/9/2026,22:26:47,0,0,0,0,0,1
4/9/2026,22:26:52,0,0,0,0,0,1
4/9/2026,22:26:57,0,0,0,0,0,1
4/9/2026,22:27:02,0,0,0,0,0,1
4/9/2026,22:27:07,0,0,0,0,0,1
4/9/2026,22:27:09,0,0,0,0,0,0
4/9/2026,22:27:12,0,0,0,0,0,1
4/9/2026,22:27:17,0,0,0,0,0,1
4/9/2026,22:27:22,0,0,0,0,0,1
4/9/2026,22:27:27,0,0,0,0,0,1
4/9/2026,22:27:32,0,0,0,0,0,1
4/9/2026,22:27:37,0,0,0,0,0,1
4/9/2026,22:27:42,0,0,0,0,0,1
4/9/2026,22:27:47,0,0,0,0,0,1
4/9/2026,22:27:52,0,0,0,0,0,1
4/9/2026,22:27:57,0,0,0,0,0,1
4/9/2026,22:28:02,0,0,0,0,0,1
4/9/2026,22:28:07,0,0,0,0,0,1
4/9/2026,22:28:09,0,0,0,0,0,0
4/9/2026,22:28:12,0,0,0,0,0,1
4/9/2026,22:28:17,0,0,0,0,0,1
4/9/2026,22:28:22,0,0,0,0,0,1
4/9/2026,22:28:27,0,0,0,0,0,1
4/9/2026,22:28:32,0,0,0,0,0,1
4/9/2026,22:28:37,0,0,0,0,0,1
4/9/2026,22:28:42,0,0,0,0,0,1
4/9/2026,22:28:47,0,0,0,0,0,1
4/9/2026,22:28:52,0,0,0,0,0,1
4/9/2026,22:28:57,0,0,0,0,0,1
4/9/2026,22:29:02,0,0,0,0,0,1
4/9/2026,22:29:07,0,0,0,0,0,1
4/9/2026,22:29:09,0,0,0,0,0,0
4/9/2026,22:29:12,0,0,0,0,0,1
4/9/2026,22:29:17,0,0,0,0,0,1
4/9/2026,22:29:22,0,0,0,0,0,1
4/9/2026,22:29:27,0,0,0,0,0,1
4/9/2026,22:29:32,0,0,0,0,0,1
4/9/2026,22:29:37,0,0,0,0,0,1
4/9/2026,22:29:42,0,0,0,0,0,1
4/9/2026,22:29:47,0,0,0,0,0,1
4/9/2026,22:29:52,0,0,0,0,0,1
4/9/2026,22:29:57,0,0,0,0,0,1
4/9/2026,22:30:02,0,0,0,0,0,1
4/9/2026,22:30:07,0,0,0,0,0,1
4/9/2026,22:30:09,0,0,0,0,0,0
4/9/2026,22:30:12,0,0,0,0,0,1
4/9/2026,22:30:17,0,0,0,0,0,1
4/9/2026,22:30:22,0,0,0,0,0,1
4/9/2026,22:30:27,0,0,0,0,0,1
4/9/2026,22:30:32,0,0,0,0,0,1
4/9/2026,22:30:37,0,0,0,0,0,1
4/9/2026,22:30:50,0,0,0,0,0,1
4/9/2026,22:30:55,0,0,0,0,0,1
4/9/2026,22:31:00,0,0,0,0,0,1
4/9/2026,22:31:05,0,0,0,0,0,1
4/9/2026,22:31:09,0,0,0,0,0,0
4/9/2026,22:31:10,0,0,0,0,0,1
4/9/2026,22:31:15,0,0,0,0,0,1
4/9/2026,22:31:20,0,0,0,0,0,1
4/9/2026,22:31:25,0,0,0,0,0,1
4/9/2026,22:31:30,0,0,0,0,0,1
4/9/2026,22:31:35,0,0,0,0,0,1
4/9/2026,22:31:40,0,0,0,0,0,1
4/9/2026,22:31:45,0,0,0,0,0,1
4/9/2026,22:31:50,0,0,0,0,0,1
4/9/2026,22:31:55,0,0,0,0,0,1
4/9/2026,22:32:00,0,0,0,0,0,1
4/9/2026,22:32:05,0,0,0,0,0,1
4/9/2026,22:32:09,0,0,0,0,0,0
4/9/2026,22:32:10,0,0,0,0,0,1
4/9/2026,22:32:15,0,0,0,0,0,1
4/9/2026,22:32:20,0,0,0,0,0,1
4/9/2026,22:32:25,0,0,0,0,0,1
4/9/2026,22:32:30,0,0,0,0,0,1
4/9/2026,22:32:35,0,0,0,0,0,1
4/9/2026,22:32:40,0,0,0,0,0,1
4/9/2026,22:32:45,0,0,0,0,0,1
4/9/2026,22:32:50,0,0,0,0,0,1
4/9/2026,22:32:55,0,0,0,0,0,1
4/9/2026,22:33:00,0,0,0,0,0,1
4/9/2026,22:33:05,0,0,0,0,0,1
4/9/2026,22:33:09,0,0,0,0,0,0
4/9/2026,22:33:10,0,0,0,0,0,1
4/9/2026,22:33:15,0,0,0,0,0,1
4/9/2026,22:33:20,0,0,0,0,0,1
4/9/2026,22:33:25,0,0,0,0,0,1
4/9/2026,22:33:30,0,0,0,0,0,1
4/9/2026,22:33:35,0,0,0,0,0,1
4/9/2026,22:33:40,0,0,0,0,0,1
4/9/2026,22:33:45,0,0,0,0,0,1
4/9/2026,22:33:58,0,0,0,0,0,1
4/9/2026,22:34:03,0,0,0,0,0,1
4/9/2026,22:34:08,0,0,0,0,0,1
4/9/2026,22:34:09,0,0,0,0,0,0
4/9/2026,22:34:13,0,0,0,0,0,1
4/9/2026,22:34:18,0,0,0,0,0,1
4/9/2026,22:34:23,0,0,0,0,0,1
4/9/2026,22:34:28,0,0,0,0,0,1
4/9/2026,22:34:33,0,0,0,0,0,1
4/9/2026,22:34:38,0,0,0,0,0,1
4/9/2026,22:34:43,0,0,0,0,0,1
4/9/2026,22:34:48,0,0,0,0,0,1
4/9/2026,22:34:53,0,0,0,0,0,1
4/9/2026,22:34:58,0,0,0,0,0,1
4/9/2026,22:35:03,0,0,0,0,0,1
4/9/2026,22:35:08,0,0,0,0,0,1
4/9/2026,22:35:09,0,0,0,0,0,0
4/9/2026,22:35:13,0,0,0,0,0,1
4/9/2026,22:35:18,0,0,0,0,0,1
4/9/2026,22:35:23,0,0,0,0,0,1
4/9/2026,22:35:28,0,0,0,0,0,1
4/9/2026,22:35:33,0,0,0,0,0,1
4/9/2026,22:35:38,0,0,0,0,0,1
4/9/2026,22:35:43,0,0,0,0,0,1
4/9/2026,22:35:48,0,0,0,0,0,1
4/9/2026,22:35:53,0,0,0,0,0,1
4/9/2026,22:35:58,0,0,0,0,0,1
4/9/2026,22:36:03,0,0,0,0,0,1
4/9/2026,22:36:08,0,0,0,0,0,1
4/9/2026,22:36:09,0,0,0,0,0,0
4/9/2026,22:36:13,0,0,0,0,0,1
4/9/2026,22:36:18,0,0,0,0,0,1
4/9/2026,22:36:23,0,0,0,0,0,1
4/9/2026,22:36:28,0,0,0,0,0,1
4/9/2026,22:36:33,0,0,0,0,0,1
4/9/2026,22:36:38,0,0,0,0,0,1
4/9/2026,22:36:43,0,0,0,0,0,1
4/9/2026,22:36:48,0,0,0,0,0,1
4/9/2026,22:36:53,0,0,0,0,0,1
4/9/2026,22:36:58,0,0,0,0,0,1
4/9/2026,22:37:03,0,0,0,0,0,1
4/9/2026,22:37:08,0,0,0,0,0,1
4/9/2026,22:37:09,0,0,0,0,0,0
4/9/2026,22:37:13,0,0,0,0,0,1
4/9/2026,22:37:18,0,0,0,0,0,1
4/9/2026,22:37:23,0,0,0,0,0,1
4/9/2026,22:37:28,0,0,0,0,0,1
4/9/2026,22:37:33,0,0,0,0,0,1
4/9/2026,22:37:38,0,0,0,0,0,1
4/9/2026,22:37:43,0,0,0,0,0,1
4/9/2026,22:37:48,0,0,0,0,0,1
4/9/2026,22:37:53,0,0,0,0,0,1
4/9/2026,22:37:58,0,0,0,0,0,1
4/9/2026,22:38:03,0,0,0,0,0,1
4/9/2026,22:38:08,0,0,0,0,0,1
4/9/2026,22:38:09,0,0,0,0,0,0
4/9/2026,22:38:13,0,0,0,0,0,1
4/9/2026,22:38:18,0,0,0,0,0,1
4/9/2026,22:38:23,0,0,0,0,0,1
4/9/2026,22:38:28,0,0,0,0,0,1
4/9/2026,22:38:33,0,0,0,0,0,1
4/9/2026,22:38:38,0,0,0,0,0,1
4/9/2026,22:38:43,0,0,0,0,0,1
4/9/2026,22:38:48,0,0,0,0,0,1
4/9/2026,22:38:53,0,0,0,0,0,1
4/9/2026,22:38:58,0,0,0,0,0,1
4/9/2026,22:39:03,0,0,0,0,0,1
4/9/2026,22:39:08,0,0,0,0,0,1
4/9/2026,22:39:09,0,0,0,0,0,0
4/9/2026,22:39:13,0,0,0,0,0,1
4/9/2026,22:39:18,0,0,0,0,0,1
4/9/2026,22:39:23,0,0,0,0,0,1
4/9/2026,22:39:28,0,0,0,0,0,1
4/9/2026,22:39:33,0,0,0,0,0,1
4/9/2026,22:39:38,0,0,0,0,0,1
4/9/2026,22:39:43,0,0,0,0,0,1
4/9/2026,22:39:48,0,0,0,0,0,1
4/9/2026,22:39:53,0,0,0,0,0,1
4/9/2026,22:39:58,0,0,0,0,0,1
4/9/2026,22:40:03,0,0,0,0,0,1
4/9/2026,22:40:08,0,0,0,0,0,1
4/9/2026,22:40:09,0,0,0,0,0,0
4/9/2026,22:40:13,0,0,0,0,0,1
4/9/2026,22:40:18,0,0,0,0,0,1
4/9/2026,22:40:23,0,0,0,0,0,1
4/9/2026,22:40:28,0,0,0,0,0,1
4/9/2026,22:40:33,0,0,0,0,0,1
4/9/2026,22:40:38,0,0,0,0,0,1
4/9/2026,22:40:43,0,0,0,0,0,1
4/9/2026,22:40:48,0,0,0,0,0,1
4/9/2026,22:40:53,0,0,0,0,0,1
4/9/2026,22:40:58,0,0,0,0,0,1
4/9/2026,22:41:03,0,0,0,0,0,1
4/9/2026,22:41:08,0,0,0,0,0,1
4/9/2026,22:41:09,0,0,0,0,0,0
4/9/2026,22:41:13,0,0,0,0,0,1
4/9/2026,22:41:18,0,0,0,0,0,1
4/9/2026,22:41:23,0,0,0,0,0,1
4/9/2026,22:41:28,0,0,0,0,0,1
4/9/2026,22:41:33,0,0,0,0,0,1
4/9/2026,22:41:38,0,0,0,0,0,1
4/9/2026,22:41:43,0,0,0,0,0,1
4/9/2026,22:41:48,0,0,0,0,0,1
4/9/2026,22:41:53,0,0,0,0,0,1
4/9/2026,22:41:58,0,0,0,0,0,1
4/9/2026,22:42:03,0,0,0,0,0,1
4/9/2026,22:42:08,0,0,0,0,0,1
4/9/2026,22:42:09,0,0,0,0,0,0
4/9/2026,22:42:13,0,0,0,0,0,1
4/9/2026,22:42:18,0,0,0,0,0,1
4/9/2026,22:42:23,0,0,0,0,0,1
4/9/2026,22:42:28,0,0,0,0,0,1
4/9/2026,22:42:33,0,0,0,0,0,1
4/9/2026,22:42:38,0,0,0,0,0,1
4/9/2026,22:42:43,0,0,0,0,0,1
4/9/2026,22:42:48,0,0,0,0,0,1
4/9/2026,22:42:53,0,0,0,0,0,1
4/9/2026,22:42:58,0,0,0,0,0,1
4/9/2026,22:43:03,0,0,0,0,0,1
4/9/2026,22:43:08,0,0,0,0,0,1
4/9/2026,22:43:09,0,0,0,0,0,0
4/9/2026,22:43:13,0,0,0,0,0,1
4/9/2026,22:43:18,0,0,0,0,0,1
4/9/2026,22:43:23,0,0,0,0,0,1
4/9/2026,22:43:28,0,0,0,0,0,1
4/9/2026,22:43:33,0,0,0,0,0,1
4/9/2026,22:43:38,0,0,0,0,0,1
4/9/2026,22:43:43,0,0,0,0,0,1
4/9/2026,22:43:48,0,0,0,0,0,1
4/9/2026,22:43:53,0,0,0,0,0,1
4/9/2026,22:43:58,0,0,0,0,0,1
4/9/2026,22:44:03,0,0,0,0,0,1
4/9/2026,22:44:08,0,0,0,0,0,1
4/9/2026,22:44:09,0,0,0,0,0,0
4/9/2026,22:44:13,0,0,0,0,0,1
4/9/2026,22:44:18,0,0,0,0,0,1
4/9/2026,22:44:23,0,0,0,0,0,1
4/9/2026,22:44:28,0,0,0,0,0,1
4/9/2026,22:44:33,0,0,0,0,0,1
4/9/2026,22:44:38,0,0,0,0,0,1
4/9/2026,22:44:43,0,0,0,0,0,1
4/9/2026,22:44:48,0,0,0,0,0,1
4/9/2026,22:44:53,0,0,0,0,0,1
4/9/2026,22:44:58,0,0,0,0,0,1
4/9/2026,22:45:03,0,0,0,0,0,1
4/9/2026,22:45:08,0,0,0,0,0,1
4/9/2026,22:45:09,0,0,0,0,0,0
4/9/2026,22:45:13,0,0,0,0,0,1
4/9/2026,22:45:18,0,0,0,0,0,1
4/9/2026,22:45:23,0,0,0,0,0,1
4/9/2026,22:45:28,0,0,0,0,0,1
4/9/2026,22:45:33,0,0,0,0,0,1
4/9/2026,22:45:38,0,0,0,0,0,1
4/9/2026,22:45:43,0,0,0,0,0,1
4/9/2026,22:45:48,0,0,0,0,0,1
4/9/2026,22:45:53,0,0,0,0,0,1
4/9/2026,22:45:58,0,0,0,0,0,1
4/9/2026,22:46:03,0,0,0,0,0,1
4/9/2026,22:46:08,0,0,0,0,0,1
4/9/2026,22:46:09,0,0,0,0,0,0
4/9/2026,22:46:13,0,0,0,0,0,1
4/9/2026,22:46:18,0,0,0,0,0,1
4/9/2026,22:46:23,0,0,0,0,0,1
4/9/2026,22:46:28,0,0,0,0,0,1
4/9/2026,22:46:33,0,0,0,0,0,1
4/9/2026,22:46:38,0,0,0,0,0,1
4/9/2026,22:46:43,0,0,0,0,0,1
4/9/2026,22:46:48,0,0,0,0,0,1
4/9/2026,22:46:53,0,0,0,0,0,1
4/9/2026,22:46:58,0,0,0,0,0,1
4/9/2026,22:47:03,0,0,0,0,0,1
4/9/2026,22:47:08,0,0,0,0,0,1
4/9/2026,22:47:09,0,0,0,0,0,0
4/9/2026,22:47:13,0,0,0,0,0,1
4/9/2026,22:47:18,0,0,0,0,0,1
4/9/2026,22:47:23,0,0,0,0,0,1
4/9/2026,22:47:28,0,0,0,0,0,1
4/9/2026,22:47:33,0,0,0,0,0,1
4/9/2026,22:47:38,0,0,0,0,0,1
4/9/2026,22:47:43,0,0,0,0,0,1
4/9/2026,22:47:48,0,0,0,0,0,1
4/9/2026,22:47:53,0,0,0,0,0,1
4/9/2026,22:47:58,0,0,0,0,0,1
4/9/2026,22:48:03,0,0,0,0,0,1
4/9/2026,22:48:08,0,0,0,0,0,1
4/9/2026,22:48:09,0,0,0,0,0,0
4/9/2026,22:48:13,0,0,0,0,0,1
4/9/2026,22:48:18,0,0,0,0,0,1
4/9/2026,22:48:23,0,0,0,0,0,1
4/9/2026,22:48:28,0,0,0,0,0,1
4/9/2026,22:48:33,0,0,0,0,0,1
4/9/2026,22:48:38,0,0,0,0,0,1
4/9/2026,22:48:43,0,0,0,0,0,1
4/9/2026,22:48:48,0,0,0,0,0,1
4/9/2026,22:48:53,0,0,0,0,0,1
4/9/2026,22:48:58,0,0,0,0,0,1
4/9/2026,22:49:03,0,0,0,0,0,1
4/9/2026,22:49:08,0,0,0,0,0,1
4/9/2026,22:49:09,0,0,0,0,0,0
4/9/2026,22:49:13,0,0,0,0,0,1
4/9/2026,22:49:18,0,0,0,0,0,1
4/9/2026,22:49:23,0,0,0,0,0,1
4/9/2026,22:49:28,0,0,0,0,0,1
4/9/2026,22:49:33,0,0,0,0,0,1
4/9/2026,22:49:38,0,0,0,0,0,1
4/9/2026,22:49:43,0,0,0,0,0,1
4/9/2026,22:49:48,0,0,0,0,0,1
4/9/2026,22:49:53,0,0,0,0,0,1
4/9/2026,22:49:58,0,0,0,0,0,1
4/9/2026,22:50:03,0,0,0,0,0,1
4/9/2026,22:50:08,0,0,0,0,0,1
4/9/2026,22:50:09,0,0,0,0,0,0
4/9/2026,22:50:13,0,0,0,0,0,1
4/9/2026,22:50:18,0,0,0,0,0,1
4/9/2026,22:50:23,0,0,0,0,0,1
4/9/2026,22:50:28,0,0,0,0,0,1
4/9/2026,22:50:33,0,0,0,0,0,1
4/9/2026,22:50:38,0,0,0,0,0,1
4/9/2026,22:50:43,0,0,0,0,0,1
4/9/2026,22:50:48,0,0,0,0,0,1
4/9/2026,22:50:53,0,0,0,0,0,1
4/9/2026,22:50:58,0,0,0,0,0,1
4/9/2026,22:51:03,0,0,0,0,0,1
4/9/2026,22:51:08,0,0,0,0,0,1
4/9/2026,22:51:09,0,0,0,0,0,0
4/9/2026,22:51:13,0,0,0,0,0,1
4/9/2026,22:51:18,0,0,0,0,0,1
4/9/2026,22:51:23,0,0,0,0,0,1
4/9/2026,22:51:28,0,0,0,0,0,1
4/9/2026,22:51:33,0,0,0,0,0,1
4/9/2026,22:51:38,0,0,0,0,0,1
4/9/2026,22:51:43,0,0,0,0,0,1
4/9/2026,22:51:48,0,0,0,0,0,1
4/9/2026,22:51:53,0,0,0,0,0,1
4/9/2026,22:51:58,0,0,0,0,0,1
4/9/2026,22:52:03,0,0,0,0,0,1
4/9/2026,22:52:08,0,0,0,0,0,1
4/9/2026,22:52:09,0,0,0,0,0,0
4/9/2026,22:52:13,0,0,0,0,0,1
4/9/2026,22:52:18,0,0,0,0,0,1
4/9/2026,22:52:23,0,0,0,0,0,1
4/9/2026,22:52:28,0,0,0,0,0,1
4/9/2026,22:52:33,0,0,0,0,0,1
4/9/2026,22:52:38,0,0,0,0,0,1
4/9/2026,22:52:43,0,0,0,0,0,1
4/9/2026,22:52:48,0,0,0,0,0,1
4/9/2026,22:52:53,0,0,0,0,0,1
4/9/2026,22:52:58,0,0,0,0,0,1
4/9/2026,22:53:03,0,0,0,0,0,1
4/9/2026,22:53:08,0,0,0,0,0,1
4/9/2026,22:53:09,0,0,0,0,0,0
4/9/2026,22:53:13,0,0,0,0,0,1
4/9/2026,22:53:18,0,0,0,0,0,1
4/9/2026,22:53:23,0,0,0,0,0,1
4/9/2026,22:53:28,0,0,0,0,0,1
4/9/2026,22:53:33,0,0,0,0,0,1
4/9/2026,22:53:38,0,0,0,0,0,1
4/9/2026,22:53:43,0,0,0,0,0,1
4/9/2026,22:53:48,0,0,0,0,0,1
4/9/2026,22:53:53,0,0,0,0,0,1
4/9/2026,22:53:58,0,0,0,0,0,1
4/9/2026,22:54:03,0,0,0,0,0,1
4/9/2026,22:54:08,0,0,0,0,0,1
4/9/2026,22:54:09,0,0,0,0,0,0
4/9/2026,22:54:13,0,0,0,0,0,1
4/9/2026,22:54:18,0,0,0,0,0,1
4/9/2026,22:54:23,0,0,0,0,0,1
4/9/2026,22:54:28,0,0,0,0,0,1
4/9/2026,22:54:33,0,0,0,0,0,1
4/9/2026,22:54:38,0,0,0,0,0,1
4/9/2026,22:54:43,0,0,0,0,0,1
4/9/2026,22:54:48,0,0,0,0,0,1
4/9/2026,22:54:53,0,0,0,0,0,1
4/9/2026,22:54:58,0,0,0,0,0,1
4/9/2026,22:55:03,0,0,0,0,0,1
4/9/2026,22:55:08,0,0,0,0,0,1
4/9/2026,22:55:09,0,0,0,0,0,0
4/9/2026,22:55:13,0,0,0,0,0,1
4/9/2026,22:55:18,0,0,0,0,0,1
4/9/2026,22:55:23,0,0,0,0,0,1
4/9/2026,22:55:28,0,0,0,0,0,1
4/9/2026,22:55:33,0,0,0,0,0,1
4/9/2026,22:55:38,0,0,0,0,0,1
4/9/2026,22:55:43,0,0,0,0,0,1
4/9/2026,22:55:48,0,0,0,0,0,1
4/9/2026,22:55:53,0,0,0,0,0,1
4/9/2026,22:55:58,0,0,0,0,0,1
4/9/2026,22:56:03,0,0,0,0,0,1
4/9/2026,22:56:08,0,0,0,0,0,1
4/9/2026,22:56:09,0,0,0,0,0,0
4/9/2026,22:56:13,0,0,0,0,0,1
4/9/2026,22:56:18,0,0,0,0,0,1
4/9/2026,22:56:23,0,0,0,0,0,1
4/9/2026,22:56:28,0,0,0,0,0,1
4/9/2026,22:56:33,0,0,0,0,0,1
4/9/2026,22:56:38,0,0,0,0,0,1
4/9/2026,22:56:43,0,0,0,0,0,1
4/9/2026,22:56:48,0,0,0,0,0,1
4/9/2026,22:56:53,0,0,0,0,0,1
4/9/2026,22:56:58,0,0,0,0,0,1
4/9/2026,22:57:03,0,0,0,0,0,1
4/9/2026,22:57:08,0,0,0,0,0,1
4/9/2026,22:57:09,0,0,0,0,0,0
4/9/2026,22:57:13,0,0,0,0,0,1
4/9/2026,22:57:18,0,0,0,0,0,1
4/9/2026,22:57:23,0,0,0,0,0,1
4/9/2026,22:57:28,0,0,0,0,0,1
4/9/2026,22:57:33,0,0,0,0,0,1
4/9/2026,22:57:38,0,0,0,0,0,1
4/9/2026,22:57:43,0,0,0,0,0,1
4/9/2026,22:57:48,0,0,0,0,0,1
4/9/2026,22:57:53,0,0,0,0,0,1
4/9/2026,22:57:58,0,0,0,0,0,1
4/9/2026,22:58:03,0,0,0,0,0,1
4/9/2026,22:58:08,0,0,0,0,0,1
4/9/2026,22:58:09,0,0,0,0,0,0
4/9/2026,22:58:13,0,0,0,0,0,1
4/9/2026,22:58:18,0,0,0,0,0,1
4/9/2026,22:58:23,0,0,0,0,0,1
4/9/2026,22:58:28,0,0,0,0,0,1
4/9/2026,22:58:33,0,0,0,0,0,1
4/9/2026,22:58:38,0,0,0,0,0,1
4/9/2026,22:58:43,0,0,0,0,0,1
4/9/2026,22:58:48,0,0,0,0,0,1
4/9/2026,22:58:53,0,0,0,0,0,1
4/9/2026,22:58:58,0,0,0,0,0,1
4/9/2026,22:59:03,0,0,0,0,0,1
4/9/2026,22:59:08,0,0,0,0,0,1
4/9/2026,22:59:09,0,0,0,0,0,0
4/9/2026,22:59:13,0,0,0,0,0,1
4/9/2026,22:59:18,0,0,0,0,0,1
4/9/2026,22:59:23,0,0,0,0,0,1
4/9/2026,22:59:28,0,0,0,0,0,1
4/9/2026,22:59:33,0,0,0,0,0,1
4/9/2026,22:59:38,0,0,0,0,0,1
4/9/2026,22:59:43,0,0,0,0,0,1
4/9/2026,22:59:48,0,0,0,0,0,1
4/9/2026,22:59:53,0,0,0,0,0,1
4/9/2026,22:59:58,0,0,0,0,0,1
4/9/2026,23:00:03,0,0,0,0,0,1
4/9/2026,23:00:08,0,0,0,0,0,1
4/9/2026,23:00:09,0,0,0,0,0,0
4/9/2026,23:00:13,0,0,0,0,0,1
4/9/2026,23:00:18,0,0,0,0,0,1
4/9/2026,23:00:23,0,0,0,0,0,1
4/9/2026,23:00:28,0,0,0,0,0,1
4/9/2026,23:00:33,0,0,0,0,0,1
4/9/2026,23:00:38,0,0,0,0,0,1
4/9/2026,23:00:43,0,0,0,0,0,1
4/9/2026,23:00:48,0,0,0,0,0,1
4/9/2026,23:00:53,0,0,0,0,0,1
4/9/2026,23:00:58,0,0,0,0,0,1
4/9/2026,23:01:03,0,0,0,0,0,1
4/9/2026,23:01:08,0,0,0,0,0,1
4/9/2026,23:01:09,0,0,0,0,0,0
4/9/2026,23:01:13,0,0,0,0,0,1
4/9/2026,23:01:18,0,0,0,0,0,1
4/9/2026,23:01:23,0,0,0,0,0,1
4/9/2026,23:01:28,0,0,0,0,0,1
4/9/2026,23:01:33,0,0,0,0,0,1
4/9/2026,23:01:38,0,0,0,0,0,1
4/9/2026,23:01:43,0,0,0,0,0,1
4/9/2026,23:01:48,0,0,0,0,0,1
4/9/2026,23:01:53,0,0,0,0,0,1
4/9/2026,23:01:58,0,0,0,0,0,1
4/9/2026,23:02:03,0,0,0,0,0,1
4/9/2026,23:02:08,0,0,0,0,0,1
4/9/2026,23:02:09,0,0,0,0,0,0
4/9/2026,23:02:13,0,0,0,0,0,1
4/9/2026,23:02:18,0,0,0,0,0,1
4/9/2026,23:02:23,0,0,0,0,0,1
4/9/2026,23:02:28,0,0,0,0,0,1
4/9/2026,23:02:33,0,0,0,0,0,1
4/9/2026,23:02:38,0,0,0,0,0,1
4/9/2026,23:02:43,0,0,0,0,0,1
4/9/2026,23:02:48,0,0,0,0,0,1
4/9/2026,23:02:53,0,0,0,0,0,1
4/9/2026,23:02:58,0,0,0,0,0,1
4/9/2026,23:03:03,0,0,0,0,0,1
4/9/2026,23:03:08,0,0,0,0,0,1
4/9/2026,23:03:09,0,0,0,0,0,0
4/9/2026,23:03:13,0,0,0,0,0,1
4/9/2026,23:03:18,0,0,0,0,0,1
4/9/2026,23:03:23,0,0,0,0,0,1
4/9/2026,23:03:28,0,0,0,0,0,1
4/9/2026,23:03:33,0,0,0,0,0,1
4/9/2026,23:03:38,0,0,0,0,0,1
4/9/2026,23:03:43,0,0,0,0,0,1
4/9/2026,23:03:48,0,0,0,0,0,1
4/9/2026,23:03:53,0,0,0,0,0,1
4/9/2026,23:03:58,0,0,0,0,0,1
4/9/2026,23:04:03,0,0,0,0,0,1
4/9/2026,23:04:08,0,0,0,0,0,1
4/9/2026,23:04:09,0,0,0,0,0,0
4/9/2026,23:04:13,0,0,0,0,0,1
4/9/2026,23:04:18,0,0,0,0,0,1
4/9/2026,23:04:23,0,0,0,0,0,1
4/9/2026,23:04:28,0,0,0,0,0,1
4/9/2026,23:04:33,0,0,0,0,0,1
4/9/2026,23:04:38,0,0,0,0,0,1
4/9/2026,23:04:43,0,0,0,0,0,1
4/9/2026,23:04:48,0,0,0,0,0,1
4/9/2026,23:04:53,0,0,0,0,0,1
4/9/2026,23:04:58,0,0,0,0,0,1
4/9/2026,23:05:03,0,0,0,0,0,1
4/9/2026,23:05:08,0,0,0,0,0,1
4/9/2026,23:05:09,0,0,0,0,0,0
4/9/2026,23:05:13,0,0,0,0,0,1
4/9/2026,23:05:18,0,0,0,0,0,1
4/9/2026,23:05:23,0,0,0,0,0,1
4/9/2026,23:05:28,0,0,0,0,0,1
4/9/2026,23:05:33,0,0,0,0,0,1
4/9/2026,23:05:38,0,0,0,0,0,1
4/9/2026,23:05:43,0,0,0,0,0,1
4/9/2026,23:05:48,0,0,0,0,0,1
4/9/2026,23:05:53,0,0,0,0,0,1
4/9/2026,23:05:58,0,0,0,0,0,1
4/9/2026,23:06:03,0,0,0,0,0,1
4/9/2026,23:06:08,0,0,0,0,0,1
4/9/2026,23:06:09,0,0,0,0,0,0
4/9/2026,23:06:13,0,0,0,0,0,1
4/9/2026,23:06:18,0,0,0,0,0,1
4/9/2026,23:06:23,0,0,0,0,0,1
4/9/2026,23:06:28,0,0,0,0,0,1
4/9/2026,23:06:33,0,0,0,0,0,1
4/9/2026,23:06:38,0,0,0,0,0,1
4/9/2026,23:06:43,0,0,0,0,0,1
4/9/2026,23:06:48,0,0,0,0,0,1
4/9/2026,23:06:53,0,0,0,0,0,1
4/9/2026,23:07:06,0,0,0,0,0,1
4/9/2026,23:07:09,0,0,0,0,0,0
4/9/2026,23:07:11,0,0,0,0,0,1
4/9/2026,23:07:16,0,0,0,0,0,1
4/9/2026,23:07:21,0,0,0,0,0,1
4/9/2026,23:07:26,0,0,0,0,0,1
4/9/2026,23:07:31,0,0,0,0,0,1
4/9/2026,23:07:36,0,0,0,0,0,1
4/9/2026,23:07:41,0,0,0,0,0,1
4/9/2026,23:07:46,0,0,0,0,0,1
4/9/2026,23:07:51,0,0,0,0,0,1
4/9/2026,23:07:56,0,0,0,0,0,1
4/9/2026,23:08:01,0,0,0,0,0,1
4/9/2026,23:08:06,0,0,0,0,0,1
4/9/2026,23:08:09,0,0,0,0,0,0
4/9/2026,23:08:19,0,0,0,0,0,1
4/9/2026,23:08:24,0,0,0,0,0,1
4/9/2026,23:08:29,0,0,0,0,0,1
4/9/2026,23:08:34,0,0,0,0,0,1
4/9/2026,23:08:39,0,0,0,0,0,1
4/9/2026,23:08:44,0,0,0,0,0,1
4/9/2026,23:08:49,0,0,0,0,0,1
4/9/2026,23:08:54,0,0,0,0,0,1
4/9/2026,23:08:59,0,0,0,0,0,1
4/9/2026,23:09:04,0,0,0,0,0,1
4/9/2026,23:09:09,0,0,0,0,0,1
4/9/2026,23:09:09,0,0,0,0,0,0
4/9/2026,23:09:14,0,0,0,0,0,1
4/9/2026,23:09:19,0,0,0,0,0,1
4/9/2026,23:09:24,0,0,0,0,0,1
4/9/2026,23:09:29,0,0,0,0,0,1
4/9/2026,23:09:34,0,0,0,0,0,1
4/9/2026,23:09:39,0,0,0,0,0,1
4/9/2026,23:09:44,0,0,0,0,0,1
4/9/2026,23:09:49,0,0,0,0,0,1
4/9/2026,23:09:54,0,0,0,0,0,1
4/9/2026,23:09:59,0,0,0,0,0,1
4/9/2026,23:10:04,0,0,0,0,0,1
4/9/2026,23:10:09,0,0,0,0,0,1
4/9/2026,23:10:09,0,0,0,0,0,0
4/9/2026,23:10:14,0,0,0,0,0,1
4/9/2026,23:10:19,0,0,0,0,0,1
4/9/2026,23:10:24,0,0,0,0,0,1
4/9/2026,23:10:29,0,0,0,0,0,1
4/9/2026,23:10:34,0,0,0,0,0,1
4/9/2026,23:10:39,0,0,0,0,0,1
4/9/2026,23:10:44,0,0,0,0,0,1
4/9/2026,23:10:49,0,0,0,0,0,1
4/9/2026,23:10:54,0,0,0,0,0,1
4/9/2026,23:10:59,0,0,0,0,0,1
4/9/2026,23:11:04,0,0,0,0,0,1
4/9/2026,23:11:09,0,0,0,0,0,1
4/9/2026,23:11:09,0,0,0,0,0,0
4/9/2026,23:11:14,0,0,0,0,0,1
4/9/2026,23:11:19,0,0,0,0,0,1
4/9/2026,23:11:24,0,0,0,0,0,1
4/9/2026,23:11:29,0,0,0,0,0,1
4/9/2026,23:11:34,0,0,0,0,0,1
4/9/2026,23:11:39,0,0,0,0,0,1
4/9/2026,23:11:44,0,0,0,0,0,1
4/9/2026,23:11:49,0,0,0,0,0,1
4/9/2026,23:11:54,0,0,0,0,0,1
4/9/2026,23:11:59,0,0,0,0,0,1
4/9/2026,23:12:04,0,0,0,0,0,1
4/9/2026,23:12:09,0,0,0,0,0,1
4/9/2026,23:12:09,0,0,0,0,0,0
4/9/2026,23:12:14,0,0,0,0,0,1
4/9/2026,23:12:19,0,0,0,0,0,1
4/9/2026,23:12:24,0,0,0,0,0,1
4/9/2026,23:12:29,0,0,0,0,0,1
4/9/2026,23:12:34,0,0,0,0,0,1
4/9/2026,23:12:39,0,0,0,0,0,1
4/9/2026,23:12:44,0,0,0,0,0,1
4/9/2026,23:12:49,0,0,0,0,0,1
4/9/2026,23:12:54,0,0,0,0,0,1
4/9/2026,23:12:59,0,0,0,0,0,1
4/9/2026,23:13:04,0,0,0,0,0,1
4/9/2026,23:13:09,0,0,0,0,0,1
4/9/2026,23:13:09,0,0,0,0,0,0
4/9/2026,23:13:14,0,0,0,0,0,1
4/9/2026,23:13:19,0,0,0,0,0,1
4/9/2026,23:13:24,0,0,0,0,0,1
4/9/2026,23:13:29,0,0,0,0,0,1
4/9/2026,23:13:34,0,0,0,0,0,1
4/9/2026,23:13:39,0,0,0,0,0,1
4/9/2026,23:13:44,0,0,0,0,0,1
4/9/2026,23:13:49,0,0,0,0,0,1
4/9/2026,23:13:54,0,0,0,0,0,1
4/9/2026,23:13:59,0,0,0,0,0,1
4/9/2026,23:14:04,0,0,0,0,0,1
4/9/2026,23:14:09,0,0,0,0,0,1
4/9/2026,23:14:09,0,0,0,0,0,0
4/9/2026,23:14:14,0,0,0,0,0,1
4/9/2026,23:14:19,0,0,0,0,0,1
4/9/2026,23:14:24,0,0,0,0,0,1
4/9/2026,23:14:29,0,0,0,0,0,1
4/9/2026,23:14:34,0,0,0,0,0,1
4/9/2026,23:14:39,0,0,0,0,0,1
4/9/2026,23:14:44,0,0,0,0,0,1
4/9/2026,23:14:49,0,0,0,0,0,1
4/9/2026,23:14:54,0,0,0,0,0,1
4/9/2026,23:14:59,0,0,0,0,0,1
4/9/2026,23:15:04,0,0,0,0,0,1
4/9/2026,23:15:09,0,0,0,0,0,1
4/9/2026,23:15:09,0,0,0,0,0,0
4/9/2026,23:15:14,0,0,0,0,0,1
4/9/2026,23:15:19,0,0,0,0,0,1
4/9/2026,23:15:24,0,0,0,0,0,1
4/9/2026,23:15:29,0,0,0,0,0,1
4/9/2026,23:15:34,0,0,0,0,0,1
4/9/2026,23:15:39,0,0,0,0,0,1
4/9/2026,23:15:44,0,0,0,0,0,1
4/9/2026,23:15:49,0,0,0,0,0,1
4/9/2026,23:15:54,0,0,0,0,0,1
4/9/2026,23:15:59,0,0,0,0,0,1
4/9/2026,23:16:04,0,0,0,0,0,1
4/9/2026,23:16:09,0,0,0,0,0,1
4/9/2026,23:16:09,0,0,0,0,0,0
4/9/2026,23:16:14,0,0,0,0,0,1
4/9/2026,23:16:19,0,0,0,0,0,1
4/9/2026,23:16:24,0,0,0,0,0,1
4/9/2026,23:16:29,0,0,0,0,0,1
4/9/2026,23:16:34,0,0,0,0,0,1
4/9/2026,23:16:39,0,0,0,0,0,1
4/9/2026,23:16:44,0,0,0,0,0,1
4/9/2026,23:16:49,0,0,0,0,0,1
4/9/2026,23:16:54,0,0,0,0,0,1
4/9/2026,23:16:59,0,0,0,0,0,1
4/9/2026,23:17:04,0,0,0,0,0,1
4/9/2026,23:17:09,0,0,0,0,0,1
4/9/2026,23:17:09,0,0,0,0,0,0
4/9/2026,23:17:14,0,0,0,0,0,1
4/9/2026,23:17:19,0,0,0,0,0,1
4/9/2026,23:17:24,0,0,0,0,0,1
4/9/2026,23:17:29,0,0,0,0,0,1
4/9/2026,23:17:34,0,0,0,0,0,1
4/9/2026,23:17:39,0,0,0,0,0,1
4/9/2026,23:17:44,0,0,0,0,0,1
4/9/2026,23:17:49,0,0,0,0,0,1
4/9/2026,23:17:54,0,0,0,0,0,1
4/9/2026,23:17:59,0,0,0,0,0,1
4/9/2026,23:18:04,0,0,0,0,0,1
4/9/2026,23:18:09,0,0,0,0,0,1
4/9/2026,23:18:09,0,0,0,0,0,0
4/9/2026,23:18:14,0,0,0,0,0,1
4/9/2026,23:18:19,0,0,0,0,0,1
4/9/2026,23:18:24,0,0,0,0,0,1
4/9/2026,23:18:29,0,0,0,0,0,1
4/9/2026,23:18:34,0,0,0,0,0,1
4/9/2026,23:18:39,0,0,0,0,0,1
4/9/2026,23:18:44,0,0,0,0,0,1
4/9/2026,23:18:49,0,0,0,0,0,1
4/9/2026,23:18:54,0,0,0,0,0,1
4/9/2026,23:18:59,0,0,0,0,0,1
4/9/2026,23:19:04,0,0,0,0,0,1
4/9/2026,23:19:09,0,0,0,0,0,1
4/9/2026,23:19:09,0,0,0,0,0,0
4/9/2026,23:19:14,0,0,0,0,0,1
4/9/2026,23:19:19,0,0,0,0,0,1
4/9/2026,23:19:24,0,0,0,0,0,1
4/9/2026,23:19:29,0,0,0,0,0,1
4/9/2026,23:19:34,0,0,0,0,0,1
4/9/2026,23:19:39,0,0,0,0,0,1
4/9/2026,23:19:44,0,0,0,0,0,1
4/9/2026,23:19:49,0,0,0,0,0,1
4/9/2026,23:19:54,0,0,0,0,0,1
4/9/2026,23:19:59,0,0,0,0,0,1
4/9/2026,23:20:04,0,0,0,0,0,1
4/9/2026,23:20:09,0,0,0,0,0,1
4/9/2026,23:20:09,0,0,0,0,0,0
4/9/2026,23:20:14,0,0,0,0,0,1
4/9/2026,23:20:19,0,0,0,0,0,1
4/9/2026,23:20:24,0,0,0,0,0,1
4/9/2026,23:20:29,0,0,0,0,0,1
4/9/2026,23:20:34,0,0,0,0,0,1
4/9/2026,23:20:39,0,0,0,0,0,1
4/9/2026,23:20:44,0,0,0,0,0,1
4/9/2026,23:20:49,0,0,0,0,0,1
4/9/2026,23:20:54,0,0,0,0,0,1
4/9/2026,23:20:59,0,0,0,0,0,1
4/9/2026,23:21:04,0,0,0,0,0,1
4/9/2026,23:21:09,0,0,0,0,0,1
4/9/2026,23:21:09,0,0,0,0,0,0
4/9/2026,23:21:14,0,0,0,0,0,1
4/9/2026,23:21:19,0,0,0,0,0,1
4/9/2026,23:21:24,0,0,0,0,0,1
4/9/2026,23:21:29,0,0,0,0,0,1
4/9/2026,23:21:34,0,0,0,0,0,1
4/9/2026,23:21:39,0,0,0,0,0,1
4/9/2026,23:21:44,0,0,0,0,0,1
4/9/2026,23:21:49,0,0,0,0,0,1
4/9/2026,23:21:54,0,0,0,0,0,1
4/9/2026,23:21:59,0,0,0,0,0,1
4/9/2026,23:22:04,0,0,0,0,0,1
4/9/2026,23:22:09,0,0,0,0,0,1
4/9/2026,23:22:09,0,0,0,0,0,0
4/9/2026,23:22:14,0,0,0,0,0,1
4/9/2026,23:22:19,0,0,0,0,0,1
4/9/2026,23:22:24,0,0,0,0,0,1
4/9/2026,23:22:29,0,0,0,0,0,1
4/9/2026,23:22:34,0,0,0,0,0,1
4/9/2026,23:22:39,0,0,0,0,0,1
4/9/2026,23:22:44,0,0,0,0,0,1
4/9/2026,23:22:49,0,0,0,0,0,1
4/9/2026,23:22:54,0,0,0,0,0,1
4/9/2026,23:22:59,0,0,0,0,0,1
4/9/2026,23:23:04,0,0,0,0,0,1
4/9/2026,23:23:09,0,0,0,0,0,1
4/9/2026,23:23:09,0,0,0,0,0,0
4/9/2026,23:23:14,0,0,0,0,0,1
4/9/2026,23:23:19,0,0,0,0,0,1
4/9/2026,23:23:24,0,0,0,0,0,1
4/9/2026,23:23:29,0,0,0,0,0,1
4/9/2026,23:23:34,0,0,0,0,0,1
4/9/2026,23:23:39,0,0,0,0,0,1
4/9/2026,23:23:44,0,0,0,0,0,1
4/9/2026,23:23:49,0,0,0,0,0,1
4/9/2026,23:23:54,0,0,0,0,0,1
4/9/2026,23:23:59,0,0,0,0,0,1
4/9/2026,23:24:04,0,0,0,0,0,1
4/9/2026,23:24:09,0,0,0,0,0,1
4/9/2026,23:24:09,0,0,0,0,0,0
4/9/2026,23:24:14,0,0,0,0,0,1
4/9/2026,23:24:19,0,0,0,0,0,1
4/9/2026,23:24:24,0,0,0,0,0,1
4/9/2026,23:24:29,0,0,0,0,0,1
4/9/2026,23:24:34,0,0,0,0,0,1
4/9/2026,23:24:39,0,0,0,0,0,1
4/9/2026,23:24:44,0,0,0,0,0,1
4/9/2026,23:24:49,0,0,0,0,0,1
4/9/2026,23:24:54,0,0,0,0,0,1
4/9/2026,23:24:59,0,0,0,0,0,1
4/9/2026,23:25:04,0,0,0,0,0,1
4/9/2026,23:25:09,0,0,0,0,0,1
4/9/2026,23:25:09,0,0,0,0,0,0
4/9/2026,23:25:14,0,0,0,0,0,1
4/9/2026,23:25:19,0,0,0,0,0,1
4/9/2026,23:25:24,0,0,0,0,0,1
4/9/2026,23:25:29,0,0,0,0,0,1
4/9/2026,23:25:34,0,0,0,0,0,1
4/9/2026,23:25:39,0,0,0,0,0,1
4/9/2026,23:25:44,0,0,0,0,0,1
4/9/2026,23:25:49,0,0,0,0,0,1
4/9/2026,23:25:54,0,0,0,0,0,1
4/9/2026,23:25:59,0,0,0,0,0,1
4/9/2026,23:26:04,0,0,0,0,0,1
4/9/2026,23:26:09,0,0,0,0,0,1
4/9/2026,23:26:09,0,0,0,0,0,0
4/9/2026,23:26:14,0,0,0,0,0,1
4/9/2026,23:26:19,0,0,0,0,0,1
4/9/2026,23:26:24,0,0,0,0,0,1
4/9/2026,23:26:29,0,0,0,0,0,1
4/9/2026,23:26:34,0,0,0,0,0,1
4/9/2026,23:26:39,0,0,0,0,0,1
4/9/2026,23:26:44,0,0,0,0,0,1
4/9/2026,23:26:49,0,0,0,0,0,1
4/9/2026,23:26:54,0,0,0,0,0,1
4/9/2026,23:26:59,0,0,0,0,0,1
4/9/2026,23:27:04,0,0,0,0,0,1
4/9/2026,23:27:09,0,0,0,0,0,1
4/9/2026,23:27:09,0,0,0,0,0,0
4/9/2026,23:27:14,0,0,0,0,0,1
4/9/2026,23:27:19,0,0,0,0,0,1
4/9/2026,23:27:24,0,0,0,0,0,1
4/9/2026,23:27:29,0,0,0,0,0,1
4/9/2026,23:27:34,0,0,0,0,0,1
4/9/2026,23:27:39,0,0,0,0,0,1
4/9/2026,23:27:44,0,0,0,0,0,1
4/9/2026,23:27:49,0,0,0,0,0,1
4/9/2026,23:27:54,0,0,0,0,0,1
4/9/2026,23:27:59,0,0,0,0,0,1
4/9/2026,23:28:04,0,0,0,0,0,1
4/9/2026,23:28:09,0,0,0,0,0,1
4/9/2026,23:28:09,0,0,0,0,0,0
4/9/2026,23:28:14,0,0,0,0,0,1
4/9/2026,23:28:19,0,0,0,0,0,1
4/9/2026,23:28:24,0,0,0,0,0,1
4/9/2026,23:28:29,0,0,0,0,0,1
4/9/2026,23:28:34,0,0,0,0,0,1
4/9/2026,23:28:39,0,0,0,0,0,1
4/9/2026,23:28:44,0,0,0,0,0,1
4/9/2026,23:28:49,0,0,0,0,0,1
4/9/2026,23:28:54,0,0,0,0,0,1
4/9/2026,23:28:59,0,0,0,0,0,1
4/9/2026,23:29:05,0,0,0,0,0,1
4/9/2026,23:29:09,0,0,0,0,0,0
4/9/2026,23:29:10,0,0,0,0,0,1
4/9/2026,23:29:15,0,0,0,0,0,1
4/9/2026,23:29:20,0,0,0,0,0,1
4/9/2026,23:29:25,0,0,0,0,0,1
4/9/2026,23:29:30,0,0,0,0,0,1
4/9/2026,23:29:35,0,0,0,0,0,1
4/9/2026,23:29:40,0,0,0,0,0,1
4/9/2026,23:29:45,0,0,0,0,0,1
4/9/2026,23:29:50,0,0,0,0,0,1
4/9/2026,23:29:55,0,0,0,0,0,1
4/9/2026,23:30:00,0,0,0,0,0,1
4/9/2026,23:30:05,0,0,0,0,0,1
4/9/2026,23:30:09,0,0,0,0,0,0
4/9/2026,23:30:10,0,0,0,0,0,1
4/9/2026,23:30:15,0,0,0,0,0,1
4/9/2026,23:30:20,0,0,0,0,0,1
4/9/2026,23:30:25,0,0,0,0,0,1
4/9/2026,23:30:30,0,0,0,0,0,1
4/9/2026,23:30:35,0,0,0,0,0,1
4/9/2026,23:30:40,0,0,0,0,0,1
4/9/2026,23:30:45,0,0,0,0,0,1
4/9/2026,23:30:50,0,0,0,0,0,1
4/9/2026,23:30:55,0,0,0,0,0,1
4/9/2026,23:31:00,0,0,0,0,0,1
4/9/2026,23:31:05,0,0,0,0,0,1
4/9/2026,23:31:09,0,0,0,0,0,0
4/9/2026,23:31:10,0,0,0,0,0,1
4/9/2026,23:31:15,0,0,0,0,0,1
4/9/2026,23:31:20,0,0,0,0,0,1
4/9/2026,23:31:25,0,0,0,0,0,1
4/9/2026,23:31:30,0,0,0,0,0,1
4/9/2026,23:31:35,0,0,0,0,0,1
4/9/2026,23:31:40,0,0,0,0,0,1
4/9/2026,23:31:45,0,0,0,0,0,1
4/9/2026,23:31:50,0,0,0,0,0,1
4/9/2026,23:31:55,0,0,0,0,0,1
4/9/2026,23:32:00,0,0,0,0,0,1
4/9/2026,23:32:05,0,0,0,0,0,1
4/9/2026,23:32:09,0,0,0,0,0,0
4/9/2026,23:32:10,0,0,0,0,0,1
4/9/2026,23:32:15,0,0,0,0,0,1
4/9/2026,23:32:20,0,0,0,0,0,1
4/9/2026,23:32:25,0,0,0,0,0,1
4/9/2026,23:32:30,0,0,0,0,0,1
4/9/2026,23:32:35,0,0,0,0,0,1
4/9/2026,23:32:40,0,0,0,0,0,1
4/9/2026,23:32:45,0,0,0,0,0,1
4/9/2026,23:32:50,0,0,0,0,0,1
4/9/2026,23:32:55,0,0,0,0,0,1
4/9/2026,23:33:00,0,0,0,0,0,1
4/9/2026,23:33:05,0,0,0,0,0,1
4/9/2026,23:33:09,0,0,0,0,0,0
4/9/2026,23:33:10,0,0,0,0,0,1
4/9/2026,23:33:15,0,0,0,0,0,1
4/9/2026,23:33:20,0,0,0,0,0,1
4/9/2026,23:33:25,0,0,0,0,0,1
4/9/2026,23:33:30,0,0,0,0,0,1
4/9/2026,23:33:35,0,0,0,0,0,1
4/9/2026,23:33:40,0,0,0,0,0,1
4/9/2026,23:33:45,0,0,0,0,0,1
4/9/2026,23:33:50,0,0,0,0,0,1
4/9/2026,23:33:55,0,0,0,0,0,1
4/9/2026,23:34:00,0,0,0,0,0,1
4/9/2026,23:34:05,0,0,0,0,0,1
4/9/2026,23:34:09,0,0,0,0,0,0
4/9/2026,23:34:10,0,0,0,0,0,1
4/9/2026,23:34:15,0,0,0,0,0,1
4/9/2026,23:34:20,0,0,0,0,0,1
4/9/2026,23:34:25,0,0,0,0,0,1
4/9/2026,23:34:30,0,0,0,0,0,1
4/9/2026,23:34:35,0,0,0,0,0,1
4/9/2026,23:34:40,0,0,0,0,0,1
4/9/2026,23:34:45,0,0,0,0,0,1
4/9/2026,23:34:50,0,0,0,0,0,1
4/9/2026,23:34:55,0,0,0,0,0,1
4/9/2026,23:35:00,0,0,0,0,0,1
4/9/2026,23:35:05,0,0,0,0,0,1
4/9/2026,23:35:09,0,0,0,0,0,0
4/9/2026,23:35:10,0,0,0,0,0,1
4/9/2026,23:35:15,0,0,0,0,0,1
4/9/2026,23:35:20,0,0,0,0,0,1
4/9/2026,23:35:25,0,0,0,0,0,1
4/9/2026,23:35:30,0,0,0,0,0,1
4/9/2026,23:35:35,0,0,0,0,0,1
4/9/2026,23:35:40,0,0,0,0,0,1
4/9/2026,23:35:45,0,0,0,0,0,1
4/9/2026,23:35:50,0,0,0,0,0,1
4/9/2026,23:35:55,0,0,0,0,0,1
4/9/2026,23:36:00,0,0,0,0,0,1
4/9/2026,23:36:05,0,0,0,0,0,1
4/9/2026,23:36:09,0,0,0,0,0,0
4/9/2026,23:36:10,0,0,0,0,0,1
4/9/2026,23:36:15,0,0,0,0,0,1
4/9/2026,23:36:20,0,0,0,0,0,1
4/9/2026,23:36:25,0,0,0,0,0,1
4/9/2026,23:36:30,0,0,0,0,0,1
4/9/2026,23:36:35,0,0,0,0,0,1
4/9/2026,23:36:40,0,0,0,0,0,1
4/9/2026,23:36:45,0,0,0,0,0,1
4/9/2026,23:36:50,0,0,0,0,0,1
4/9/2026,23:36:55,0,0,0,0,0,1
4/9/2026,23:37:00,0,0,0,0,0,1
4/9/2026,23:37:05,0,0,0,0,0,1
4/9/2026,23:37:09,0,0,0,0,0,0
4/9/2026,23:37:10,0,0,0,0,0,1
4/9/2026,23:37:15,0,0,0,0,0,1
4/9/2026,23:37:20,0,0,0,0,0,1
4/9/2026,23:37:25,0,0,0,0,0,1
4/9/2026,23:37:30,0,0,0,0,0,1
4/9/2026,23:37:35,0,0,0,0,0,1
4/9/2026,23:37:40,0,0,0,0,0,1
4/9/2026,23:37:45,0,0,0,0,0,1
4/9/2026,23:37:50,0,0,0,0,0,1
4/9/2026,23:37:55,0,0,0,0,0,1
4/9/2026,23:38:00,0,0,0,0,0,1
4/9/2026,23:38:05,0,0,0,0,0,1
4/9/2026,23:38:09,0,0,0,0,0,0
4/9/2026,23:38:10,0,0,0,0,0,1
4/9/2026,23:38:15,0,0,0,0,0,1
4/9/2026,23:38:20,0,0,0,0,0,1
4/9/2026,23:38:25,0,0,0,0,0,1
4/9/2026,23:38:30,0,0,0,0,0,1
4/9/2026,23:38:35,0,0,0,0,0,1
4/9/2026,23:38:40,0,0,0,0,0,1
4/9/2026,23:38:45,0,0,0,0,0,1
4/9/2026,23:38:50,0,0,0,0,0,1
4/9/2026,23:38:55,0,0,0,0,0,1
4/9/2026,23:39:00,0,0,0,0,0,1
4/9/2026,23:39:05,0,0,0,0,0,1
4/9/2026,23:39:09,0,0,0,0,0,0
4/9/2026,23:39:10,0,0,0,0,0,1
4/9/2026,23:39:15,0,0,0,0,0,1
4/9/2026,23:39:20,0,0,0,0,0,1
4/9/2026,23:39:25,0,0,0,0,0,1
4/9/2026,23:39:30,0,0,0,0,0,1
4/9/2026,23:39:35,0,0,0,0,0,1
4/9/2026,23:39:40,0,0,0,0,0,1
4/9/2026,23:39:45,0,0,0,0,0,1
4/9/2026,23:39:50,0,0,0,0,0,1
4/9/2026,23:39:55,0,0,0,0,0,1
4/9/2026,23:40:00,0,0,0,0,0,1
4/9/2026,23:40:05,0,0,0,0,0,1
4/9/2026,23:40:09,0,0,0,0,0,0
4/9/2026,23:40:10,0,0,0,0,0,1
4/9/2026,23:40:15,0,0,0,0,0,1
4/9/2026,23:40:20,0,0,0,0,0,1
4/9/2026,23:40:25,0,0,0,0,0,1
4/9/2026,23:40:30,0,0,0,0,0,1
4/9/2026,23:40:35,0,0,0,0,0,1
4/9/2026,23:40:40,0,0,0,0,0,1
4/9/2026,23:40:45,0,0,0,0,0,1
4/9/2026,23:40:50,0,0,0,0,0,1
4/9/2026,23:40:55,0,0,0,0,0,1
4/9/2026,23:41:00,0,0,0,0,0,1
4/9/2026,23:41:05,0,0,0,0,0,1
4/9/2026,23:41:09,0,0,0,0,0,0
4/9/2026,23:41:10,0,0,0,0,0,1
4/9/2026,23:41:15,0,0,0,0,0,1
4/9/2026,23:41:20,0,0,0,0,0,1
4/9/2026,23:41:25,0,0,0,0,0,1
4/9/2026,23:41:30,0,0,0,0,0,1
4/9/2026,23:41:35,0,0,0,0,0,1
4/9/2026,23:41:40,0,0,0,0,0,1
4/9/2026,23:41:45,0,0,0,0,0,1
4/9/2026,23:41:50,0,0,0,0,0,1
4/9/2026,23:41:55,0,0,0,0,0,1
4/9/2026,23:42:00,0,0,0,0,0,1
4/9/2026,23:42:05,0,0,0,0,0,1
4/9/2026,23:42:09,0,0,0,0,0,0
4/9/2026,23:42:10,0,0,0,0,0,1
4/9/2026,23:42:15,0,0,0,0,0,1
4/9/2026,23:42:20,0,0,0,0,0,1
4/9/2026,23:42:25,0,0,0,0,0,1
4/9/2026,23:42:30,0,0,0,0,0,1
4/9/2026,23:42:35,0,0,0,0,0,1
4/9/2026,23:42:40,0,0,0,0,0,1
4/9/2026,23:42:45,0,0,0,0,0,1
4/9/2026,23:42:50,0,0,0,0,0,1
4/9/2026,23:42:55,0,0,0,0,0,1
4/9/2026,23:43:00,0,0,0,0,0,1
4/9/2026,23:43:05,0,0,0,0,0,1
4/9/2026,23:43:09,0,0,0,0,0,0
4/9/2026,23:43:10,0,0,0,0,0,1
4/9/2026,23:43:15,0,0,0,0,0,1
4/9/2026,23:43:20,0,0,0,0,0,1
4/9/2026,23:43:25,0,0,0,0,0,1
4/9/2026,23:43:30,0,0,0,0,0,1
4/9/2026,23:43:35,0,0,0,0,0,1
4/9/2026,23:43:40,0,0,0,0,0,1
4/9/2026,23:43:45,0,0,0,0,0,1
4/9/2026,23:43:50,0,0,0,0,0,1
4/9/2026,23:43:55,0,0,0,0,0,1
4/9/2026,23:44:00,0,0,0,0,0,1
4/9/2026,23:44:05,0,0,0,0,0,1
4/9/2026,23:44:09,0,0,0,0,0,0
4/9/2026,23:44:10,0,0,0,0,0,1
4/9/2026,23:44:15,0,0,0,0,0,1
4/9/2026,23:44:20,0,0,0,0,0,1
4/9/2026,23:44:25,0,0,0,0,0,1
4/9/2026,23:44:30,0,0,0,0,0,1
4/9/2026,23:44:35,0,0,0,0,0,1
4/9/2026,23:44:40,0,0,0,0,0,1
4/9/2026,23:44:45,0,0,0,0,0,1
4/9/2026,23:44:50,0,0,0,0,0,1
4/9/2026,23:44:55,0,0,0,0,0,1
4/9/2026,23:45:00,0,0,0,0,0,1
4/9/2026,23:45:05,0,0,0,0,0,1
4/9/2026,23:45:09,0,0,0,0,0,0
4/9/2026,23:45:10,0,0,0,0,0,1
4/9/2026,23:45:15,0,0,0,0,0,1
4/9/2026,23:45:20,0,0,0,0,0,1
4/9/2026,23:45:25,0,0,0,0,0,1
4/9/2026,23:45:30,0,0,0,0,0,1
4/9/2026,23:45:35,0,0,0,0,0,1
4/9/2026,23:45:40,0,0,0,0,0,1
4/9/2026,23:45:45,0,0,0,0,0,1
4/9/2026,23:45:50,0,0,0,0,0,1
4/9/2026,23:45:55,0,0,0,0,0,1
4/9/2026,23:46:00,0,0,0,0,0,1
4/9/2026,23:46:05,0,0,0,0,0,1
4/9/2026,23:46:09,0,0,0,0,0,0
4/9/2026,23:46:10,0,0,0,0,0,1
4/9/2026,23:46:15,0,0,0,0,0,1
4/9/2026,23:46:20,0,0,0,0,0,1
4/9/2026,23:46:25,0,0,0,0,0,1
4/9/2026,23:46:30,0,0,0,0,0,1
4/9/2026,23:46:35,0,0,0,0,0,1
4/9/2026,23:46:40,0,0,0,0,0,1
4/9/2026,23:46:45,0,0,0,0,0,1
4/9/2026,23:46:50,0,0,0,0,0,1
4/9/2026,23:46:55,0,0,0,0,0,1
4/9/2026,23:47:00,0,0,0,0,0,1
4/9/2026,23:47:05,0,0,0,0,0,1
4/9/2026,23:47:09,0,0,0,0,0,0
4/9/2026,23:47:10,0,0,0,0,0,1
4/9/2026,23:47:15,0,0,0,0,0,1
4/9/2026,23:47:20,0,0,0,0,0,1
4/9/2026,23:47:25,0,0,0,0,0,1
4/9/2026,23:47:30,0,0,0,0,0,1
4/9/2026,23:47:35,0,0,0,0,0,1
4/9/2026,23:47:40,0,0,0,0,0,1
4/9/2026,23:47:45,0,0,0,0,0,1
4/9/2026,23:47:50,0,0,0,0,0,1
4/9/2026,23:47:55,0,0,0,0,0,1
4/9/2026,23:48:00,0,0,0,0,0,1
4/9/2026,23:48:05,0,0,0,0,0,1
4/9/2026,23:48:09,0,0,0,0,0,0
4/9/2026,23:48:10,0,0,0,0,0,1
4/9/2026,23:48:15,0,0,0,0,0,1
4/9/2026,23:48:20,0,0,0,0,0,1
4/9/2026,23:48:25,0,0,0,0,0,1
4/9/2026,23:48:30,0,0,0,0,0,1
4/9/2026,23:48:35,0,0,0,0,0,1
4/9/2026,23:48:40,0,0,0,0,0,1
4/9/2026,23:48:45,0,0,0,0,0,1
4/9/2026,23:48:50,0,0,0,0,0,1
4/9/2026,23:48:55,0,0,0,0,0,1
4/9/2026,23:49:00,0,0,0,0,0,1
4/9/2026,23:49:05,0,0,0,0,0,1
4/9/2026,23:49:09,0,0,0,0,0,0
4/9/2026,23:49:10,0,0,0,0,0,1
4/9/2026,23:49:15,0,0,0,0,0,1
4/9/2026,23:49:20,0,0,0,0,0,1
4/9/2026,23:49:25,0,0,0,0,0,1
4/9/2026,23:49:30,0,0,0,0,0,1
4/9/2026,23:49:35,0,0,0,0,0,1
4/9/2026,23:49:40,0,0,0,0,0,1
4/9/2026,23:49:45,0,0,0,0,0,1
4/9/2026,23:49:50,0,0,0,0,0,1
4/9/2026,23:49:55,0,0,0,0,0,1
4/9/2026,23:50:00,0,0,0,0,0,1
4/9/2026,23:50:05,0,0,0,0,0,1
4/9/2026,23:50:09,0,0,0,0,0,0
4/9/2026,23:50:10,0,0,0,0,0,1
4/9/2026,23:50:15,0,0,0,0,0,1
4/9/2026,23:50:20,0,0,0,0,0,1
4/9/2026,23:50:25,0,0,0,0,0,1
4/9/2026,23:50:30,0,0,0,0,0,1
4/9/2026,23:50:35,0,0,0,0,0,1
4/9/2026,23:50:40,0,0,0,0,0,1
4/9/2026,23:50:45,0,0,0,0,0,1
4/9/2026,23:50:50,0,0,0,0,0,1
4/9/2026,23:50:55,0,0,0,0,0,1
4/9/2026,23:51:00,0,0,0,0,0,1
4/9/2026,23:51:05,0,0,0,0,0,1
4/9/2026,23:51:09,0,0,0,0,0,0
4/9/2026,23:51:10,0,0,0,0,0,1
4/9/2026,23:51:15,0,0,0,0,0,1
4/9/2026,23:51:20,0,0,0,0,0,1
4/9/2026,23:51:25,0,0,0,0,0,1
4/9/2026,23:51:30,0,0,0,0,0,1
4/9/2026,23:51:35,0,0,0,0,0,1
4/9/2026,23:51:40,0,0,0,0,0,1
4/9/2026,23:51:45,0,0,0,0,0,1
4/9/2026,23:51:50,0,0,0,0,0,1
4/9/2026,23:51:55,0,0,0,0,0,1
4/9/2026,23:52:00,0,0,0,0,0,1
4/9/2026,23:52:05,0,0,0,0,0,1
4/9/2026,23:52:09,0,0,0,0,0,0
4/9/2026,23:52:10,0,0,0,0,0,1
4/9/2026,23:52:15,0,0,0,0,0,1
4/9/2026,23:52:20,0,0,0,0,0,1
4/9/2026,23:52:25,0,0,0,0,0,1
4/9/2026,23:52:30,0,0,0,0,0,1
4/9/2026,23:52:35,0,0,0,0,0,1
4/9/2026,23:52:40,0,0,0,0,0,1
4/9/2026,23:52:45,0,0,0,0,0,1
4/9/2026,23:52:50,0,0,0,0,0,1
4/9/2026,23:52:55,0,0,0,0,0,1
4/9/2026,23:53:00,0,0,0,0,0,1
4/9/2026,23:53:05,0,0,0,0,0,1
4/9/2026,23:53:09,0,0,0,0,0,0
4/9/2026,23:53:10,0,0,0,0,0,1
4/9/2026,23:53:15,0,0,0,0,0,1
4/9/2026,23:53:20,0,0,0,0,0,1
4/9/2026,23:53:25,0,0,0,0,0,1
4/9/2026,23:53:30,0,0,0,0,0,1
4/9/2026,23:53:35,0,0,0,0,0,1
4/9/2026,23:53:40,0,0,0,0,0,1
4/9/2026,23:53:45,0,0,0,0,0,1
4/9/2026,23:53:50,0,0,0,0,0,1
4/9/2026,23:53:55,0,0,0,0,0,1
4/9/2026,23:54:00,0,0,0,0,0,1
4/9/2026,23:54:05,0,0,0,0,0,1
4/9/2026,23:54:09,0,0,0,0,0,0
4/9/2026,23:54:10,0,0,0,0,0,1
4/9/2026,23:54:15,0,0,0,0,0,1
4/9/2026,23:54:20,0,0,0,0,0,1
4/9/2026,23:54:25,0,0,0,0,0,1
4/9/2026,23:54:30,0,0,0,0,0,1
4/9/2026,23:54:35,0,0,0,0,0,1
4/9/2026,23:54:40,0,0,0,0,0,1
4/9/2026,23:54:45,0,0,0,0,0,1
4/9/2026,23:54:50,0,0,0,0,0,1
4/9/2026,23:54:55,0,0,0,0,0,1
4/9/2026,23:55:00,0,0,0,0,0,1
4/9/2026,23:55:05,0,0,0,0,0,1
4/9/2026,23:55:09,0,0,0,0,0,0
4/9/2026,23:55:10,0,0,0,0,0,1
4/9/2026,23:55:15,0,0,0,0,0,1
4/9/2026,23:55:20,0,0,0,0,0,1
4/9/2026,23:55:25,0,0,0,0,0,1
4/9/2026,23:55:30,0,0,0,0,0,1
4/9/2026,23:55:35,0,0,0,0,0,1
4/9/2026,23:55:40,0,0,0,0,0,1
4/9/2026,23:55:45,0,0,0,0,0,1
4/9/2026,23:55:50,0,0,0,0,0,1
4/9/2026,23:55:55,0,0,0,0,0,1
4/9/2026,23:56:00,0,0,0,0,0,1
4/9/2026,23:56:05,0,0,0,0,0,1
4/9/2026,23:56:09,0,0,0,0,0,0
4/9/2026,23:56:10,0,0,0,0,0,1
4/9/2026,23:56:15,0,0,0,0,0,1
4/9/2026,23:56:20,0,0,0,0,0,1
4/9/2026,23:56:25,0,0,0,0,0,1
4/9/2026,23:56:30,0,0,0,0,0,1
4/9/2026,23:56:35,0,0,0,0,0,1
4/9/2026,23:56:40,0,0,0,0,0,1
4/9/2026,23:56:45,0,0,0,0,0,1
4/9/2026,23:56:50,0,0,0,0,0,1
4/9/2026,23:56:55,0,0,0,0,0,1
4/9/2026,23:57:00,0,0,0,0,0,1
4/9/2026,23:57:05,0,0,0,0,0,1
4/9/2026,23:57:09,0,0,0,0,0,0
4/9/2026,23:57:10,0,0,0,0,0,1
4/9/2026,23:57:15,0,0,0,0,0,1
4/9/2026,23:57:20,0,0,0,0,0,1
4/9/2026,23:57:25,0,0,0,0,0,1
4/9/2026,23:57:30,0,0,0,0,0,1
4/9/2026,23:57:35,0,0,0,0,0,1
4/9/2026,23:57:40,0,0,0,0,0,1
4/9/2026,23:57:45,0,0,0,0,0,1
4/9/2026,23:57:50,0,0,0,0,0,1
4/9/2026,23:57:55,0,0,0,0,0,1
4/9/2026,23:58:00,0,0,0,0,0,1
4/9/2026,23:58:05,0,0,0,0,0,1
4/9/2026,23:58:09,0,0,0,0,0,0
4/9/2026,23:58:10,0,0,0,0,0,1
4/9/2026,23:58:15,0,0,0,0,0,1
4/9/2026,23:58:20,0,0,0,0,0,1
4/9/2026,23:58:25,0,0,0,0,0,1
4/9/2026,23:58:30,0,0,0,0,0,1
4/9/2026,23:58:35,0,0,0,0,0,1
4/9/2026,23:58:40,0,0,0,0,0,1
4/9/2026,23:58:45,0,0,0,0,0,1
4/9/2026,23:58:50,0,0,0,0,0,1
4/9/2026,23:58:55,0,0,0,0,0,1
4/9/2026,23:59:00,0,0,0,0,0,1
4/9/2026,23:59:05,0,0,0,0,0,1
4/9/2026,23:59:09,0,0,0,0,0,0
4/9/2026,23:59:10,0,0,0,0,0,1
4/9/2026,23:59:15,0,0,0,0,0,1
4/9/2026,23:59:20,0,0,0,0,0,1
4/9/2026,23:59:25,0,0,0,0,0,1
4/9/2026,23:59:30,0,0,0,0,0,1
4/9/2026,23:59:35,0,0,0,0,0,1
4/9/2026,23:59:40,0,0,0,0,0,1
4/9/2026,23:59:45,0,0,0,0,0,1
4/9/2026,23:59:50,0,0,0,0,0,1
4/9/2026,23:59:55,0,0,0,0,0,1
4/10/2026,0:00:00,0,0,0,0,0,1
4/10/2026,0:00:05,0,0,0,0,0,1
4/10/2026,0:00:09,0,0,0,0,0,0
4/10/2026,0:00:10,0,0,0,0,0,1
4/10/2026,0:00:15,0,0,0,0,0,1
4/10/2026,0:00:20,0,0,0,0,0,1
4/10/2026,0:00:25,0,0,0,0,0,1
4/10/2026,0:00:30,0,0,0,0,0,1
4/10/2026,0:00:35,0,0,0,0,0,1
4/10/2026,0:00:40,0,0,0,0,0,1
4/10/2026,0:00:45,0,0,0,0,0,1
4/10/2026,0:00:50,0,0,0,0,0,1
4/10/2026,0:00:55,0,0,0,0,0,1
4/10/2026,0:01:00,0,0,0,0,0,1
4/10/2026,0:01:05,0,0,0,0,0,1
4/10/2026,0:01:09,0,0,0,0,0,0
4/10/2026,0:01:10,0,0,0,0,0,1
4/10/2026,0:01:15,0,0,0,0,0,1
4/10/2026,0:01:20,0,0,0,0,0,1
4/10/2026,0:01:25,0,0,0,0,0,1
4/10/2026,0:01:30,0,0,0,0,0,1
4/10/2026,0:01:35,0,0,0,0,0,1
4/10/2026,0:01:40,0,0,0,0,0,1
4/10/2026,0:01:45,0,0,0,0,0,1
4/10/2026,0:01:50,0,0,0,0,0,1
4/10/2026,0:01:55,0,0,0,0,0,1
4/10/2026,0:02:00,0,0,0,0,0,1
4/10/2026,0:02:05,0,0,0,0,0,1
4/10/2026,0:02:09,0,0,0,0,0,0
4/10/2026,0:02:10,0,0,0,0,0,1
4/10/2026,0:02:15,0,0,0,0,0,1
4/10/2026,0:02:20,0,0,0,0,0,1
4/10/2026,0:02:25,0,0,0,0,0,1
4/10/2026,0:02:30,0,0,0,0,0,1
4/10/2026,0:02:35,0,0,0,0,0,1
4/10/2026,0:02:40,0,0,0,0,0,1
4/10/2026,0:02:45,0,0,0,0,0,1
4/10/2026,0:02:50,0,0,0,0,0,1
4/10/2026,0:02:55,0,0,0,0,0,1
4/10/2026,0:03:00,0,0,0,0,0,1
4/10/2026,0:03:05,0,0,0,0,0,1
4/10/2026,0:03:09,0,0,0,0,0,0
4/10/2026,0:03:10,0,0,0,0,0,1
4/10/2026,0:03:15,0,0,0,0,0,1
4/10/2026,0:03:20,0,0,0,0,0,1
4/10/2026,0:03:25,0,0,0,0,0,1
4/10/2026,0:03:30,0,0,0,0,0,1
4/10/2026,0:03:35,0,0,0,0,0,1
4/10/2026,0:03:40,0,0,0,0,0,1
4/10/2026,0:03:45,0,0,0,0,0,1
4/10/2026,0:03:50,0,0,0,0,0,1
4/10/2026,0:03:55,0,0,0,0,0,1
4/10/2026,0:04:00,0,0,0,0,0,1
4/10/2026,0:04:05,0,0,0,0,0,1
4/10/2026,0:04:09,0,0,0,0,0,0
4/10/2026,0:04:10,0,0,0,0,0,1
4/10/2026,0:04:15,0,0,0,0,0,1
4/10/2026,0:04:20,0,0,0,0,0,1
4/10/2026,0:04:25,0,0,0,0,0,1
4/10/2026,0:04:30,0,0,0,0,0,1
4/10/2026,0:04:35,0,0,0,0,0,1
4/10/2026,0:04:40,0,0,0,0,0,1
4/10/2026,0:04:45,0,0,0,0,0,1
4/10/2026,0:04:50,0,0,0,0,0,1
4/10/2026,0:04:55,0,0,0,0,0,1
4/10/2026,0:05:00,0,0,0,0,0,1
4/10/2026,0:05:05,0,0,0,0,0,1
4/10/2026,0:05:09,0,0,0,0,0,0
4/10/2026,0:05:10,0,0,0,0,0,1
4/10/2026,0:05:15,0,0,0,0,0,1
4/10/2026,0:05:20,0,0,0,0,0,1
4/10/2026,0:05:25,0,0,0,0,0,1
4/10/2026,0:05:30,0,0,0,0,0,1
4/10/2026,0:05:35,0,0,0,0,0,1
4/10/2026,0:05:40,0,0,0,0,0,1
4/10/2026,0:05:45,0,0,0,0,0,1
4/10/2026,0:05:50,0,0,0,0,0,1
4/10/2026,0:05:55,0,0,0,0,0,1
4/10/2026,0:06:00,0,0,0,0,0,1
4/10/2026,0:06:05,0,0,0,0,0,1
4/10/2026,0:06:09,0,0,0,0,0,0
4/10/2026,0:06:10,0,0,0,0,0,1
4/10/2026,0:06:15,0,0,0,0,0,1
4/10/2026,0:06:20,0,0,0,0,0,1
4/10/2026,0:06:25,0,0,0,0,0,1
4/10/2026,0:06:30,0,0,0,0,0,1
4/10/2026,0:06:35,0,0,0,0,0,1
4/10/2026,0:06:40,0,0,0,0,0,1
4/10/2026,0:06:45,0,0,0,0,0,1
4/10/2026,0:06:50,0,0,0,0,0,1
4/10/2026,0:06:55,0,0,0,0,0,1
4/10/2026,0:07:00,0,0,0,0,0,1
4/10/2026,0:07:05,0,0,0,0,0,1
4/10/2026,0:07:09,0,0,0,0,0,0
4/10/2026,0:07:10,0,0,0,0,0,1
4/10/2026,0:07:15,0,0,0,0,0,1
4/10/2026,0:07:20,0,0,0,0,0,1
4/10/2026,0:07:25,0,0,0,0,0,1
4/10/2026,0:07:30,0,0,0,0,0,1
4/10/2026,0:07:35,0,0,0,0,0,1
4/10/2026,0:07:40,0,0,0,0,0,1
4/10/2026,0:07:45,0,0,0,0,0,1
4/10/2026,0:07:50,0,0,0,0,0,1
4/10/2026,0:07:55,0,0,0,0,0,1
4/10/2026,0:08:00,0,0,0,0,0,1
4/10/2026,0:08:05,0,0,0,0,0,1
4/10/2026,0:08:09,0,0,0,0,0,0
4/10/2026,0:08:10,0,0,0,0,0,1
4/10/2026,0:08:15,0,0,0,0,0,1
4/10/2026,0:08:20,0,0,0,0,0,1
4/10/2026,0:08:25,0,0,0,0,0,1
4/10/2026,0:08:30,0,0,0,0,0,1
4/10/2026,0:08:35,0,0,0,0,0,1
4/10/2026,0:08:40,0,0,0,0,0,1
4/10/2026,0:08:45,0,0,0,0,0,1
4/10/2026,0:08:50,0,0,0,0,0,1
4/10/2026,0:08:55,0,0,0,0,0,1
4/10/2026,0:09:00,0,0,0,0,0,1
4/10/2026,0:09:05,0,0,0,0,0,1
4/10/2026,0:09:09,0,0,0,0,0,0
4/10/2026,0:09:10,0,0,0,0,0,1
4/10/2026,0:09:15,0,0,0,0,0,1
4/10/2026,0:09:20,0,0,0,0,0,1
4/10/2026,0:09:25,0,0,0,0,0,1
4/10/2026,0:09:30,0,0,0,0,0,1
4/10/2026,0:09:35,0,0,0,0,0,1
4/10/2026,0:09:40,0,0,0,0,0,1
4/10/2026,0:09:45,0,0,0,0,0,1
4/10/2026,0:09:50,0,0,0,0,0,1
4/10/2026,0:09:55,0,0,0,0,0,1
4/10/2026,0:10:00,0,0,0,0,0,1
4/10/2026,0:10:05,0,0,0,0,0,1
4/10/2026,0:10:09,0,0,0,0,0,0
4/10/2026,0:10:10,0,0,0,0,0,1
4/10/2026,0:10:15,0,0,0,0,0,1
4/10/2026,0:10:20,0,0,0,0,0,1
4/10/2026,0:10:25,0,0,0,0,0,1
4/10/2026,0:10:30,0,0,0,0,0,1
4/10/2026,0:10:35,0,0,0,0,0,1
4/10/2026,0:10:40,0,0,0,0,0,1
4/10/2026,0:10:45,0,0,0,0,0,1
4/10/2026,0:10:50,0,0,0,0,0,1
4/10/2026,0:10:55,0,0,0,0,0,1
4/10/2026,0:11:00,0,0,0,0,0,1
4/10/2026,0:11:05,0,0,0,0,0,1
4/10/2026,0:11:09,0,0,0,0,0,0
4/10/2026,0:11:10,0,0,0,0,0,1
4/10/2026,0:11:15,0,0,0,0,0,1
4/10/2026,0:11:20,0,0,0,0,0,1
4/10/2026,0:11:25,0,0,0,0,0,1
4/10/2026,0:11:30,0,0,0,0,0,1
4/10/2026,0:11:35,0,0,0,0,0,1
4/10/2026,0:11:40,0,0,0,0,0,1
4/10/2026,0:11:45,0,0,0,0,0,1
4/10/2026,0:11:50,0,0,0,0,0,1
4/10/2026,0:11:55,0,0,0,0,0,1
4/10/2026,0:12:00,0,0,0,0,0,1
4/10/2026,0:12:05,0,0,0,0,0,1
4/10/2026,0:12:09,0,0,0,0,0,0
4/10/2026,0:12:10,0,0,0,0,0,1
4/10/2026,0:12:15,0,0,0,0,0,1
4/10/2026,0:12:20,0,0,0,0,0,1
4/10/2026,0:12:25,0,0,0,0,0,1
4/10/2026,0:12:30,0,0,0,0,0,1
4/10/2026,0:12:35,0,0,0,0,0,1
4/10/2026,0:12:40,0,0,0,0,0,1
4/10/2026,0:12:45,0,0,0,0,0,1
4/10/2026,0:12:50,0,0,0,0,0,1
4/10/2026,0:12:55,0,0,0,0,0,1
4/10/2026,0:13:00,0,0,0,0,0,1
4/10/2026,0:13:05,0,0,0,0,0,1
4/10/2026,0:13:09,0,0,0,0,0,0
4/10/2026,0:13:10,0,0,0,0,0,1
4/10/2026,0:13:15,0,0,0,0,0,1
4/10/2026,0:13:20,0,0,0,0,0,1
4/10/2026,0:13:25,0,0,0,0,0,1
4/10/2026,0:13:30,0,0,0,0,0,1
4/10/2026,0:13:35,0,0,0,0,0,1
4/10/2026,0:13:40,0,0,0,0,0,1
4/10/2026,0:13:45,0,0,0,0,0,1
4/10/2026,0:13:50,0,0,0,0,0,1
4/10/2026,0:13:55,0,0,0,0,0,1
4/10/2026,0:14:00,0,0,0,0,0,1
4/10/2026,0:14:05,0,0,0,0,0,1
4/10/2026,0:14:09,0,0,0,0,0,0
4/10/2026,0:14:10,0,0,0,0,0,1
4/10/2026,0:14:15,0,0,0,0,0,1
4/10/2026,0:14:20,0,0,0,0,0,1
4/10/2026,0:14:25,0,0,0,0,0,1
4/10/2026,0:14:30,0,0,0,0,0,1
4/10/2026,0:14:35,0,0,0,0,0,1
4/10/2026,0:14:40,0,0,0,0,0,1
4/10/2026,0:14:45,0,0,0,0,0,1
4/10/2026,0:14:50,0,0,0,0,0,1
4/10/2026,0:14:55,0,0,0,0,0,1
4/10/2026,0:15:00,0,0,0,0,0,1
4/10/2026,0:15:05,0,0,0,0,0,1
4/10/2026,0:15:09,0,0,0,0,0,0
4/10/2026,0:15:10,0,0,0,0,0,1
4/10/2026,0:15:15,0,0,0,0,0,1
4/10/2026,0:15:20,0,0,0,0,0,1
4/10/2026,0:15:25,0,0,0,0,0,1
4/10/2026,0:15:30,0,0,0,0,0,1
4/10/2026,0:15:35,0,0,0,0,0,1
4/10/2026,0:15:40,0,0,0,0,0,1
4/10/2026,0:15:45,0,0,0,0,0,1
4/10/2026,0:15:50,0,0,0,0,0,1
4/10/2026,0:15:55,0,0,0,0,0,1
4/10/2026,0:16:00,0,0,0,0,0,1
4/10/2026,0:16:05,0,0,0,0,0,1
4/10/2026,0:16:09,0,0,0,0,0,0
4/10/2026,0:16:10,0,0,0,0,0,1
4/10/2026,0:16:15,0,0,0,0,0,1
4/10/2026,0:16:20,0,0,0,0,0,1
4/10/2026,0:16:25,0,0,0,0,0,1
4/10/2026,0:16:30,0,0,0,0,0,1
4/10/2026,0:16:35,0,0,0,0,0,1
4/10/2026,0:16:40,0,0,0,0,0,1
4/10/2026,0:16:45,0,0,0,0,0,1
4/10/2026,0:16:50,0,0,0,0,0,1
4/10/2026,0:16:55,0,0,0,0,0,1
4/10/2026,0:17:00,0,0,0,0,0,1
4/10/2026,0:17:05,0,0,0,0,0,1
4/10/2026,0:17:09,0,0,0,0,0,0
4/10/2026,0:17:10,0,0,0,0,0,1
4/10/2026,0:17:15,0,0,0,0,0,1
4/10/2026,0:17:20,0,0,0,0,0,1
4/10/2026,0:17:25,0,0,0,0,0,1
4/10/2026,0:17:30,0,0,0,0,0,1
4/10/2026,0:17:35,0,0,0,0,0,1
4/10/2026,0:17:40,0,0,0,0,0,1
4/10/2026,0:17:45,0,0,0,0,0,1
4/10/2026,0:17:50,0,0,0,0,0,1
4/10/2026,0:17:55,0,0,0,0,0,1
4/10/2026,0:18:00,0,0,0,0,0,1
4/10/2026,0:18:05,0,0,0,0,0,1
4/10/2026,0:18:09,0,0,0,0,0,0
4/10/2026,0:18:10,0,0,0,0,0,1
4/10/2026,0:18:15,0,0,0,0,0,1
4/10/2026,0:18:20,0,0,0,0,0,1
4/10/2026,0:18:25,0,0,0,0,0,1
4/10/2026,0:18:30,0,0,0,0,0,1
4/10/2026,0:18:35,0,0,0,0,0,1
4/10/2026,0:18:40,0,0,0,0,0,1
4/10/2026,0:18:45,0,0,0,0,0,1
4/10/2026,0:18:50,0,0,0,0,0,1
4/10/2026,0:18:55,0,0,0,0,0,1
4/10/2026,0:19:00,0,0,0,0,0,1
4/10/2026,0:19:05,0,0,0,0,0,1
4/10/2026,0:19:09,0,0,0,0,0,0
4/10/2026,0:19:10,0,0,0,0,0,1
4/10/2026,0:19:15,0,0,0,0,0,1
4/10/2026,0:19:20,0,0,0,0,0,1
4/10/2026,0:19:25,0,0,0,0,0,1
4/10/2026,0:19:30,0,0,0,0,0,1
4/10/2026,0:19:35,0,0,0,0,0,1
4/10/2026,0:19:40,0,0,0,0,0,1
4/10/2026,0:19:45,0,0,0,0,0,1
4/10/2026,0:19:50,0,0,0,0,0,1
4/10/2026,0:19:55,0,0,0,0,0,1
4/10/2026,0:20:00,0,0,0,0,0,1
4/10/2026,0:20:05,0,0,0,0,0,1
4/10/2026,0:20:09,0,0,0,0,0,0
4/10/2026,0:20:10,0,0,0,0,0,1
4/10/2026,0:20:15,0,0,0,0,0,1
4/10/2026,0:20:20,0,0,0,0,0,1
4/10/2026,0:20:25,0,0,0,0,0,1
4/10/2026,0:20:30,0,0,0,0,0,1
4/10/2026,0:20:35,0,0,0,0,0,1
4/10/2026,0:20:40,0,0,0,0,0,1
4/10/2026,0:20:45,0,0,0,0,0,1
4/10/2026,0:20:50,0,0,0,0,0,1
4/10/2026,0:20:55,0,0,0,0,0,1
4/10/2026,0:21:00,0,0,0,0,0,1
4/10/2026,0:21:05,0,0,0,0,0,1
4/10/2026,0:21:09,0,0,0,0,0,0
4/10/2026,0:21:10,0,0,0,0,0,1
4/10/2026,0:21:15,0,0,0,0,0,1
4/10/2026,0:21:20,0,0,0,0,0,1
4/10/2026,0:21:25,0,0,0,0,0,1
4/10/2026,0:21:30,0,0,0,0,0,1
4/10/2026,0:21:35,0,0,0,0,0,1
4/10/2026,0:21:40,0,0,0,0,0,1
4/10/2026,0:21:45,0,0,0,0,0,1
4/10/2026,0:21:50,0,0,0,0,0,1
4/10/2026,0:21:55,0,0,0,0,0,1
4/10/2026,0:22:00,0,0,0,0,0,1
4/10/2026,0:22:05,0,0,0,0,0,1
4/10/2026,0:22:09,0,0,0,0,0,0
4/10/2026,0:22:10,0,0,0,0,0,1
4/10/2026,0:22:15,0,0,0,0,0,1
4/10/2026,0:22:20,0,0,0,0,0,1
4/10/2026,0:22:25,0,0,0,0,0,1
4/10/2026,0:22:30,0,0,0,0,0,1
4/10/2026,0:22:35,0,0,0,0,0,1
4/10/2026,0:22:40,0,0,0,0,0,1
4/10/2026,0:22:45,0,0,0,0,0,1
4/10/2026,0:22:50,0,0,0,0,0,1
4/10/2026,0:22:55,0,0,0,0,0,1
4/10/2026,0:23:00,0,0,0,0,0,1
4/10/2026,0:23:05,0,0,0,0,0,1
4/10/2026,0:23:09,0,0,0,0,0,0
4/10/2026,0:23:10,0,0,0,0,0,1
4/10/2026,0:23:15,0,0,0,0,0,1
4/10/2026,0:23:20,0,0,0,0,0,1
4/10/2026,0:23:25,0,0,0,0,0,1
4/10/2026,0:23:30,0,0,0,0,0,1
4/10/2026,0:23:35,0,0,0,0,0,1
4/10/2026,0:23:40,0,0,0,0,0,1
4/10/2026,0:23:45,0,0,0,0,0,1
4/10/2026,0:23:50,0,0,0,0,0,1
4/10/2026,0:23:55,0,0,0,0,0,1
4/10/2026,0:24:00,0,0,0,0,0,1
4/10/2026,0:24:05,0,0,0,0,0,1
4/10/2026,0:24:09,0,0,0,0,0,0
4/10/2026,0:24:10,0,0,0,0,0,1
4/10/2026,0:24:15,0,0,0,0,0,1
4/10/2026,0:24:20,0,0,0,0,0,1
4/10/2026,0:24:25,0,0,0,0,0,1
4/10/2026,0:24:30,0,0,0,0,0,1
4/10/2026,0:24:35,0,0,0,0,0,1
4/10/2026,0:24:40,0,0,0,0,0,1
4/10/2026,0:24:45,0,0,0,0,0,1
4/10/2026,0:24:50,0,0,0,0,0,1
4/10/2026,0:24:55,0,0,0,0,0,1
4/10/2026,0:25:00,0,0,0,0,0,1
4/10/2026,0:25:05,0,0,0,0,0,1
4/10/2026,0:25:09,0,0,0,0,0,0
4/10/2026,0:25:10,0,0,0,0,0,1
4/10/2026,0:25:15,0,0,0,0,0,1
4/10/2026,0:25:20,0,0,0,0,0,1
4/10/2026,0:25:25,0,0,0,0,0,1
4/10/2026,0:25:30,0,0,0,0,0,1
4/10/2026,0:25:35,0,0,0,0,0,1
4/10/2026,0:25:40,0,0,0,0,0,1
4/10/2026,0:25:45,0,0,0,0,0,1
4/10/2026,0:25:50,0,0,0,0,0,1
4/10/2026,0:25:55,0,0,0,0,0,1
4/10/2026,0:26:00,0,0,0,0,0,1
4/10/2026,0:26:05,0,0,0,0,0,1
4/10/2026,0:26:09,0,0,0,0,0,0
4/10/2026,0:26:10,0,0,0,0,1,0
4/10/2026,0:26:15,0,0,0,1,1,0
4/10/2026,0:26:20,0,0,0,0,1,0
4/10/2026,0:26:25,0,0,1,0,1,0
4/10/2026,0:26:30,0,0,0,0,1,0
4/10/2026,0:26:35,0,0,0,0,0,1
4/10/2026,0:26:40,0,0,0,0,0,1
4/10/2026,0:26:45,1,0,0,0,0,1
4/10/2026,0:26:50,0,0,0,0,0,1
4/10/2026,0:26:55,0,0,0,0,0,1
4/10/2026,0:27:00,0,0,0,0,0,1
4/10/2026,0:27:05,0,0,0,0,0,1
4/10/2026,0:27:09,0,0,0,0,0,0
4/10/2026,0:27:10,0,0,1,0,0,1
4/10/2026,0:27:15,0,1,0,0,0,1
4/10/2026,0:27:20,0,1,0,0,0,1
4/10/2026,0:27:25,0,0,0,0,1,0
4/10/2026,0:27:30,1,0,0,0,1,0
4/10/2026,0:27:35,1,0,0,0,1,0
4/10/2026,0:27:40,0,1,0,0,1,0
4/10/2026,0:27:45,0,0,0,1,1,0
4/10/2026,0:27:50,0,1,0,0,1,0
4/10/2026,0:27:55,0,1,0,0,1,0
4/10/2026,0:28:00,0,0,1,0,1,0
4/10/2026,0:28:05,0,0,1,0,1,0
4/10/2026,0:28:09,0,0,0,0,0,0
4/10/2026,0:28:10,0,0,0,0,0,1
4/10/2026,0:28:15,0,0,0,0,0,1
4/10/2026,0:28:20,0,0,0,1,0,1
4/10/2026,0:28:25,1,0,0,0,0,1
4/10/2026,0:28:30,1,0,0,0,0,1
4/10/2026,0:28:35,0,1,0,0,0,1
4/10/2026,0:28:40,0,0,0,0,1,0
4/10/2026,0:28:45,0,0,0,0,1,0
4/10/2026,0:28:50,0,0,0,0,1,0
4/10/2026,0:28:55,0,0,0,0,1,0
4/10/2026,0:29:00,0,0,0,0,1,0
4/10/2026,0:29:05,0,0,0,0,1,0
4/10/2026,0:29:09,0,0,0,0,0,0
4/10/2026,0:29:10,0,0,0,0,1,0
4/10/2026,0:29:15,0,0,0,0,1,0
4/10/2026,0:29:20,0,0,0,0,1,0
4/10/2026,0:29:25,0,0,0,0,1,0
4/10/2026,0:29:30,0,0,0,0,1,0
4/10/2026,0:29:35,0,0,0,0,1,0
4/10/2026,0:29:40,0,0,0,0,1,0
4/10/2026,0:29:45,0,0,0,0,1,0
4/10/2026,0:29:50,0,0,0,0,1,0
4/10/2026,0:29:55,1,0,0,0,1,0
4/10/2026,0:30:00,1,0,0,0,1,0
4/10/2026,0:30:05,0,1,0,0,1,0
4/10/2026,0:30:09,0,0,0,0,0,0
4/10/2026,0:30:10,0,1,0,0,1,0
4/10/2026,0:30:15,0,0,0,0,0,1
4/10/2026,0:30:20,0,1,0,0,0,1
4/10/2026,0:30:25,0,1,0,0,0,1
4/10/2026,0:30:30,0,1,0,0,0,1
4/10/2026,0:30:35,0,1,0,0,0,1
4/10/2026,0:30:40,1,0,0,0,0,1
4/10/2026,0:30:45,0,1,0,0,0,1
4/10/2026,0:30:50,0,1,0,0,0,1
4/10/2026,0:30:55,0,1,0,0,0,1
4/10/2026,0:31:00,0,1,0,0,0,1
4/10/2026,0:31:05,0,0,1,0,0,1
4/10/2026,0:31:09,0,0,0,0,0,0
4/10/2026,0:31:10,0,0,0,0,0,1
4/10/2026,0:31:15,0,0,0,0,0,1
4/10/2026,0:31:20,0,0,0,0,0,1
4/10/2026,0:31:25,0,0,0,0,0,1
4/10/2026,0:31:30,0,0,0,0,0,1
4/10/2026,0:31:35,0,0,0,0,0,1
4/10/2026,0:31:40,0,0,0,0,0,1
4/10/2026,0:31:45,0,0,0,0,0,1
4/10/2026,0:31:50,0,0,0,0,0,1
4/10/2026,0:31:55,0,0,0,0,0,1
4/10/2026,0:32:00,0,0,0,0,0,1
4/10/2026,0:32:05,0,0,0,0,0,1
4/10/2026,0:32:09,0,0,0,0,0,0
4/10/2026,0:32:10,0,0,0,0,0,1
4/10/2026,0:32:15,0,0,0,0,0,1
4/10/2026,0:32:20,0,0,0,0,0,1
4/10/2026,0:32:25,0,0,0,0,0,1
4/10/2026,0:32:30,0,0,0,0,0,1
4/10/2026,0:32:35,0,0,0,0,0,1
4/10/2026,0:32:40,0,0,0,0,0,1
4/10/2026,0:32:45,0,0,0,0,0,1
4/10/2026,0:32:50,0,0,0,0,0,1
4/10/2026,0:32:55,0,0,0,0,0,1
4/10/2026,0:33:00,0,0,0,0,0,1
4/10/2026,0:33:05,0,0,0,0,0,1
4/10/2026,0:33:09,0,0,0,0,0,0
4/10/2026,0:33:10,0,0,0,0,0,1
4/10/2026,0:33:15,0,0,0,0,0,1
4/10/2026,0:33:20,0,0,0,0,0,1
4/10/2026,0:33:25,0,0,0,0,0,1
4/10/2026,0:33:30,0,0,0,0,0,1
4/10/2026,0:33:35,0,0,0,0,0,1
4/10/2026,0:33:40,0,0,0,0,0,1
4/10/2026,0:33:45,0,0,0,0,0,1
4/10/2026,0:33:50,0,0,0,0,0,1
4/10/2026,0:33:55,0,0,0,0,0,1
4/10/2026,0:34:00,0,0,0,0,0,1
4/10/2026,0:34:05,0,0,0,0,0,1
4/10/2026,0:34:09,0,0,0,0,0,0
4/10/2026,0:34:10,0,0,0,0,0,1
4/10/2026,0:34:15,0,0,0,0,0,1
4/10/2026,0:34:20,0,0,0,0,0,1
4/10/2026,0:34:25,0,0,0,0,0,1
4/10/2026,0:34:30,0,0,0,0,0,1
4/10/2026,0:34:35,0,0,0,0,0,1
4/10/2026,0:34:40,0,0,0,0,0,1
4/10/2026,0:34:45,0,0,0,0,0,1
4/10/2026,0:34:50,0,0,0,0,0,1
4/10/2026,0:34:55,0,0,0,0,0,1
4/10/2026,0:35:00,0,0,0,0,0,1
4/10/2026,0:35:05,0,0,0,0,0,1
4/10/2026,0:35:09,0,0,0,0,0,0
4/10/2026,0:35:10,0,0,0,0,0,1
4/10/2026,0:35:15,0,0,0,0,0,1
4/10/2026,0:35:20,0,0,0,0,0,1
4/10/2026,0:35:25,0,0,0,0,0,1
4/10/2026,0:35:30,0,0,0,0,0,1
4/10/2026,0:35:35,0,0,0,0,0,1
4/10/2026,0:35:40,0,0,0,0,0,1
4/10/2026,0:35:45,0,0,0,0,0,1
4/10/2026,0:35:50,0,0,0,0,0,1
4/10/2026,0:35:55,0,0,0,0,0,1
4/10/2026,0:36:00,0,0,0,0,0,1
4/10/2026,0:36:09,0,0,0,0,0,0
4/10/2026,0:36:13,0,0,0,0,0,1
4/10/2026,0:36:18,0,0,0,0,0,1
4/10/2026,0:36:23,0,0,0,0,0,1
4/10/2026,0:36:28,0,0,0,0,0,1
4/10/2026,0:36:33,0,0,0,0,0,1
4/10/2026,0:36:38,0,0,0,0,0,1
4/10/2026,0:36:43,0,0,0,0,0,1
4/10/2026,0:36:48,0,0,0,0,0,1
4/10/2026,0:36:53,0,0,0,0,0,1
4/10/2026,0:36:58,0,0,0,0,0,1
4/10/2026,0:37:03,0,0,0,0,0,1
4/10/2026,0:37:08,0,0,0,0,0,1
4/10/2026,0:37:09,0,0,0,0,0,0
4/10/2026,0:37:13,0,0,0,0,0,1
4/10/2026,0:37:18,0,0,0,0,0,1
4/10/2026,0:37:23,0,0,0,0,0,1
4/10/2026,0:37:28,0,0,0,0,0,1
4/10/2026,0:37:33,0,0,0,0,0,1
4/10/2026,0:37:38,0,0,0,0,0,1
4/10/2026,0:37:43,0,0,0,0,0,1
4/10/2026,0:37:48,0,0,0,0,0,1
4/10/2026,0:37:53,0,0,0,0,0,1
4/10/2026,0:37:58,0,0,0,0,0,1
4/10/2026,0:38:03,0,0,0,0,0,1
4/10/2026,0:38:08,0,0,0,0,0,1
4/10/2026,0:38:09,0,0,0,0,0,0
4/10/2026,0:38:13,0,0,0,0,0,1
4/10/2026,0:38:18,0,0,0,0,0,1
4/10/2026,0:38:23,0,0,0,0,0,1
4/10/2026,0:38:28,0,0,0,0,0,1
4/10/2026,0:38:33,0,0,0,0,0,1
4/10/2026,0:38:38,0,0,0,0,0,1
4/10/2026,0:38:43,0,0,0,0,0,1
4/10/2026,0:38:48,0,0,0,0,0,1
4/10/2026,0:38:53,0,0,0,0,0,1
4/10/2026,0:38:58,0,0,0,0,0,1
4/10/2026,0:39:03,0,0,0,0,0,1
4/10/2026,0:39:08,0,0,0,0,0,1
4/10/2026,0:39:09,0,0,0,0,0,0
4/10/2026,0:39:13,0,0,0,0,0,1
4/10/2026,0:39:18,0,0,0,0,0,1
4/10/2026,0:39:23,0,0,0,0,0,1
4/10/2026,0:39:28,0,0,0,0,0,1
4/10/2026,0:39:33,0,0,0,0,0,1
4/10/2026,0:39:38,0,0,0,0,0,1
4/10/2026,0:39:43,0,0,0,0,0,1
4/10/2026,0:39:48,0,0,0,0,0,1
4/10/2026,0:39:53,0,0,0,0,0,1
4/10/2026,0:39:58,0,0,0,0,0,1
4/10/2026,0:40:03,0,0,0,0,0,1
4/10/2026,0:40:08,0,0,0,0,0,1
4/10/2026,0:40:09,0,0,0,0,0,0
4/10/2026,0:40:13,0,0,0,0,0,1
4/10/2026,0:40:18,0,0,0,0,0,1
4/10/2026,0:40:23,0,0,0,0,0,1
4/10/2026,0:40:28,0,0,0,0,0,1
4/10/2026,0:40:33,0,0,0,0,0,1
4/10/2026,0:40:38,0,0,0,0,0,1
4/10/2026,0:40:43,0,0,0,0,0,1
4/10/2026,0:40:48,0,0,0,0,0,1
4/10/2026,0:40:53,0,0,0,0,0,1
4/10/2026,0:40:58,0,0,0,0,0,1
4/10/2026,0:41:03,0,0,0,0,0,1
4/10/2026,0:41:08,0,0,0,0,0,1
4/10/2026,0:41:09,0,0,0,0,0,0
4/10/2026,0:41:13,0,0,0,0,0,1
4/10/2026,0:41:18,0,0,0,0,0,1
4/10/2026,0:41:23,0,0,0,0,0,1
4/10/2026,0:41:28,0,0,0,0,0,1
4/10/2026,0:41:33,0,0,0,0,0,1
4/10/2026,0:41:38,0,0,0,0,0,1
4/10/2026,0:41:43,0,0,0,0,0,1
4/10/2026,0:41:48,0,0,0,0,0,1
4/10/2026,0:41:53,0,0,0,0,0,1
4/10/2026,0:41:58,0,0,0,0,0,1
4/10/2026,0:42:03,0,0,0,0,0,1
4/10/2026,0:42:08,0,0,0,0,0,1
4/10/2026,0:42:09,0,0,0,0,0,0
4/10/2026,0:42:13,0,0,0,0,0,1
4/10/2026,0:42:18,0,0,0,0,0,1
4/10/2026,0:42:23,0,0,0,0,0,1
4/10/2026,0:42:28,0,0,0,0,0,1
4/10/2026,0:42:33,0,0,0,0,0,1
4/10/2026,0:42:38,0,0,0,0,0,1
4/10/2026,0:42:43,0,0,0,0,0,1
4/10/2026,0:42:48,0,0,0,0,0,1
4/10/2026,0:42:53,0,0,0,0,0,1
4/10/2026,0:42:58,0,0,0,0,0,1
4/10/2026,0:43:03,0,0,0,0,0,1
4/10/2026,0:43:08,0,0,0,0,0,1
4/10/2026,0:43:09,0,0,0,0,0,0
4/10/2026,0:43:13,0,0,0,0,0,1
4/10/2026,0:43:18,0,0,0,0,0,1
4/10/2026,0:43:23,0,0,0,0,0,1
4/10/2026,0:43:28,0,0,0,0,0,1
4/10/2026,0:43:33,0,0,0,0,0,1
4/10/2026,0:43:38,0,0,0,0,0,1
4/10/2026,0:43:43,0,0,0,0,0,1
4/10/2026,0:43:48,0,0,0,0,0,1
4/10/2026,0:43:53,0,0,0,0,0,1
4/10/2026,0:43:58,0,0,0,0,0,1
4/10/2026,0:44:03,0,0,0,0,0,1
4/10/2026,0:44:08,0,0,0,0,0,1
4/10/2026,0:44:09,0,0,0,0,0,0
4/10/2026,0:44:13,0,0,0,0,0,1
4/10/2026,0:44:18,0,0,0,0,0,1
4/10/2026,0:44:23,0,0,0,0,0,1
4/10/2026,0:44:28,0,0,0,0,0,1
4/10/2026,0:44:33,0,0,0,0,0,1
4/10/2026,0:44:38,0,0,0,0,0,1
4/10/2026,0:44:43,0,0,0,0,0,1
4/10/2026,0:44:48,0,0,0,0,0,1
4/10/2026,0:44:53,0,0,0,0,0,1
4/10/2026,0:44:58,0,0,0,0,0,1
4/10/2026,0:45:03,0,0,0,0,0,1
4/10/2026,0:45:08,0,0,0,0,0,1
4/10/2026,0:45:09,0,0,0,0,0,0
4/10/2026,0:45:13,0,0,0,0,0,1
4/10/2026,0:45:18,0,0,0,0,0,1
4/10/2026,0:45:23,0,0,0,0,0,1
4/10/2026,0:45:28,0,0,0,0,0,1
4/10/2026,0:45:33,0,0,0,0,0,1
4/10/2026,0:45:38,0,0,0,0,0,1
4/10/2026,0:45:43,0,0,0,0,0,1
4/10/2026,0:45:48,0,0,0,0,0,1
4/10/2026,0:45:53,0,0,0,0,0,1
4/10/2026,0:45:58,0,0,0,0,0,1
4/10/2026,0:46:03,0,0,0,0,0,1
4/10/2026,0:46:08,0,0,0,0,0,1
4/10/2026,0:46:09,0,0,0,0,0,0
4/10/2026,0:46:13,0,0,0,0,0,1
4/10/2026,0:46:18,0,0,0,0,0,1
4/10/2026,0:46:23,0,0,0,0,0,1
4/10/2026,0:46:28,0,0,0,0,0,1
4/10/2026,0:46:33,0,0,0,0,0,1
4/10/2026,0:46:38,0,0,0,0,0,1
4/10/2026,0:46:43,0,0,0,0,0,1
4/10/2026,0:46:48,0,0,0,0,0,1
4/10/2026,0:46:53,0,0,0,0,0,1
4/10/2026,0:46:58,0,0,0,0,0,1
4/10/2026,0:47:03,0,0,0,0,0,1
4/10/2026,0:47:08,0,0,0,0,0,1
4/10/2026,0:47:09,0,0,0,0,0,0
4/10/2026,0:47:13,0,0,0,0,0,1
4/10/2026,0:47:18,0,0,0,0,0,1
4/10/2026,0:47:23,0,0,0,0,0,1
4/10/2026,0:47:28,0,0,0,0,0,1
4/10/2026,0:47:33,0,0,0,0,0,1
4/10/2026,0:47:38,0,0,0,0,0,1
4/10/2026,0:47:43,0,0,0,0,0,1
4/10/2026,0:47:48,0,0,0,0,0,1
4/10/2026,0:47:53,0,0,0,0,0,1
4/10/2026,0:47:58,0,0,0,0,0,1
4/10/2026,0:48:03,0,0,0,0,0,1
4/10/2026,0:48:08,0,0,0,0,0,1
4/10/2026,0:48:09,0,0,0,0,0,0
4/10/2026,0:48:13,0,0,0,0,0,1
4/10/2026,0:48:26,0,0,0,0,0,1
4/10/2026,0:48:31,0,0,0,0,0,1
4/10/2026,0:48:36,0,0,0,0,0,1
4/10/2026,0:48:41,0,0,0,0,0,1
4/10/2026,0:48:46,0,0,0,0,0,1
4/10/2026,0:48:51,0,0,0,0,0,1
4/10/2026,0:48:56,0,0,0,0,0,1
4/10/2026,0:49:01,0,0,0,0,0,1
4/10/2026,0:49:06,0,0,0,0,0,1
4/10/2026,0:49:09,0,0,0,0,0,0
4/10/2026,0:49:11,0,0,0,0,0,1
4/10/2026,0:49:16,0,0,0,0,0,1
4/10/2026,0:49:21,0,0,0,0,0,1
4/10/2026,0:49:26,0,0,0,0,0,1
4/10/2026,0:49:31,0,0,0,0,0,1
4/10/2026,0:49:36,0,0,0,0,0,1
4/10/2026,0:49:41,0,0,0,0,0,1
4/10/2026,0:49:46,0,0,0,0,0,1
4/10/2026,0:49:51,0,0,0,0,0,1
4/10/2026,0:49:56,0,0,0,0,0,1
4/10/2026,0:50:01,0,0,0,0,0,1
4/10/2026,0:50:06,0,0,0,0,0,1
4/10/2026,0:50:09,0,0,0,0,0,0
4/10/2026,0:50:11,0,0,0,0,0,1
4/10/2026,0:50:16,0,0,0,0,0,1
4/10/2026,0:50:21,0,0,0,0,0,1
4/10/2026,0:50:26,0,0,0,0,0,1
4/10/2026,0:50:31,0,0,0,0,0,1
4/10/2026,0:50:36,0,0,0,0,0,1
4/10/2026,0:50:41,0,0,0,0,0,1
4/10/2026,0:50:46,0,0,0,0,0,1
4/10/2026,0:50:51,0,0,0,0,0,1
4/10/2026,0:50:56,0,0,0,0,0,1
4/10/2026,0:51:01,0,0,0,0,0,1
4/10/2026,0:51:06,0,0,0,0,0,1
4/10/2026,0:51:09,0,0,0,0,0,0
4/10/2026,0:51:11,0,0,0,0,0,1
4/10/2026,0:51:16,0,0,0,0,0,1
4/10/2026,0:51:21,0,0,0,0,0,1
4/10/2026,0:51:26,0,0,0,0,0,1
4/10/2026,0:51:31,0,0,0,0,0,1
4/10/2026,0:51:36,0,0,0,0,0,1
4/10/2026,0:51:41,0,0,0,0,0,1
4/10/2026,0:51:46,0,0,0,0,0,1
4/10/2026,0:51:51,0,0,0,0,0,1
4/10/2026,0:51:56,0,0,0,0,0,1
4/10/2026,0:52:01,0,0,0,0,0,1
4/10/2026,0:52:06,0,0,0,0,0,1
4/10/2026,0:52:09,0,0,0,0,0,0
4/10/2026,0:52:11,0,0,0,0,0,1
4/10/2026,0:52:16,0,0,0,0,0,1
4/10/2026,0:52:21,0,0,0,0,0,1
4/10/2026,0:52:26,0,0,0,0,0,1
4/10/2026,0:52:31,0,0,0,0,0,1
4/10/2026,0:52:36,0,0,0,0,0,1
4/10/2026,0:52:41,0,0,0,0,0,1
4/10/2026,0:52:46,0,0,0,0,0,1
4/10/2026,0:52:51,0,0,0,0,0,1
4/10/2026,0:52:56,0,0,0,0,0,1
4/10/2026,0:53:01,0,0,0,0,0,1
4/10/2026,0:53:06,0,0,0,0,0,1
4/10/2026,0:53:09,0,0,0,0,0,0
4/10/2026,0:53:11,0,0,0,0,0,1
4/10/2026,0:53:16,0,0,0,0,0,1
4/10/2026,0:53:21,0,0,0,0,0,1
4/10/2026,0:53:26,0,0,0,0,0,1
4/10/2026,0:53:31,0,0,0,0,0,1
4/10/2026,0:53:36,0,0,0,0,0,1
4/10/2026,0:53:41,0,0,0,0,0,1
4/10/2026,0:53:46,0,0,0,0,0,1
4/10/2026,0:53:51,0,0,0,0,0,1
4/10/2026,0:53:56,0,0,0,0,0,1
4/10/2026,0:54:01,0,0,0,0,0,1
4/10/2026,0:54:06,0,0,0,0,0,1
4/10/2026,0:54:09,0,0,0,0,0,0
4/10/2026,0:54:11,0,0,0,0,0,1
4/10/2026,0:54:16,0,0,0,0,0,1
4/10/2026,0:54:21,0,0,0,0,0,1
4/10/2026,0:54:26,0,0,0,0,0,1
4/10/2026,0:54:31,0,0,0,0,0,1
4/10/2026,0:54:36,0,0,0,0,0,1
4/10/2026,0:54:41,0,0,0,0,0,1
4/10/2026,0:54:46,0,0,0,0,0,1
4/10/2026,0:54:51,0,0,0,0,0,1
4/10/2026,0:54:56,0,0,0,0,0,1
4/10/2026,0:55:01,0,0,0,0,0,1
4/10/2026,0:55:06,0,0,0,0,0,1
4/10/2026,0:55:09,0,0,0,0,0,0
4/10/2026,0:55:11,0,0,0,0,0,1
4/10/2026,0:55:16,0,0,0,0,0,1
4/10/2026,0:55:21,0,0,0,0,0,1
4/10/2026,0:55:26,0,0,0,0,0,1
4/10/2026,0:55:31,0,0,0,0,0,1
4/10/2026,0:55:36,0,0,0,0,0,1
4/10/2026,0:55:41,0,0,0,0,0,1
4/10/2026,0:55:46,0,0,0,0,0,1
4/10/2026,0:55:51,0,0,0,0,0,1
4/10/2026,0:55:56,0,0,0,0,0,1
4/10/2026,0:56:01,0,0,0,0,0,1
4/10/2026,0:56:06,0,0,0,0,0,1
4/10/2026,0:56:09,0,0,0,0,0,0
4/10/2026,0:56:11,0,0,0,0,0,1
4/10/2026,0:56:16,0,0,0,0,0,1
4/10/2026,0:56:21,0,0,0,0,0,1
4/10/2026,0:56:26,0,0,0,0,0,1
4/10/2026,0:56:31,0,0,0,0,0,1
4/10/2026,0:56:36,0,0,0,0,0,1
4/10/2026,0:56:41,0,0,0,0,0,1
4/10/2026,0:56:46,0,0,0,0,0,1
4/10/2026,0:56:51,0,0,0,0,0,1
4/10/2026,0:56:56,0,0,0,0,0,1
4/10/2026,0:57:01,0,0,0,0,0,1
4/10/2026,0:57:06,0,0,0,0,0,1
4/10/2026,0:57:09,0,0,0,0,0,0
4/10/2026,0:57:11,0,0,0,0,0,1
4/10/2026,0:57:16,0,0,0,0,0,1
4/10/2026,0:57:21,0,0,0,0,0,1
4/10/2026,0:57:26,0,0,0,0,0,1
4/10/2026,0:57:31,0,0,0,0,0,1
4/10/2026,0:57:36,0,0,0,0,0,1
4/10/2026,0:57:41,0,0,0,0,0,1
4/10/2026,0:57:46,0,0,0,0,0,1
4/10/2026,0:57:51,0,0,0,0,0,1
4/10/2026,0:57:56,0,0,0,0,0,1
4/10/2026,0:58:01,0,0,0,0,0,1
4/10/2026,0:58:06,0,0,0,0,0,1
4/10/2026,0:58:09,0,0,0,0,0,0
4/10/2026,0:58:11,0,0,0,0,0,1
4/10/2026,0:58:16,0,0,0,0,0,1
4/10/2026,0:58:21,0,0,0,0,0,1
4/10/2026,0:58:26,0,0,0,0,0,1
4/10/2026,0:58:31,0,0,0,0,0,1
4/10/2026,0:58:36,0,0,0,0,0,1
4/10/2026,0:58:41,0,0,0,0,0,1
4/10/2026,0:58:46,0,0,0,0,0,1
4/10/2026,0:58:51,0,0,0,0,0,1
4/10/2026,0:58:56,0,0,0,0,0,1
4/10/2026,0:59:01,0,0,0,0,0,1
4/10/2026,0:59:06,0,0,0,0,0,1
4/10/2026,0:59:09,0,0,0,0,0,0
4/10/2026,0:59:11,0,0,0,0,0,1
4/10/2026,0:59:24,0,0,0,0,0,1
4/10/2026,0:59:29,0,0,0,0,0,1
4/10/2026,0:59:34,0,0,0,0,0,1
4/10/2026,0:59:39,0,0,0,0,0,1
4/10/2026,0:59:44,0,0,0,0,0,1
4/10/2026,0:59:49,0,0,0,0,0,1
4/10/2026,0:59:54,0,0,0,0,0,1
4/10/2026,0:59:59,0,0,0,0,0,1
4/10/2026,1:00:04,0,0,0,0,0,1
4/10/2026,1:00:09,0,0,0,0,0,1
4/10/2026,1:00:09,0,0,0,0,0,0
4/10/2026,1:00:14,0,0,0,0,0,1
4/10/2026,1:00:19,0,0,0,0,0,1
4/10/2026,1:00:24,0,0,0,0,0,1
4/10/2026,1:00:29,0,0,0,0,0,1
4/10/2026,1:00:34,0,0,0,0,0,1
4/10/2026,1:00:39,0,0,0,0,0,1
4/10/2026,1:00:44,0,0,0,0,0,1
4/10/2026,1:00:49,0,0,0,0,0,1
4/10/2026,1:00:54,0,0,0,0,0,1
4/10/2026,1:00:59,0,0,0,0,0,1
4/10/2026,1:01:04,0,0,0,0,0,1
4/10/2026,1:01:09,0,0,0,0,0,1
4/10/2026,1:01:09,0,0,0,0,0,0
4/10/2026,1:01:14,0,0,0,0,0,1
4/10/2026,1:01:19,0,0,0,0,0,1
4/10/2026,1:01:24,0,0,0,0,0,1
4/10/2026,1:01:29,0,0,0,0,0,1
4/10/2026,1:01:34,0,0,0,0,0,1
4/10/2026,1:01:39,0,0,0,0,0,1
4/10/2026,1:01:44,0,0,0,0,0,1
4/10/2026,1:01:49,0,0,0,0,0,1
4/10/2026,1:01:54,0,0,0,0,0,1
4/10/2026,1:01:59,0,0,0,0,0,1
4/10/2026,1:02:04,0,0,0,0,0,1
4/10/2026,1:02:09,0,0,0,0,0,1
4/10/2026,1:02:09,0,0,0,0,0,0
4/10/2026,1:02:14,0,0,0,0,0,1
4/10/2026,1:02:19,0,0,0,0,0,1
4/10/2026,1:02:24,0,0,0,0,0,1
4/10/2026,1:02:29,0,0,0,0,0,1
4/10/2026,1:02:34,0,0,0,0,0,1
4/10/2026,1:02:39,0,0,0,0,0,1
4/10/2026,1:02:44,0,0,0,0,0,1
4/10/2026,1:02:49,0,0,0,0,0,1
4/10/2026,1:02:54,0,0,0,0,0,1
4/10/2026,1:02:59,0,0,0,0,0,1
4/10/2026,1:03:04,0,0,0,0,0,1
4/10/2026,1:03:09,0,0,0,0,0,1
4/10/2026,1:03:09,0,0,0,0,0,0
4/10/2026,1:03:14,0,0,0,0,0,1
4/10/2026,1:03:19,0,0,0,0,0,1
4/10/2026,1:03:24,0,0,0,0,0,1
4/10/2026,1:03:29,0,0,0,0,0,1
4/10/2026,1:03:34,0,0,0,0,0,1
4/10/2026,1:03:39,0,0,0,0,0,1
4/10/2026,1:03:44,0,0,0,0,0,1
4/10/2026,1:03:49,0,0,0,0,0,1
4/10/2026,1:03:54,0,0,0,0,0,1
4/10/2026,1:03:59,0,0,0,0,0,1
4/10/2026,1:04:04,0,0,0,0,0,1
4/10/2026,1:04:09,0,0,0,0,0,1
4/10/2026,1:04:09,0,0,0,0,0,0
4/10/2026,1:04:14,0,0,0,0,0,1
4/10/2026,1:04:19,0,0,0,0,0,1
4/10/2026,1:04:24,0,0,0,0,0,1
4/10/2026,1:04:29,0,0,0,0,0,1
4/10/2026,1:04:34,0,0,0,0,0,1
4/10/2026,1:04:39,0,0,0,0,0,1
4/10/2026,1:04:45,0,0,0,0,0,1
4/10/2026,1:04:50,0,0,0,0,0,1
4/10/2026,1:04:55,0,0,0,0,0,1
4/10/2026,1:05:00,0,0,0,0,0,1
4/10/2026,1:05:05,0,0,0,0,0,1
4/10/2026,1:05:09,0,0,0,0,0,0
4/10/2026,1:05:10,0,0,0,0,0,1
4/10/2026,1:05:15,0,0,0,0,0,1
4/10/2026,1:05:20,0,0,0,0,0,1
4/10/2026,1:05:25,0,0,0,0,0,1
4/10/2026,1:05:30,0,0,0,0,0,1
4/10/2026,1:05:35,0,0,0,0,0,1
4/10/2026,1:05:40,0,0,0,0,0,1
4/10/2026,1:05:45,0,0,0,0,0,1
4/10/2026,1:05:50,0,0,0,0,0,1
4/10/2026,1:05:55,0,0,0,0,0,1
4/10/2026,1:06:00,0,0,0,0,0,1
4/10/2026,1:06:05,0,0,0,0,0,1
4/10/2026,1:06:09,0,0,0,0,0,0
4/10/2026,1:06:10,0,0,0,0,0,1
4/10/2026,1:06:15,0,0,0,0,0,1
4/10/2026,1:06:20,0,0,0,0,0,1
4/10/2026,1:06:25,0,0,0,0,0,1
4/10/2026,1:06:30,0,0,0,0,0,1
4/10/2026,1:06:35,0,0,0,0,0,1
4/10/2026,1:06:40,0,0,0,0,0,1
4/10/2026,1:06:45,0,0,0,0,0,1
4/10/2026,1:06:50,0,0,0,0,0,1
4/10/2026,1:06:55,0,0,0,0,0,1
4/10/2026,1:07:00,0,0,0,0,0,1
4/10/2026,1:07:05,0,0,0,0,0,1
4/10/2026,1:07:09,0,0,0,0,0,0
4/10/2026,1:07:10,0,0,0,0,0,1
4/10/2026,1:07:15,0,0,0,0,0,1
4/10/2026,1:07:20,0,0,0,0,0,1
4/10/2026,1:07:25,0,0,0,0,0,1
4/10/2026,1:07:30,0,0,0,0,0,1
4/10/2026,1:07:35,0,0,0,0,0,1
4/10/2026,1:07:40,0,0,0,0,0,1
4/10/2026,1:07:45,0,0,0,0,0,1
4/10/2026,1:07:50,0,0,0,0,0,1
4/10/2026,1:07:55,0,0,0,0,0,1
4/10/2026,1:08:00,0,0,0,0,0,1
4/10/2026,1:08:05,0,0,0,0,0,1
4/10/2026,1:08:09,0,0,0,0,0,0
4/10/2026,1:08:10,0,0,0,0,0,1
4/10/2026,1:08:15,0,0,0,0,0,1
4/10/2026,1:08:20,0,0,0,0,0,1
4/10/2026,1:08:25,0,0,0,0,0,1
4/10/2026,1:08:30,0,0,0,0,0,1
4/10/2026,1:08:35,0,0,0,0,0,1
4/10/2026,1:08:40,0,0,0,0,0,1
4/10/2026,1:08:45,0,0,0,0,0,1
4/10/2026,1:08:50,0,0,0,0,0,1
4/10/2026,1:08:55,0,0,0,0,0,1
4/10/2026,1:09:00,0,0,0,0,0,1
4/10/2026,1:09:05,0,0,0,0,0,1
4/10/2026,1:09:09,0,0,0,0,0,0
4/10/2026,1:09:10,0,0,0,0,0,1
4/10/2026,1:09:15,0,0,0,0,0,1
4/10/2026,1:09:20,0,0,0,0,0,1
4/10/2026,1:09:25,0,0,0,0,0,1
4/10/2026,1:09:30,0,0,0,0,0,1
4/10/2026,1:09:35,0,0,0,0,0,1
4/10/2026,1:09:40,0,0,0,0,0,1
4/10/2026,1:09:45,0,0,0,0,0,1
4/10/2026,1:09:50,0,0,0,0,0,1
4/10/2026,1:09:55,0,0,0,0,0,1
4/10/2026,1:10:00,0,0,0,0,0,1
4/10/2026,1:10:05,0,0,0,0,0,1
4/10/2026,1:10:09,0,0,0,0,0,0
4/10/2026,1:10:10,0,0,0,0,0,1
4/10/2026,1:10:15,0,0,0,0,0,1
4/10/2026,1:10:20,0,0,0,0,0,1
4/10/2026,1:10:25,0,0,0,0,0,1
4/10/2026,1:10:30,0,0,0,0,0,1
4/10/2026,1:10:35,0,0,0,0,0,1
4/10/2026,1:10:40,0,0,0,0,0,1
4/10/2026,1:10:45,0,0,0,0,0,1
4/10/2026,1:10:50,0,0,0,0,0,1
4/10/2026,1:10:55,0,0,0,0,0,1
4/10/2026,1:11:00,0,0,0,0,0,1
4/10/2026,1:11:05,0,0,0,0,0,1
4/10/2026,1:11:09,0,0,0,0,0,0
4/10/2026,1:11:10,0,0,0,0,0,1
4/10/2026,1:11:15,0,0,0,0,0,1
4/10/2026,1:11:20,0,0,0,0,0,1
4/10/2026,1:11:25,0,0,0,0,0,1
4/10/2026,1:11:30,0,0,0,0,0,1
4/10/2026,1:11:35,0,0,0,0,0,1
4/10/2026,1:11:40,0,0,0,0,0,1
4/10/2026,1:11:45,0,0,0,0,0,1
4/10/2026,1:11:50,0,0,0,0,0,1
4/10/2026,1:11:55,0,0,0,0,0,1
4/10/2026,1:12:00,0,0,0,0,0,1
4/10/2026,1:12:05,0,0,0,0,0,1
4/10/2026,1:12:09,0,0,0,0,0,0
4/10/2026,1:12:10,0,0,0,0,0,1
4/10/2026,1:12:15,0,0,0,0,0,1
4/10/2026,1:12:20,0,0,0,0,0,1
4/10/2026,1:12:25,0,0,0,0,0,1
4/10/2026,1:12:30,0,0,0,0,0,1
4/10/2026,1:12:35,0,0,0,0,0,1
4/10/2026,1:12:40,0,0,0,0,0,1
4/10/2026,1:12:45,0,0,0,0,0,1
4/10/2026,1:12:50,0,0,0,0,0,1
4/10/2026,1:12:55,0,0,0,0,0,1
4/10/2026,1:13:00,0,0,0,0,0,1
4/10/2026,1:13:05,0,0,0,0,0,1
4/10/2026,1:13:09,0,0,0,0,0,0
4/10/2026,1:13:10,0,0,0,0,0,1
4/10/2026,1:13:15,0,0,0,0,0,1
4/10/2026,1:13:20,0,0,0,0,0,1
4/10/2026,1:13:25,0,0,0,0,0,1
4/10/2026,1:13:30,0,0,0,0,0,1
4/10/2026,1:13:35,0,0,0,0,0,1
4/10/2026,1:13:40,0,0,0,0,0,1
4/10/2026,1:13:45,0,0,0,0,0,1
4/10/2026,1:13:50,0,0,0,0,0,1
4/10/2026,1:13:55,0,0,0,0,0,1
4/10/2026,1:14:00,0,0,0,0,0,1
4/10/2026,1:14:05,0,0,0,0,0,1
4/10/2026,1:14:09,0,0,0,0,0,0
4/10/2026,1:14:10,0,0,0,0,0,1
4/10/2026,1:14:15,0,0,0,0,0,1
4/10/2026,1:14:20,0,0,0,0,0,1
4/10/2026,1:14:25,0,0,0,0,0,1
4/10/2026,1:14:30,0,0,0,0,0,1
4/10/2026,1:14:35,0,0,0,0,0,1
4/10/2026,1:14:40,0,0,0,0,0,1
4/10/2026,1:14:45,0,0,0,0,0,1
4/10/2026,1:14:50,0,0,0,0,0,1
4/10/2026,1:14:55,0,0,0,0,0,1
4/10/2026,1:15:00,0,0,0,0,0,1
4/10/2026,1:15:05,0,0,0,0,0,1
4/10/2026,1:15:09,0,0,0,0,0,0
4/10/2026,1:15:10,0,0,0,0,0,1
4/10/2026,1:15:15,0,0,0,0,0,1
4/10/2026,1:15:20,0,0,0,0,0,1
4/10/2026,1:15:25,0,0,0,0,0,1
4/10/2026,1:15:30,0,0,0,0,0,1
4/10/2026,1:15:35,0,0,0,0,0,1
4/10/2026,1:15:40,0,0,0,0,0,1
4/10/2026,1:15:45,0,0,0,0,0,1
4/10/2026,1:15:50,0,0,0,0,0,1
4/10/2026,1:15:55,0,0,0,0,0,1
4/10/2026,1:16:00,0,0,0,0,0,1
4/10/2026,1:16:05,0,0,0,0,0,1
4/10/2026,1:16:09,0,0,0,0,0,0
4/10/2026,1:16:10,0,0,0,0,0,1
4/10/2026,1:16:15,0,0,0,0,0,1
4/10/2026,1:16:20,0,0,0,0,0,1
4/10/2026,1:16:25,0,0,0,0,0,1
4/10/2026,1:16:30,0,0,0,0,0,1
4/10/2026,1:16:35,0,0,0,0,0,1
4/10/2026,1:16:40,0,0,0,0,0,1
4/10/2026,1:16:45,0,0,0,0,0,1
4/10/2026,1:16:50,0,0,0,0,0,1
4/10/2026,1:16:55,0,0,0,0,0,1
4/10/2026,1:17:00,0,0,0,0,0,1
4/10/2026,1:17:05,0,0,0,0,0,1
4/10/2026,1:17:09,0,0,0,0,0,0
4/10/2026,1:17:10,0,0,0,0,0,1
4/10/2026,1:17:15,0,0,0,0,0,1
4/10/2026,1:17:20,0,0,0,0,0,1
4/10/2026,1:17:25,0,0,0,0,0,1
4/10/2026,1:17:30,0,0,0,0,0,1
4/10/2026,1:17:35,0,0,0,0,0,1
4/10/2026,1:17:40,0,0,0,0,0,1
4/10/2026,1:17:45,0,0,0,0,0,1
4/10/2026,1:17:50,0,0,0,0,0,1
4/10/2026,1:17:55,0,0,0,0,0,1
4/10/2026,1:18:00,0,0,0,0,0,1
4/10/2026,1:18:05,0,0,0,0,0,1
4/10/2026,1:18:09,0,0,0,0,0,0
4/10/2026,1:18:10,0,0,0,0,0,1
4/10/2026,1:18:15,0,0,0,0,0,1
4/10/2026,1:18:20,0,0,0,0,0,1
4/10/2026,1:18:25,0,0,0,0,0,1
4/10/2026,1:18:30,0,0,0,0,0,1
4/10/2026,1:18:35,0,0,0,0,0,1
4/10/2026,1:18:40,0,0,0,0,0,1
4/10/2026,1:18:45,0,0,0,0,0,1
4/10/2026,1:18:50,0,0,0,0,0,1
4/10/2026,1:18:55,0,0,0,0,0,1
4/10/2026,1:19:00,0,0,0,0,0,1
4/10/2026,1:19:05,0,0,0,0,0,1
4/10/2026,1:19:09,0,0,0,0,0,0
4/10/2026,1:19:10,0,0,0,0,0,1
4/10/2026,1:19:15,0,0,0,0,0,1
4/10/2026,1:19:20,0,0,0,0,0,1
4/10/2026,1:19:25,0,0,0,0,0,1
4/10/2026,1:19:30,0,0,0,0,0,1
4/10/2026,1:19:35,0,0,0,0,0,1
4/10/2026,1:19:40,0,0,0,0,0,1
4/10/2026,1:19:45,0,0,0,0,0,1
4/10/2026,1:19:50,0,0,0,0,0,1
4/10/2026,1:19:55,0,0,0,0,0,1
4/10/2026,1:20:00,0,0,0,0,0,1
4/10/2026,1:20:05,0,0,0,0,0,1
4/10/2026,1:20:09,0,0,0,0,0,0
4/10/2026,1:20:10,0,0,0,0,0,1
4/10/2026,1:20:15,0,0,0,0,0,1
4/10/2026,1:20:20,0,0,0,0,0,1
4/10/2026,1:20:25,0,0,0,0,0,1
4/10/2026,1:20:30,0,0,0,0,0,1
4/10/2026,1:20:35,0,0,0,0,0,1
4/10/2026,1:20:40,0,0,0,0,0,1
4/10/2026,1:20:45,0,0,0,0,0,1
4/10/2026,1:20:50,0,0,0,0,0,1
4/10/2026,1:20:55,0,0,0,0,0,1
4/10/2026,1:21:00,0,0,0,0,0,1
4/10/2026,1:21:05,0,0,0,0,0,1
4/10/2026,1:21:09,0,0,0,0,0,0
4/10/2026,1:21:10,0,0,0,0,0,1
4/10/2026,1:21:15,0,0,0,0,0,1
4/10/2026,1:21:20,0,0,0,0,0,1
4/10/2026,1:21:25,0,0,0,0,0,1
4/10/2026,1:21:30,0,0,0,0,0,1
4/10/2026,1:21:35,0,0,0,0,0,1
4/10/2026,1:21:40,0,0,0,0,0,1
4/10/2026,1:21:45,0,0,0,0,0,1
4/10/2026,1:21:50,0,0,0,0,0,1
4/10/2026,1:21:55,0,0,0,0,0,1
4/10/2026,1:22:00,0,0,0,0,0,1
4/10/2026,1:22:05,0,0,0,0,0,1
4/10/2026,1:22:09,0,0,0,0,0,0
4/10/2026,1:22:10,0,0,0,0,0,1
4/10/2026,1:22:15,0,0,0,0,0,1
4/10/2026,1:22:20,0,0,0,0,0,1
4/10/2026,1:22:25,0,0,0,0,0,1
4/10/2026,1:22:30,0,0,0,0,0,1
4/10/2026,1:22:35,0,0,0,0,0,1
4/10/2026,1:22:40,0,0,0,0,0,1
4/10/2026,1:22:45,0,0,0,0,0,1
4/10/2026,1:22:50,0,0,0,0,0,1
4/10/2026,1:22:55,0,0,0,0,0,1
4/10/2026,1:23:00,0,0,0,0,0,1
4/10/2026,1:23:05,0,0,0,0,0,1
4/10/2026,1:23:09,0,0,0,0,0,0
4/10/2026,1:23:10,0,0,0,0,0,1
4/10/2026,1:23:15,0,0,0,0,0,1
4/10/2026,1:23:20,0,0,0,0,0,1
4/10/2026,1:23:25,0,0,0,0,0,1
4/10/2026,1:23:30,0,0,0,0,0,1
4/10/2026,1:23:35,0,0,0,0,0,1
4/10/2026,1:23:40,0,0,0,0,0,1
4/10/2026,1:23:45,0,0,0,0,0,1
4/10/2026,1:23:50,0,0,0,0,0,1
4/10/2026,1:23:55,0,0,0,0,0,1
4/10/2026,1:24:00,0,0,0,0,0,1
4/10/2026,1:24:05,0,0,0,0,0,1
4/10/2026,1:24:09,0,0,0,0,0,0
4/10/2026,1:24:10,0,0,0,0,0,1
4/10/2026,1:24:15,0,0,0,0,0,1
4/10/2026,1:24:20,0,0,0,0,0,1
4/10/2026,1:24:25,0,0,0,0,0,1
4/10/2026,1:24:30,0,0,0,0,0,1
4/10/2026,1:24:35,0,0,0,0,0,1
4/10/2026,1:24:40,0,0,0,0,0,1
4/10/2026,1:24:45,0,0,0,0,0,1
4/10/2026,1:24:50,0,0,0,0,0,1
4/10/2026,1:24:55,0,0,0,0,0,1
4/10/2026,1:25:00,0,0,0,0,0,1
4/10/2026,1:25:05,0,0,0,0,0,1
4/10/2026,1:25:09,0,0,0,0,0,0
4/10/2026,1:25:10,0,0,0,0,0,1
4/10/2026,1:25:15,0,0,0,0,0,1
4/10/2026,1:25:20,0,0,0,0,0,1
4/10/2026,1:25:25,0,0,0,0,0,1
4/10/2026,1:25:30,0,0,0,0,0,1
4/10/2026,1:25:35,0,0,0,0,0,1
4/10/2026,1:25:40,0,0,0,0,0,1
4/10/2026,1:25:45,0,0,0,0,0,1
4/10/2026,1:25:50,0,0,0,0,0,1
4/10/2026,1:25:55,0,0,0,0,0,1
4/10/2026,1:26:00,0,0,0,0,0,1
4/10/2026,1:26:05,0,0,0,0,0,1
4/10/2026,1:26:09,0,0,0,0,0,0
4/10/2026,1:26:10,0,0,0,0,0,1
4/10/2026,1:26:15,0,0,0,0,0,1
4/10/2026,1:26:20,0,0,0,0,0,1
4/10/2026,1:26:25,0,0,0,0,0,1
4/10/2026,1:26:30,0,0,0,0,0,1
4/10/2026,1:26:35,0,0,0,0,0,1
4/10/2026,1:26:40,0,0,0,0,0,1
4/10/2026,1:26:45,0,0,0,0,0,1
4/10/2026,1:26:50,0,0,0,0,0,1
4/10/2026,1:26:55,0,0,0,0,0,1
4/10/2026,1:27:00,0,0,0,0,0,1
4/10/2026,1:27:05,0,0,0,0,0,1
4/10/2026,1:27:09,0,0,0,0,0,0
4/10/2026,1:27:10,0,0,0,0,0,1
4/10/2026,1:27:15,0,0,0,0,0,1
4/10/2026,1:27:20,0,0,0,0,0,1
4/10/2026,1:27:25,0,0,0,0,0,1
4/10/2026,1:27:30,0,0,0,0,0,1
4/10/2026,1:27:35,0,0,0,0,0,1
4/10/2026,1:27:40,0,0,0,0,0,1
4/10/2026,1:27:45,0,0,0,0,0,1
4/10/2026,1:27:50,0,0,0,0,0,1
4/10/2026,1:27:55,0,0,0,0,0,1
4/10/2026,1:28:00,0,0,0,0,0,1
4/10/2026,1:28:05,0,0,0,0,0,1
4/10/2026,1:28:09,0,0,0,0,0,0
4/10/2026,1:28:10,0,0,0,0,0,1
4/10/2026,1:28:15,0,0,0,0,0,1
4/10/2026,1:28:20,0,0,0,0,0,1
4/10/2026,1:28:25,0,0,0,0,0,1
4/10/2026,1:28:30,0,0,0,0,0,1
4/10/2026,1:28:35,0,0,0,0,0,1
4/10/2026,1:28:40,0,0,0,0,0,1
4/10/2026,1:28:45,0,0,0,0,0,1
4/10/2026,1:28:50,0,0,0,0,0,1
4/10/2026,1:28:55,0,0,0,0,0,1
4/10/2026,1:29:00,0,0,0,0,0,1
4/10/2026,1:29:05,0,0,0,0,0,1
4/10/2026,1:29:09,0,0,0,0,0,0
4/10/2026,1:29:10,0,0,0,0,0,1
4/10/2026,1:29:15,0,0,0,0,0,1
4/10/2026,1:29:28,0,0,0,0,0,1
4/10/2026,1:29:33,0,0,0,0,0,1
4/10/2026,1:29:38,0,0,0,0,0,1
4/10/2026,1:29:43,0,0,0,0,0,1
4/10/2026,1:29:48,0,0,0,0,0,1
4/10/2026,1:29:53,0,0,0,0,0,1
4/10/2026,1:29:58,0,0,0,0,0,1
4/10/2026,1:30:03,0,0,0,0,0,1
4/10/2026,1:30:08,0,0,0,0,0,1
4/10/2026,1:30:09,0,0,0,0,0,0
4/10/2026,1:30:13,0,0,0,0,0,1
4/10/2026,1:30:18,0,0,0,0,0,1
4/10/2026,1:30:23,0,0,0,0,0,1
4/10/2026,1:30:28,0,0,0,0,0,1
4/10/2026,1:30:33,0,0,0,0,0,1
4/10/2026,1:30:38,0,0,0,0,0,1
4/10/2026,1:30:43,0,0,0,0,0,1
4/10/2026,1:30:48,0,0,0,0,0,1
4/10/2026,1:30:53,0,0,0,0,0,1
4/10/2026,1:30:58,0,0,0,0,0,1
4/10/2026,1:31:03,0,0,0,0,0,1
4/10/2026,1:31:08,0,0,0,0,0,1
4/10/2026,1:31:09,0,0,0,0,0,0
4/10/2026,1:31:13,0,0,0,0,0,1
4/10/2026,1:31:18,0,0,0,0,0,1
4/10/2026,1:31:23,0,0,0,0,0,1
4/10/2026,1:31:28,0,0,0,0,0,1
4/10/2026,1:31:33,0,0,0,0,0,1
4/10/2026,1:31:38,0,0,0,0,0,1
4/10/2026,1:31:43,0,0,0,0,0,1
4/10/2026,1:31:48,0,0,0,0,0,1
4/10/2026,1:31:53,0,0,0,0,0,1
4/10/2026,1:31:58,0,0,0,0,0,1
4/10/2026,1:32:03,0,0,0,0,0,1
4/10/2026,1:32:08,0,0,0,0,0,1
4/10/2026,1:32:09,0,0,0,0,0,0
4/10/2026,1:32:13,0,0,0,0,0,1
4/10/2026,1:32:18,0,0,0,0,0,1
4/10/2026,1:32:23,0,0,0,0,0,1
4/10/2026,1:32:28,0,0,0,0,0,1
4/10/2026,1:32:33,0,0,0,0,0,1
4/10/2026,1:32:38,0,0,0,0,0,1
4/10/2026,1:32:43,0,0,0,0,0,1
4/10/2026,1:32:48,0,0,0,0,0,1
4/10/2026,1:32:53,0,0,0,0,0,1
4/10/2026,1:32:58,0,0,0,0,0,1
4/10/2026,1:33:03,0,0,0,0,0,1
4/10/2026,1:33:08,0,0,0,0,0,1
4/10/2026,1:33:09,0,0,0,0,0,0
4/10/2026,1:33:13,0,0,0,0,0,1
4/10/2026,1:33:18,0,0,0,0,0,1
4/10/2026,1:33:23,0,0,0,0,0,1
4/10/2026,1:33:28,0,0,0,0,0,1
4/10/2026,1:33:33,0,0,0,0,0,1
4/10/2026,1:33:38,0,0,0,0,0,1
4/10/2026,1:33:43,0,0,0,0,0,1
4/10/2026,1:33:48,0,0,0,0,0,1
4/10/2026,1:33:53,0,0,0,0,0,1
4/10/2026,1:33:58,0,0,0,0,0,1
4/10/2026,1:34:03,0,0,0,0,0,1
4/10/2026,1:34:08,0,0,0,0,0,1
4/10/2026,1:34:09,0,0,0,0,0,0
4/10/2026,1:34:13,0,0,0,0,0,1
4/10/2026,1:34:18,0,0,0,0,0,1
4/10/2026,1:34:23,0,0,0,0,0,1
4/10/2026,1:34:28,0,0,0,0,0,1
4/10/2026,1:34:33,0,0,0,0,0,1
4/10/2026,1:34:38,0,0,0,0,0,1
4/10/2026,1:34:43,0,0,0,0,0,1
4/10/2026,1:34:48,0,0,0,0,0,1
4/10/2026,1:34:53,0,0,0,0,0,1
4/10/2026,1:34:58,0,0,0,0,0,1
4/10/2026,1:35:03,0,0,0,0,0,1
4/10/2026,1:35:08,0,0,0,0,0,1
4/10/2026,1:35:09,0,0,0,0,0,0
4/10/2026,1:35:13,0,0,0,0,0,1
4/10/2026,1:35:18,0,0,0,0,0,1
4/10/2026,1:35:23,0,0,0,0,0,1
4/10/2026,1:35:28,0,0,0,0,0,1
4/10/2026,1:35:33,0,0,0,0,0,1
4/10/2026,1:35:38,0,0,0,0,0,1
4/10/2026,1:35:43,0,0,0,0,0,1
4/10/2026,1:35:48,0,0,0,0,0,1
4/10/2026,1:35:53,0,0,0,0,0,1
4/10/2026,1:35:58,0,0,0,0,0,1
4/10/2026,1:36:03,0,0,0,0,0,1
4/10/2026,1:36:08,0,0,0,0,0,1
4/10/2026,1:36:09,0,0,0,0,0,0
4/10/2026,1:36:13,0,0,0,0,0,1
4/10/2026,1:36:18,0,0,0,0,0,1
4/10/2026,1:36:23,0,0,0,0,0,1
4/10/2026,1:36:28,0,0,0,0,0,1
4/10/2026,1:36:33,0,0,0,0,0,1
4/10/2026,1:36:38,0,0,0,0,0,1
4/10/2026,1:36:43,0,0,0,0,0,1
4/10/2026,1:36:48,0,0,0,0,0,1
4/10/2026,1:36:53,0,0,0,0,0,1
4/10/2026,1:36:58,0,0,0,0,0,1
4/10/2026,1:37:03,0,0,0,0,0,1
4/10/2026,1:37:08,0,0,0,0,0,1
4/10/2026,1:37:09,0,0,0,0,0,0
4/10/2026,1:37:13,0,0,0,0,0,1
4/10/2026,1:37:18,0,0,0,0,0,1
4/10/2026,1:37:23,0,0,0,0,0,1
4/10/2026,1:37:28,0,0,0,0,0,1
4/10/2026,1:37:33,0,0,0,0,0,1
4/10/2026,1:37:38,0,0,0,0,0,1
4/10/2026,1:37:43,0,0,0,0,0,1
4/10/2026,1:37:48,0,0,0,0,0,1
4/10/2026,1:37:53,0,0,0,0,0,1
4/10/2026,1:37:58,0,0,0,0,0,1
4/10/2026,1:38:03,0,0,0,0,0,1
4/10/2026,1:38:08,0,0,0,0,0,1
4/10/2026,1:38:09,0,0,0,0,0,0
4/10/2026,1:38:13,0,0,0,0,0,1
4/10/2026,1:38:18,0,0,0,0,0,1
4/10/2026,1:38:23,0,0,0,0,0,1
4/10/2026,1:38:28,0,0,0,0,0,1
4/10/2026,1:38:33,0,0,0,0,0,1
4/10/2026,1:38:38,0,0,0,0,0,1
4/10/2026,1:38:43,0,0,0,0,0,1
4/10/2026,1:38:48,0,0,0,0,0,1
4/10/2026,1:38:53,0,0,0,0,0,1
4/10/2026,1:38:58,0,0,0,0,0,1
4/10/2026,1:39:03,0,0,0,0,0,1
4/10/2026,1:39:08,0,0,0,0,0,1
4/10/2026,1:39:09,0,0,0,0,0,0
4/10/2026,1:39:13,0,0,0,0,0,1
4/10/2026,1:39:18,0,0,0,0,0,1
4/10/2026,1:39:23,0,0,0,0,0,1
4/10/2026,1:39:28,0,0,0,0,0,1
4/10/2026,1:39:33,0,0,0,0,0,1
4/10/2026,1:39:38,0,0,0,0,0,1
4/10/2026,1:39:43,0,0,0,0,0,1
4/10/2026,1:39:48,0,0,0,0,0,1
4/10/2026,1:39:53,0,0,0,0,0,1
4/10/2026,1:39:58,0,0,0,0,0,1
4/10/2026,1:40:03,0,0,0,0,0,1
4/10/2026,1:40:08,0,0,0,0,0,1
4/10/2026,1:40:09,0,0,0,0,0,0
4/10/2026,1:40:13,0,0,0,0,0,1
4/10/2026,1:40:18,0,0,0,0,0,1
4/10/2026,1:40:23,0,0,0,0,0,1
4/10/2026,1:40:28,0,0,0,0,0,1
4/10/2026,1:40:33,0,0,0,0,0,1
4/10/2026,1:40:38,0,0,0,0,0,1
4/10/2026,1:40:43,0,0,0,0,0,1
4/10/2026,1:40:48,0,0,0,0,0,1
4/10/2026,1:40:53,0,0,0,0,0,1
4/10/2026,1:41:06,0,0,0,0,0,1
4/10/2026,1:41:09,0,0,0,0,0,0
4/10/2026,1:41:11,0,0,0,0,0,1
4/10/2026,1:41:16,0,0,0,0,0,1
4/10/2026,1:41:21,0,0,0,0,0,1
4/10/2026,1:41:26,0,0,0,0,0,1
4/10/2026,1:41:31,0,0,0,0,0,1
4/10/2026,1:41:36,0,0,0,0,0,1
4/10/2026,1:41:41,0,0,0,0,0,1
4/10/2026,1:41:46,0,0,0,0,0,1
4/10/2026,1:41:51,0,0,0,0,0,1
4/10/2026,1:41:56,0,0,0,0,0,1
4/10/2026,1:42:01,0,0,0,0,0,1
4/10/2026,1:42:06,0,0,0,0,0,1
4/10/2026,1:42:09,0,0,0,0,0,0
4/10/2026,1:42:11,0,0,0,0,0,1
4/10/2026,1:42:16,0,0,0,0,0,1
4/10/2026,1:42:21,0,0,0,0,0,1
4/10/2026,1:42:26,0,0,0,0,0,1
4/10/2026,1:42:31,0,0,0,0,0,1
4/10/2026,1:42:36,0,0,0,0,0,1
4/10/2026,1:42:41,0,0,0,0,0,1
4/10/2026,1:42:46,0,0,0,0,0,1
4/10/2026,1:42:51,0,0,0,0,0,1
4/10/2026,1:42:56,0,0,0,0,0,1
4/10/2026,1:43:01,0,0,0,0,0,1
4/10/2026,1:43:06,0,0,0,0,0,1
4/10/2026,1:43:09,0,0,0,0,0,0
4/10/2026,1:43:11,0,0,0,0,0,1
4/10/2026,1:43:16,0,0,0,0,0,1
4/10/2026,1:43:21,0,0,0,0,0,1
4/10/2026,1:43:26,0,0,0,0,0,1
4/10/2026,1:43:31,0,0,0,0,0,1
4/10/2026,1:43:36,0,0,0,0,0,1
4/10/2026,1:43:41,0,0,0,0,0,1
4/10/2026,1:43:46,0,0,0,0,0,1
4/10/2026,1:43:51,0,0,0,0,0,1
4/10/2026,1:43:56,0,0,0,0,0,1
4/10/2026,1:44:01,0,0,0,0,0,1
4/10/2026,1:44:06,0,0,0,0,0,1
4/10/2026,1:44:09,0,0,0,0,0,0
4/10/2026,1:44:11,0,0,0,0,0,1
4/10/2026,1:44:16,0,0,0,0,0,1
4/10/2026,1:44:21,0,0,0,0,0,1
4/10/2026,1:44:26,0,0,0,0,0,1
4/10/2026,1:44:31,0,0,0,0,0,1
4/10/2026,1:44:36,0,0,0,0,0,1
4/10/2026,1:44:41,0,0,0,0,0,1
4/10/2026,1:44:46,0,0,0,0,0,1
4/10/2026,1:44:51,0,0,0,0,0,1
4/10/2026,1:44:56,0,0,0,0,0,1
4/10/2026,1:45:01,0,0,0,0,0,1
4/10/2026,1:45:06,0,0,0,0,0,1
4/10/2026,1:45:09,0,0,0,0,0,0
4/10/2026,1:45:11,0,0,0,0,0,1
4/10/2026,1:45:16,0,0,0,0,0,1
4/10/2026,1:45:21,0,0,0,0,0,1
4/10/2026,1:45:26,0,0,0,0,0,1
4/10/2026,1:45:31,0,0,0,0,0,1
4/10/2026,1:45:36,0,0,0,0,0,1
4/10/2026,1:45:41,0,0,0,0,0,1
4/10/2026,1:45:46,0,0,0,0,0,1
4/10/2026,1:45:51,0,0,0,0,0,1
4/10/2026,1:45:56,0,0,0,0,0,1
4/10/2026,1:46:01,0,0,0,0,0,1
4/10/2026,1:46:06,0,0,0,0,0,1
4/10/2026,1:46:09,0,0,0,0,0,0
4/10/2026,1:46:11,0,0,0,0,0,1
4/10/2026,1:46:16,0,0,0,0,0,1
4/10/2026,1:46:21,0,0,0,0,0,1
4/10/2026,1:46:26,0,0,0,0,0,1
4/10/2026,1:46:31,0,0,0,0,0,1
4/10/2026,1:46:36,0,0,0,0,0,1
4/10/2026,1:46:41,0,0,0,0,0,1
4/10/2026,1:46:46,0,0,0,0,0,1
4/10/2026,1:46:51,0,0,0,0,0,1
4/10/2026,1:46:56,0,0,0,0,0,1
4/10/2026,1:47:01,0,0,0,0,0,1
4/10/2026,1:47:06,0,0,0,0,0,1
4/10/2026,1:47:09,0,0,0,0,0,0
4/10/2026,1:47:11,0,0,0,0,0,1
4/10/2026,1:47:16,0,0,0,0,0,1
4/10/2026,1:47:21,0,0,0,0,0,1
4/10/2026,1:47:26,0,0,0,0,0,1
4/10/2026,1:47:31,0,0,0,0,0,1
4/10/2026,1:47:36,0,0,0,0,0,1
4/10/2026,1:47:41,0,0,0,0,0,1
4/10/2026,1:47:46,0,0,0,0,0,1
4/10/2026,1:47:51,0,0,0,0,0,1
4/10/2026,1:47:56,0,0,0,0,0,1
4/10/2026,1:48:01,0,0,0,0,0,1
4/10/2026,1:48:06,0,0,0,0,0,1
4/10/2026,1:48:09,0,0,0,0,0,0
4/10/2026,1:48:11,0,0,0,0,0,1
4/10/2026,1:48:16,0,0,0,0,0,1
4/10/2026,1:48:21,0,0,0,0,0,1
4/10/2026,1:48:26,0,0,0,0,0,1
4/10/2026,1:48:31,0,0,0,0,0,1
4/10/2026,1:48:36,0,0,0,0,0,1
4/10/2026,1:48:41,0,0,0,0,0,1
4/10/2026,1:48:46,0,0,0,0,0,1
4/10/2026,1:48:51,0,0,0,0,0,1
4/10/2026,1:48:56,0,0,0,0,0,1
4/10/2026,1:49:01,0,0,0,0,0,1
4/10/2026,1:49:09,0,0,0,0,0,0
4/10/2026,1:49:14,0,0,0,0,0,1
4/10/2026,1:49:19,0,0,0,0,0,1
4/10/2026,1:49:24,0,0,0,0,0,1
4/10/2026,1:49:29,0,0,0,0,0,1
4/10/2026,1:49:34,0,0,0,0,0,1
4/10/2026,1:49:39,0,0,0,0,0,1
4/10/2026,1:49:44,0,0,0,0,0,1
4/10/2026,1:49:49,0,0,0,0,0,1
4/10/2026,1:49:54,0,0,0,0,0,1
4/10/2026,1:49:59,0,0,0,0,0,1
4/10/2026,1:50:04,0,0,0,0,0,1
4/10/2026,1:50:09,0,0,0,0,0,1
4/10/2026,1:50:09,0,0,0,0,0,0
4/10/2026,1:50:14,0,0,0,0,0,1
4/10/2026,1:50:19,0,0,0,0,0,1
4/10/2026,1:50:24,0,0,0,0,0,1
4/10/2026,1:50:37,0,0,0,0,0,1
4/10/2026,1:50:42,0,0,0,0,0,1
4/10/2026,1:50:47,0,0,0,0,0,1
4/10/2026,1:50:52,0,0,0,0,0,1
4/10/2026,1:50:57,0,0,0,0,0,1
4/10/2026,1:51:02,0,0,0,0,0,1
4/10/2026,1:51:07,0,0,0,0,0,1
4/10/2026,1:51:09,0,0,0,0,0,0
4/10/2026,1:51:12,0,0,0,0,0,1
4/10/2026,1:51:17,0,0,0,0,0,1
4/10/2026,1:51:22,0,0,0,0,0,1
4/10/2026,1:51:27,0,0,0,0,0,1
4/10/2026,1:51:32,0,0,0,0,0,1
4/10/2026,1:51:37,0,0,0,0,0,1
4/10/2026,1:51:42,0,0,0,0,0,1
4/10/2026,1:51:47,0,0,0,0,0,1
4/10/2026,1:51:52,0,0,0,0,0,1
4/10/2026,1:51:57,0,0,0,0,0,1
4/10/2026,1:52:02,0,0,0,0,0,1
4/10/2026,1:52:07,0,0,0,0,0,1
4/10/2026,1:52:09,0,0,0,0,0,0
4/10/2026,1:52:12,0,0,0,0,0,1
4/10/2026,1:52:17,0,0,0,0,0,1
4/10/2026,1:52:22,0,0,0,0,0,1
4/10/2026,1:52:27,0,0,0,0,0,1
4/10/2026,1:52:32,0,0,0,0,0,1
4/10/2026,1:52:37,0,0,0,0,0,1
4/10/2026,1:52:42,0,0,0,0,0,1
4/10/2026,1:52:47,0,0,0,0,0,1
4/10/2026,1:52:52,0,0,0,0,0,1
4/10/2026,1:52:57,0,0,0,0,0,1
4/10/2026,1:53:02,0,0,0,0,0,1
4/10/2026,1:53:07,0,0,0,0,0,1
4/10/2026,1:53:09,0,0,0,0,0,0
4/10/2026,1:53:12,0,0,0,0,0,1
4/10/2026,1:53:17,0,0,0,0,0,1
4/10/2026,1:53:22,0,0,0,0,0,1
4/10/2026,1:53:27,0,0,0,0,0,1
4/10/2026,1:53:32,0,0,0,0,0,1
4/10/2026,1:53:37,0,0,0,0,0,1
4/10/2026,1:53:42,0,0,0,0,0,1
4/10/2026,1:53:47,0,0,0,0,0,1
4/10/2026,1:53:52,0,0,0,0,0,1
4/10/2026,1:53:57,0,0,0,0,0,1
4/10/2026,1:54:02,0,0,0,0,0,1
4/10/2026,1:54:07,0,0,0,0,0,1
4/10/2026,1:54:09,0,0,0,0,0,0
4/10/2026,1:54:12,0,0,0,0,0,1
4/10/2026,1:54:17,0,0,0,0,0,1
4/10/2026,1:54:22,0,0,0,0,0,1
4/10/2026,1:54:27,0,0,0,0,0,1
4/10/2026,1:54:32,0,0,0,0,0,1
4/10/2026,1:54:37,0,0,0,0,0,1
4/10/2026,1:54:42,0,0,0,0,0,1
4/10/2026,1:54:47,0,0,0,0,0,1
4/10/2026,1:54:52,0,0,0,0,0,1
4/10/2026,1:54:57,0,0,0,0,0,1
4/10/2026,1:55:02,0,0,0,0,0,1
4/10/2026,1:55:07,0,0,0,0,0,1
4/10/2026,1:55:09,0,0,0,0,0,0
4/10/2026,1:55:12,0,0,0,0,0,1
4/10/2026,1:55:17,0,0,0,0,0,1
4/10/2026,1:55:22,0,0,0,0,0,1
4/10/2026,1:55:27,0,0,0,0,0,1
4/10/2026,1:55:32,0,0,0,0,0,1
4/10/2026,1:55:37,0,0,0,0,0,1
4/10/2026,1:55:42,0,0,0,0,0,1
4/10/2026,1:55:47,0,0,0,0,0,1
4/10/2026,1:55:52,0,0,0,0,0,1
4/10/2026,1:55:57,0,0,0,0,0,1
4/10/2026,1:56:02,0,0,0,0,0,1
4/10/2026,1:56:07,0,0,0,0,0,1
4/10/2026,1:56:09,0,0,0,0,0,0
4/10/2026,1:56:12,0,0,0,0,0,1
4/10/2026,1:56:17,0,0,0,0,0,1
4/10/2026,1:56:22,0,0,0,0,0,1
4/10/2026,1:56:27,0,0,0,0,0,1
4/10/2026,1:56:32,0,0,0,0,0,1
4/10/2026,1:56:37,0,0,0,0,0,1
4/10/2026,1:56:42,0,0,0,0,0,1
4/10/2026,1:56:47,0,0,0,0,0,1
4/10/2026,1:56:52,0,0,0,0,0,1
4/10/2026,1:56:57,0,0,0,0,0,1
4/10/2026,1:57:02,0,0,0,0,0,1
4/10/2026,1:57:07,0,0,0,0,0,1
4/10/2026,1:57:09,0,0,0,0,0,0
4/10/2026,1:57:12,0,0,0,0,0,1
4/10/2026,1:57:17,0,0,0,0,0,1
4/10/2026,1:57:22,0,0,0,0,0,1
4/10/2026,1:57:27,0,0,0,0,0,1
4/10/2026,1:57:32,0,0,0,0,0,1
4/10/2026,1:57:37,0,0,0,0,0,1
4/10/2026,1:57:42,0,0,0,0,0,1
4/10/2026,1:57:47,0,0,0,0,0,1
4/10/2026,1:57:52,0,0,0,0,0,1
4/10/2026,1:57:57,0,0,0,0,0,1
4/10/2026,1:58:02,0,0,0,0,0,1
4/10/2026,1:58:07,0,0,0,0,0,1
4/10/2026,1:58:09,0,0,0,0,0,0
4/10/2026,1:58:12,0,0,0,0,0,1
4/10/2026,1:58:17,0,0,0,0,0,1
4/10/2026,1:58:22,0,0,0,0,0,1
4/10/2026,1:58:27,0,0,0,0,0,1
4/10/2026,1:58:32,0,0,0,0,0,1
4/10/2026,1:58:37,0,0,0,0,0,1
4/10/2026,1:58:42,0,0,0,0,0,1
4/10/2026,1:58:47,0,0,0,0,0,1
4/10/2026,1:58:52,0,0,0,0,0,1
4/10/2026,1:58:57,0,0,0,0,0,1
4/10/2026,1:59:02,0,0,0,0,0,1
4/10/2026,1:59:07,0,0,0,0,0,1
4/10/2026,1:59:09,0,0,0,0,0,0
4/10/2026,1:59:12,0,0,0,0,0,1
4/10/2026,1:59:17,0,0,0,0,0,1
4/10/2026,1:59:22,0,0,0,0,0,1
4/10/2026,1:59:27,0,0,0,0,0,1
4/10/2026,1:59:32,0,0,0,0,0,1
4/10/2026,1:59:37,0,0,0,0,0,1
4/10/2026,1:59:42,0,0,0,0,0,1
4/10/2026,1:59:47,0,0,0,0,0,1
4/10/2026,1:59:52,0,0,0,0,0,1
4/10/2026,1:59:57,0,0,0,0,0,1
4/10/2026,2:00:02,0,0,0,0,0,1
4/10/2026,2:00:07,0,0,0,0,0,1
4/10/2026,2:00:09,0,0,0,0,0,0
4/10/2026,2:00:12,0,0,0,0,0,1
4/10/2026,2:00:17,0,0,0,0,0,1
4/10/2026,2:00:22,0,0,0,0,0,1
4/10/2026,2:00:27,0,0,0,0,0,1
4/10/2026,2:00:32,0,0,0,0,0,1
4/10/2026,2:00:37,0,0,0,0,0,1
4/10/2026,2:00:42,0,0,0,0,0,1
4/10/2026,2:00:47,0,0,0,0,0,1
4/10/2026,2:00:52,0,0,0,0,0,1
4/10/2026,2:00:57,0,0,0,0,0,1
4/10/2026,2:01:02,0,0,0,0,0,1
4/10/2026,2:01:07,0,0,0,0,0,1
4/10/2026,2:01:09,0,0,0,0,0,0
4/10/2026,2:01:12,0,0,0,0,0,1
4/10/2026,2:01:17,0,0,0,0,0,1
4/10/2026,2:01:22,0,0,0,0,0,1
4/10/2026,2:01:27,0,0,0,0,0,1
4/10/2026,2:01:32,0,0,0,0,0,1
4/10/2026,2:01:37,0,0,0,0,0,1
4/10/2026,2:01:42,0,0,0,0,0,1
4/10/2026,2:01:47,0,0,0,0,0,1
4/10/2026,2:01:52,0,0,0,0,0,1
4/10/2026,2:01:57,0,0,0,0,0,1
4/10/2026,2:02:02,0,0,0,0,0,1
4/10/2026,2:02:07,0,0,0,0,0,1
4/10/2026,2:02:09,0,0,0,0,0,0
4/10/2026,2:02:12,0,0,0,0,0,1
4/10/2026,2:02:17,0,0,0,0,0,1
4/10/2026,2:02:22,0,0,0,0,0,1
4/10/2026,2:02:27,0,0,0,0,0,1
4/10/2026,2:02:32,0,0,0,0,0,1
4/10/2026,2:02:37,0,0,0,0,0,1
4/10/2026,2:02:42,0,0,0,0,0,1
4/10/2026,2:02:47,0,0,0,0,0,1
4/10/2026,2:02:52,0,0,0,0,0,1
4/10/2026,2:02:57,0,0,0,0,0,1
4/10/2026,2:03:02,0,0,0,0,0,1
4/10/2026,2:03:07,0,0,0,0,0,1
4/10/2026,2:03:09,0,0,0,0,0,0
4/10/2026,2:03:12,0,0,0,0,0,1
4/10/2026,2:03:17,0,0,0,0,0,1
4/10/2026,2:03:22,0,0,0,0,0,1
4/10/2026,2:03:27,0,0,0,0,0,1
4/10/2026,2:03:32,0,0,0,0,0,1
4/10/2026,2:03:37,0,0,0,0,0,1
4/10/2026,2:03:42,0,0,0,0,0,1
4/10/2026,2:03:47,0,0,0,0,0,1
4/10/2026,2:03:52,0,0,0,0,0,1
4/10/2026,2:03:57,0,0,0,0,0,1
4/10/2026,2:04:02,0,0,0,0,0,1
4/10/2026,2:04:07,0,0,0,0,0,1
4/10/2026,2:04:09,0,0,0,0,0,0
4/10/2026,2:04:12,0,0,0,0,0,1
4/10/2026,2:04:17,0,0,0,0,0,1
4/10/2026,2:04:22,0,0,0,0,0,1
4/10/2026,2:04:27,0,0,0,0,0,1
4/10/2026,2:04:32,0,0,0,0,0,1
4/10/2026,2:04:37,0,0,0,0,0,1
4/10/2026,2:04:42,0,0,0,0,0,1
4/10/2026,2:04:47,0,0,0,0,0,1
4/10/2026,2:04:52,0,0,0,0,0,1
4/10/2026,2:04:57,0,0,0,0,0,1
4/10/2026,2:05:02,0,0,0,0,0,1
4/10/2026,2:05:07,0,0,0,0,0,1
4/10/2026,2:05:09,0,0,0,0,0,0
4/10/2026,2:05:12,0,0,0,0,0,1
4/10/2026,2:05:17,0,0,0,0,0,1
4/10/2026,2:05:22,0,0,0,0,0,1
4/10/2026,2:05:27,0,0,0,0,0,1
4/10/2026,2:05:32,0,0,0,0,0,1
4/10/2026,2:05:37,0,0,0,0,0,1
4/10/2026,2:05:42,0,0,0,0,0,1
4/10/2026,2:05:47,0,0,0,0,0,1
4/10/2026,2:05:52,0,0,0,0,0,1
4/10/2026,2:05:57,0,0,0,0,0,1
4/10/2026,2:06:02,0,0,0,0,0,1
4/10/2026,2:06:07,0,0,0,0,0,1
4/10/2026,2:06:09,0,0,0,0,0,0
4/10/2026,2:06:12,0,0,0,0,0,1
4/10/2026,2:06:17,0,0,0,0,0,1
4/10/2026,2:06:22,0,0,0,0,0,1
4/10/2026,2:06:27,0,0,0,0,0,1
4/10/2026,2:06:32,0,0,0,0,0,1
4/10/2026,2:06:37,0,0,0,0,0,1
4/10/2026,2:06:42,0,0,0,0,0,1
4/10/2026,2:06:47,0,0,0,0,0,1
4/10/2026,2:06:52,0,0,0,0,0,1
4/10/2026,2:06:57,0,0,0,0,0,1
4/10/2026,2:07:02,0,0,0,0,0,1
4/10/2026,2:07:07,0,0,0,0,0,1
4/10/2026,2:07:09,0,0,0,0,0,0
4/10/2026,2:07:12,0,0,0,0,0,1
4/10/2026,2:07:17,0,0,0,0,0,1
4/10/2026,2:07:22,0,0,0,0,0,1
4/10/2026,2:07:27,0,0,0,0,0,1
4/10/2026,2:07:32,0,0,0,0,0,1
4/10/2026,2:07:37,0,0,0,0,0,1
4/10/2026,2:07:42,0,0,0,0,0,1
4/10/2026,2:07:47,0,0,0,0,0,1
4/10/2026,2:07:52,0,0,0,0,0,1
4/10/2026,2:07:57,0,0,0,0,0,1
4/10/2026,2:08:02,0,0,0,0,0,1
4/10/2026,2:08:07,0,0,0,0,0,1
4/10/2026,2:08:09,0,0,0,0,0,0
4/10/2026,2:08:12,0,0,0,0,0,1
4/10/2026,2:08:17,0,0,0,0,0,1
4/10/2026,2:08:22,0,0,0,0,0,1
4/10/2026,2:08:27,0,0,0,0,0,1
4/10/2026,2:08:32,0,0,0,0,0,1
4/10/2026,2:08:37,0,0,0,0,0,1
4/10/2026,2:08:42,0,0,0,0,0,1
4/10/2026,2:08:47,0,0,0,0,0,1
4/10/2026,2:08:52,0,0,0,0,0,1
4/10/2026,2:08:57,0,0,0,0,0,1
4/10/2026,2:09:02,0,0,0,0,0,1
4/10/2026,2:09:07,0,0,0,0,0,1
4/10/2026,2:09:09,0,0,0,0,0,0
4/10/2026,2:09:20,0,0,0,0,0,1
4/10/2026,2:09:25,0,0,0,0,0,1
4/10/2026,2:09:30,0,0,0,0,0,1
4/10/2026,2:09:35,0,0,0,0,0,1
4/10/2026,2:09:40,0,0,0,0,0,1
4/10/2026,2:09:45,0,0,0,0,0,1
4/10/2026,2:09:50,0,0,0,0,0,1
4/10/2026,2:09:55,0,0,0,0,0,1
4/10/2026,2:10:00,0,0,0,0,0,1
4/10/2026,2:10:05,0,0,0,0,0,1
4/10/2026,2:10:09,0,0,0,0,0,0
4/10/2026,2:10:10,0,0,0,0,0,1
4/10/2026,2:10:15,0,0,0,0,0,1
4/10/2026,2:10:20,0,0,0,0,0,1
4/10/2026,2:10:25,0,0,0,0,0,1
4/10/2026,2:10:30,0,0,0,0,0,1
4/10/2026,2:10:35,0,0,0,0,0,1
4/10/2026,2:10:40,0,0,0,0,0,1
4/10/2026,2:10:45,0,0,0,0,0,1
4/10/2026,2:10:50,0,0,0,0,0,1
4/10/2026,2:10:55,0,0,0,0,0,1
4/10/2026,2:11:00,0,0,0,0,0,1
4/10/2026,2:11:05,0,0,0,0,0,1
4/10/2026,2:11:09,0,0,0,0,0,0
4/10/2026,2:11:10,0,0,0,0,0,1
4/10/2026,2:11:15,0,0,0,0,0,1
4/10/2026,2:11:20,0,0,0,0,0,1
4/10/2026,2:11:25,0,0,0,0,0,1
4/10/2026,2:11:30,0,0,0,0,0,1
4/10/2026,2:11:35,0,0,0,0,0,1
4/10/2026,2:11:40,0,0,0,0,0,1
4/10/2026,2:11:45,0,0,0,0,0,1
4/10/2026,2:11:50,0,0,0,0,0,1
4/10/2026,2:11:55,0,0,0,0,0,1
4/10/2026,2:12:00,0,0,0,0,0,1
4/10/2026,2:12:05,0,0,0,0,0,1
4/10/2026,2:12:09,0,0,0,0,0,0
4/10/2026,2:12:10,0,0,0,0,0,1
4/10/2026,2:12:15,0,0,0,0,0,1
4/10/2026,2:12:20,0,0,0,0,0,1
4/10/2026,2:12:25,0,0,0,0,0,1
4/10/2026,2:12:30,0,0,0,0,0,1
4/10/2026,2:12:35,0,0,0,0,0,1
4/10/2026,2:12:40,0,0,0,0,0,1
4/10/2026,2:12:45,0,0,0,0,0,1
4/10/2026,2:12:50,0,0,0,0,0,1
4/10/2026,2:12:55,0,0,0,0,0,1
4/10/2026,2:13:00,0,0,0,0,0,1
4/10/2026,2:13:05,0,0,0,0,0,1
4/10/2026,2:13:09,0,0,0,0,0,0
4/10/2026,2:13:10,0,0,0,0,0,1
4/10/2026,2:13:15,0,0,0,0,0,1
4/10/2026,2:13:20,0,0,0,0,0,1
4/10/2026,2:13:25,0,0,0,0,0,1
4/10/2026,2:13:30,0,0,0,0,0,1
4/10/2026,2:13:35,0,0,0,0,0,1
4/10/2026,2:13:40,0,0,0,0,0,1
4/10/2026,2:13:45,0,0,0,0,0,1
4/10/2026,2:13:50,0,0,0,0,0,1
4/10/2026,2:13:55,0,0,0,0,0,1
4/10/2026,2:14:00,0,0,0,0,0,1
4/10/2026,2:14:05,0,0,0,0,0,1
4/10/2026,2:14:09,0,0,0,0,0,0
4/10/2026,2:14:10,0,0,0,0,0,1
4/10/2026,2:14:15,0,0,0,0,0,1
4/10/2026,2:14:20,0,0,0,0,0,1
4/10/2026,2:14:25,0,0,0,0,0,1
4/10/2026,2:14:30,0,0,0,0,0,1
4/10/2026,2:14:35,0,0,0,0,0,1
4/10/2026,2:14:40,0,0,0,0,0,1
4/10/2026,2:14:45,0,0,0,0,0,1
4/10/2026,2:14:50,0,0,0,0,0,1
4/10/2026,2:14:55,0,0,0,0,0,1
4/10/2026,2:15:00,0,0,0,0,0,1
4/10/2026,2:15:05,0,0,0,0,0,1
4/10/2026,2:15:09,0,0,0,0,0,0
4/10/2026,2:15:10,0,0,0,0,0,1
4/10/2026,2:15:15,0,0,0,0,0,1
4/10/2026,2:15:20,0,0,0,0,0,1
4/10/2026,2:15:25,0,0,0,0,0,1
4/10/2026,2:15:30,0,0,0,0,0,1
4/10/2026,2:15:35,0,0,0,0,0,1
4/10/2026,2:15:40,0,0,0,0,0,1
4/10/2026,2:15:45,0,0,0,0,0,1
4/10/2026,2:15:50,0,0,0,0,0,1
4/10/2026,2:15:55,0,0,0,0,0,1
4/10/2026,2:16:00,0,0,0,0,0,1
4/10/2026,2:16:05,0,0,0,0,0,1
4/10/2026,2:16:09,0,0,0,0,0,0
4/10/2026,2:16:10,0,0,0,0,0,1
4/10/2026,2:16:15,0,0,0,0,0,1
4/10/2026,2:16:20,0,0,0,0,0,1
4/10/2026,2:16:25,0,0,0,0,0,1
4/10/2026,2:16:30,0,0,0,0,0,1
4/10/2026,2:16:35,0,0,0,0,0,1
4/10/2026,2:16:40,0,0,0,0,0,1
4/10/2026,2:16:45,0,0,0,0,0,1
4/10/2026,2:16:50,0,0,0,0,0,1
4/10/2026,2:16:55,0,0,0,0,0,1
4/10/2026,2:17:00,0,0,0,0,0,1
4/10/2026,2:17:05,0,0,0,0,0,1
4/10/2026,2:17:09,0,0,0,0,0,0
4/10/2026,2:17:10,0,0,0,0,0,1
4/10/2026,2:17:15,0,0,0,0,0,1
4/10/2026,2:17:20,0,0,0,0,0,1
4/10/2026,2:17:25,0,0,0,0,0,1
4/10/2026,2:17:30,0,0,0,0,0,1
4/10/2026,2:17:35,0,0,0,0,0,1
4/10/2026,2:17:40,0,0,0,0,0,1
4/10/2026,2:17:45,0,0,0,0,0,1
4/10/2026,2:17:50,0,0,0,0,0,1
4/10/2026,2:17:55,0,0,0,0,0,1
4/10/2026,2:18:00,0,0,0,0,0,1
4/10/2026,2:18:05,0,0,0,0,0,1
4/10/2026,2:18:09,0,0,0,0,0,0
4/10/2026,2:18:10,0,0,0,0,0,1
4/10/2026,2:18:15,0,0,0,0,0,1
4/10/2026,2:18:20,0,0,0,0,0,1
4/10/2026,2:18:25,0,0,0,0,0,1
4/10/2026,2:18:30,0,0,0,0,0,1
4/10/2026,2:18:35,0,0,0,0,0,1
4/10/2026,2:18:40,0,0,0,0,0,1
4/10/2026,2:18:45,0,0,0,0,0,1
4/10/2026,2:18:50,0,0,0,0,0,1
4/10/2026,2:18:55,0,0,0,0,0,1
4/10/2026,2:19:00,0,0,0,0,0,1
4/10/2026,2:19:05,0,0,0,0,0,1
4/10/2026,2:19:09,0,0,0,0,0,0
4/10/2026,2:19:10,0,0,0,0,0,1
4/10/2026,2:19:15,0,0,0,0,0,1
4/10/2026,2:19:20,0,0,0,0,0,1
4/10/2026,2:19:25,0,0,0,0,0,1
4/10/2026,2:19:30,0,0,0,0,0,1
4/10/2026,2:19:35,0,0,0,0,0,1
4/10/2026,2:19:40,0,0,0,0,0,1
4/10/2026,2:19:45,0,0,0,0,0,1
4/10/2026,2:19:50,0,0,0,0,0,1
4/10/2026,2:19:55,0,0,0,0,0,1
4/10/2026,2:20:00,0,0,0,0,0,1
4/10/2026,2:20:05,0,0,0,0,0,1
4/10/2026,2:20:09,0,0,0,0,0,0
4/10/2026,2:20:10,0,0,0,0,0,1
4/10/2026,2:20:15,0,0,0,0,0,1
4/10/2026,2:20:20,0,0,0,0,0,1
4/10/2026,2:20:25,0,0,0,0,0,1
4/10/2026,2:20:30,0,0,0,0,0,1
4/10/2026,2:20:35,0,0,0,0,0,1
4/10/2026,2:20:40,0,0,0,0,0,1
4/10/2026,2:20:45,0,0,0,0,0,1
4/10/2026,2:20:50,0,0,0,0,0,1
4/10/2026,2:20:55,0,0,0,0,0,1
4/10/2026,2:21:00,0,0,0,0,0,1
4/10/2026,2:21:05,0,0,0,0,0,1
4/10/2026,2:21:09,0,0,0,0,0,0
4/10/2026,2:21:10,0,0,0,0,0,1
4/10/2026,2:21:15,0,0,0,0,0,1
4/10/2026,2:21:20,0,0,0,0,0,1
4/10/2026,2:21:25,0,0,0,0,0,1
4/10/2026,2:21:30,0,0,0,0,0,1
4/10/2026,2:21:35,0,0,0,0,0,1
4/10/2026,2:21:40,0,0,0,0,0,1
4/10/2026,2:21:45,0,0,0,0,0,1
4/10/2026,2:21:50,0,0,0,0,0,1
4/10/2026,2:21:55,0,0,0,0,0,1
4/10/2026,2:22:00,0,0,0,0,0,1
4/10/2026,2:22:05,0,0,0,0,0,1
4/10/2026,2:22:09,0,0,0,0,0,0
4/10/2026,2:22:10,0,0,0,0,0,1
4/10/2026,2:22:15,0,0,0,0,0,1
4/10/2026,2:22:20,0,0,0,0,0,1
4/10/2026,2:22:25,0,0,0,0,0,1
4/10/2026,2:22:30,0,0,0,0,0,1
4/10/2026,2:22:35,0,0,0,0,0,1
4/10/2026,2:22:40,0,0,0,0,0,1
4/10/2026,2:22:45,0,0,0,0,0,1
4/10/2026,2:22:50,0,0,0,0,0,1
4/10/2026,2:22:55,0,0,0,0,0,1
4/10/2026,2:23:00,0,0,0,0,0,1
4/10/2026,2:23:05,0,0,0,0,0,1
4/10/2026,2:23:09,0,0,0,0,0,0
4/10/2026,2:23:10,0,0,0,0,0,1
4/10/2026,2:23:15,0,0,0,0,0,1
4/10/2026,2:23:20,0,0,0,0,0,1
4/10/2026,2:23:25,0,0,0,0,0,1
4/10/2026,2:23:30,0,0,0,0,0,1
4/10/2026,2:23:35,0,0,0,0,0,1
4/10/2026,2:23:40,0,0,0,0,0,1
4/10/2026,2:23:45,0,0,0,0,0,1
4/10/2026,2:23:50,0,0,0,0,0,1
4/10/2026,2:23:55,0,0,0,0,0,1
4/10/2026,2:24:00,0,0,0,0,0,1
4/10/2026,2:24:05,0,0,0,0,0,1
4/10/2026,2:24:09,0,0,0,0,0,0
4/10/2026,2:24:10,0,0,0,0,0,1
4/10/2026,2:24:15,0,0,0,0,0,1
4/10/2026,2:24:20,0,0,0,0,0,1
4/10/2026,2:24:25,0,0,0,0,0,1
4/10/2026,2:24:30,0,0,0,0,0,1
4/10/2026,2:24:35,0,0,0,0,0,1
4/10/2026,2:24:40,0,0,0,0,0,1
4/10/2026,2:24:45,0,0,0,0,0,1
4/10/2026,2:24:50,0,0,0,0,0,1
4/10/2026,2:24:55,0,0,0,0,0,1
4/10/2026,2:25:00,0,0,0,0,0,1
4/10/2026,2:25:05,0,0,0,0,0,1
4/10/2026,2:25:09,0,0,0,0,0,0
4/10/2026,2:25:10,0,0,0,0,0,1
4/10/2026,2:25:15,0,0,0,0,0,1
4/10/2026,2:25:20,0,0,0,0,0,1
4/10/2026,2:25:25,0,0,0,0,0,1
4/10/2026,2:25:30,0,0,0,0,0,1
4/10/2026,2:25:35,0,0,0,0,0,1
4/10/2026,2:25:40,0,0,0,0,0,1
4/10/2026,2:25:45,0,0,0,0,0,1
4/10/2026,2:25:50,0,0,0,0,0,1
4/10/2026,2:25:55,0,0,0,0,0,1
4/10/2026,2:26:00,0,0,0,0,0,1
4/10/2026,2:26:05,0,0,0,0,0,1
4/10/2026,2:26:09,0,0,0,0,0,0
4/10/2026,2:26:10,0,0,0,0,0,1
4/10/2026,2:26:15,0,0,0,0,0,1
4/10/2026,2:26:20,0,0,0,0,0,1
4/10/2026,2:26:25,0,0,0,0,0,1
4/10/2026,2:26:30,0,0,0,0,0,1
4/10/2026,2:26:35,0,0,0,0,0,1
4/10/2026,2:26:40,0,0,0,0,0,1
4/10/2026,2:26:45,0,0,0,0,0,1
4/10/2026,2:26:50,0,0,0,0,0,1
4/10/2026,2:26:55,0,0,0,0,0,1
4/10/2026,2:27:00,0,0,0,0,0,1
4/10/2026,2:27:05,0,0,0,0,0,1
4/10/2026,2:27:09,0,0,0,0,0,0
4/10/2026,2:27:10,0,0,0,0,0,1
4/10/2026,2:27:15,0,0,0,0,0,1
4/10/2026,2:27:20,0,0,0,0,0,1
4/10/2026,2:27:25,0,0,0,0,0,1
4/10/2026,2:27:30,0,0,0,0,0,1
4/10/2026,2:27:35,0,0,0,0,0,1
4/10/2026,2:27:40,0,0,0,0,0,1
4/10/2026,2:27:45,0,0,0,0,0,1
4/10/2026,2:27:50,0,0,0,0,0,1
4/10/2026,2:28:04,0,0,0,0,0,1
4/10/2026,2:28:09,0,0,0,0,0,1
4/10/2026,2:28:09,0,0,0,0,0,0
4/10/2026,2:28:14,0,0,0,0,0,1
4/10/2026,2:28:19,0,0,0,0,0,1
4/10/2026,2:28:24,0,0,0,0,0,1
4/10/2026,2:28:29,0,0,0,0,0,1
4/10/2026,2:28:34,0,0,0,0,0,1
4/10/2026,2:28:39,0,0,0,0,0,1
4/10/2026,2:28:44,0,0,0,0,0,1
4/10/2026,2:28:49,0,0,0,0,0,1
4/10/2026,2:28:54,0,0,0,0,0,1
4/10/2026,2:28:59,0,0,0,0,0,1
4/10/2026,2:29:04,0,0,0,0,0,1
4/10/2026,2:29:09,0,0,0,0,0,1
4/10/2026,2:29:09,0,0,0,0,0,0
4/10/2026,2:29:14,0,0,0,0,0,1
4/10/2026,2:29:19,0,0,0,0,0,1
4/10/2026,2:29:24,0,0,0,0,0,1
4/10/2026,2:29:29,0,0,0,0,0,1
4/10/2026,2:29:34,0,0,0,0,0,1
4/10/2026,2:29:39,0,0,0,0,0,1
4/10/2026,2:29:44,0,0,0,0,0,1
4/10/2026,2:29:49,0,0,0,0,0,1
4/10/2026,2:29:54,0,0,0,0,0,1
4/10/2026,2:29:59,0,0,0,0,0,1
4/10/2026,2:30:04,0,0,0,0,0,1
4/10/2026,2:30:09,0,0,0,0,0,1
4/10/2026,2:30:09,0,0,0,0,0,0
4/10/2026,2:30:14,0,0,0,0,0,1
4/10/2026,2:30:19,0,0,0,0,0,1
4/10/2026,2:30:24,0,0,0,0,0,1
4/10/2026,2:30:29,0,0,0,0,0,1
4/10/2026,2:30:34,0,0,0,0,0,1
4/10/2026,2:30:39,0,0,0,0,0,1
4/10/2026,2:30:44,0,0,0,0,0,1
4/10/2026,2:30:49,0,0,0,0,0,1
4/10/2026,2:30:54,0,0,0,0,0,1
4/10/2026,2:30:59,0,0,0,0,0,1
4/10/2026,2:31:04,0,0,0,0,0,1
4/10/2026,2:31:09,0,0,0,0,0,1
4/10/2026,2:31:09,0,0,0,0,0,0
4/10/2026,2:31:14,0,0,0,0,0,1
4/10/2026,2:31:19,0,0,0,0,0,1
4/10/2026,2:31:24,0,0,0,0,0,1
4/10/2026,2:31:29,0,0,0,0,0,1
4/10/2026,2:31:34,0,0,0,0,0,1
4/10/2026,2:31:39,0,0,0,0,0,1
4/10/2026,2:31:44,0,0,0,0,0,1
4/10/2026,2:31:49,0,0,0,0,0,1
4/10/2026,2:31:54,0,0,0,0,0,1
4/10/2026,2:31:59,0,0,0,0,0,1
4/10/2026,2:32:04,0,0,0,0,0,1
4/10/2026,2:32:09,0,0,0,0,0,1
4/10/2026,2:32:09,0,0,0,0,0,0
4/10/2026,2:32:14,0,0,0,0,0,1
4/10/2026,2:32:19,0,0,0,0,0,1
4/10/2026,2:32:24,0,0,0,0,0,1
4/10/2026,2:32:29,0,0,0,0,0,1
4/10/2026,2:32:34,0,0,0,0,0,1
4/10/2026,2:32:39,0,0,0,0,0,1
4/10/2026,2:32:44,0,0,0,0,0,1
4/10/2026,2:32:49,0,0,0,0,0,1
4/10/2026,2:32:54,0,0,0,0,0,1
4/10/2026,2:32:59,0,0,0,0,0,1
4/10/2026,2:33:04,0,0,0,0,0,1
4/10/2026,2:33:09,0,0,0,0,0,1
4/10/2026,2:33:09,0,0,0,0,0,0
4/10/2026,2:33:14,0,0,0,0,0,1
4/10/2026,2:33:19,0,0,0,0,0,1
4/10/2026,2:33:24,0,0,0,0,0,1
4/10/2026,2:33:29,0,0,0,0,0,1
4/10/2026,2:33:34,0,0,0,0,0,1
4/10/2026,2:33:39,0,0,0,0,0,1
4/10/2026,2:33:44,0,0,0,0,0,1
4/10/2026,2:33:49,0,0,0,0,0,1
4/10/2026,2:33:54,0,0,0,0,0,1
4/10/2026,2:33:59,0,0,0,0,0,1
4/10/2026,2:34:04,0,0,0,0,0,1
4/10/2026,2:34:09,0,0,0,0,0,1
4/10/2026,2:34:09,0,0,0,0,0,0
4/10/2026,2:34:14,0,0,0,0,0,1
4/10/2026,2:34:19,0,0,0,0,0,1
4/10/2026,2:34:24,0,0,0,0,0,1
4/10/2026,2:34:29,0,0,0,0,0,1
4/10/2026,2:34:34,0,0,0,0,0,1
4/10/2026,2:34:39,0,0,0,0,0,1
4/10/2026,2:34:44,0,0,0,0,0,1
4/10/2026,2:34:49,0,0,0,0,0,1
4/10/2026,2:34:54,0,0,0,0,0,1
4/10/2026,2:34:59,0,0,0,0,0,1
4/10/2026,2:35:04,0,0,0,0,0,1
4/10/2026,2:35:09,0,0,0,0,0,1
4/10/2026,2:35:09,0,0,0,0,0,0
4/10/2026,2:35:14,0,0,0,0,0,1
4/10/2026,2:35:19,0,0,0,0,0,1
4/10/2026,2:35:24,0,0,0,0,0,1
4/10/2026,2:35:29,0,0,0,0,0,1
4/10/2026,2:35:34,0,0,0,0,0,1
4/10/2026,2:35:39,0,0,0,0,0,1
4/10/2026,2:35:44,0,0,0,0,0,1
4/10/2026,2:35:49,0,0,0,0,0,1
4/10/2026,2:35:54,0,0,0,0,0,1
4/10/2026,2:35:59,0,0,0,0,0,1
4/10/2026,2:36:04,0,0,0,0,0,1
4/10/2026,2:36:09,0,0,0,0,0,1
4/10/2026,2:36:09,0,0,0,0,0,0
4/10/2026,2:36:14,0,0,0,0,0,1
4/10/2026,2:36:19,0,0,0,0,0,1
4/10/2026,2:36:24,0,0,0,0,0,1
4/10/2026,2:36:29,0,0,0,0,0,1
4/10/2026,2:36:34,0,0,0,0,0,1
4/10/2026,2:36:39,0,0,0,0,0,1
4/10/2026,2:36:44,0,0,0,0,0,1
4/10/2026,2:36:49,0,0,0,0,0,1
4/10/2026,2:36:54,0,0,0,0,0,1
4/10/2026,2:36:59,0,0,0,0,0,1
4/10/2026,2:37:04,0,0,0,0,0,1
4/10/2026,2:37:09,0,0,0,0,0,1
4/10/2026,2:37:09,0,0,0,0,0,0
4/10/2026,2:37:14,0,0,0,0,0,1
4/10/2026,2:37:19,0,0,0,0,0,1
4/10/2026,2:37:24,0,0,0,0,0,1
4/10/2026,2:37:29,0,0,0,0,0,1
4/10/2026,2:37:34,0,0,0,0,0,1
4/10/2026,2:37:39,0,0,0,0,0,1
4/10/2026,2:37:44,0,0,0,0,0,1
4/10/2026,2:37:49,0,0,0,0,0,1
4/10/2026,2:37:54,0,0,0,0,0,1
4/10/2026,2:37:59,0,0,0,0,0,1
4/10/2026,2:38:04,0,0,0,0,0,1
4/10/2026,2:38:09,0,0,0,0,0,1
4/10/2026,2:38:09,0,0,0,0,0,0
4/10/2026,2:38:14,0,0,0,0,0,1
4/10/2026,2:38:19,0,0,0,0,0,1
4/10/2026,2:38:24,0,0,0,0,0,1
4/10/2026,2:38:29,0,0,0,0,0,1
4/10/2026,2:38:34,0,0,0,0,0,1
4/10/2026,2:38:39,0,0,0,0,0,1
4/10/2026,2:38:44,0,0,0,0,0,1
4/10/2026,2:38:49,0,0,0,0,0,1
4/10/2026,2:38:54,0,0,0,0,0,1
4/10/2026,2:38:59,0,0,0,0,0,1
4/10/2026,2:39:04,0,0,0,0,0,1
4/10/2026,2:39:09,0,0,0,0,0,1
4/10/2026,2:39:09,0,0,0,0,0,0
4/10/2026,2:39:14,0,0,0,0,0,1
4/10/2026,2:39:19,0,0,0,0,0,1
4/10/2026,2:39:24,0,0,0,0,0,1
4/10/2026,2:39:29,0,0,0,0,0,1
4/10/2026,2:39:34,0,0,0,0,0,1
4/10/2026,2:39:39,0,0,0,0,0,1
4/10/2026,2:39:44,0,0,0,0,0,1
4/10/2026,2:39:49,0,0,0,0,0,1
4/10/2026,2:39:54,0,0,0,0,0,1
4/10/2026,2:39:59,0,0,0,0,0,1
4/10/2026,2:40:04,0,0,0,0,0,1
4/10/2026,2:40:09,0,0,0,0,0,1
4/10/2026,2:40:09,0,0,0,0,0,0
4/10/2026,2:40:14,0,0,0,0,0,1
4/10/2026,2:40:19,0,0,0,0,0,1
4/10/2026,2:40:24,0,0,0,0,0,1
4/10/2026,2:40:29,0,0,0,0,0,1
4/10/2026,2:40:34,0,0,0,0,0,1
4/10/2026,2:40:39,0,0,0,0,0,1
4/10/2026,2:40:44,0,0,0,0,0,1
4/10/2026,2:40:49,0,0,0,0,0,1
4/10/2026,2:40:54,0,0,0,0,0,1
4/10/2026,2:40:59,0,0,0,0,0,1
4/10/2026,2:41:04,0,0,0,0,0,1
4/10/2026,2:41:09,0,0,0,0,0,1
4/10/2026,2:41:09,0,0,0,0,0,0
4/10/2026,2:41:14,0,0,0,0,0,1
4/10/2026,2:41:19,0,0,0,0,0,1
4/10/2026,2:41:24,0,0,0,0,0,1
4/10/2026,2:41:29,0,0,0,0,0,1
4/10/2026,2:41:34,0,0,0,0,0,1
4/10/2026,2:41:39,0,0,0,0,0,1
4/10/2026,2:41:44,0,0,0,0,0,1
4/10/2026,2:41:49,0,0,0,0,0,1
4/10/2026,2:41:54,0,0,0,0,0,1
4/10/2026,2:41:59,0,0,0,0,0,1
4/10/2026,2:42:04,0,0,0,0,0,1
4/10/2026,2:42:09,0,0,0,0,0,1
4/10/2026,2:42:09,0,0,0,0,0,0
4/10/2026,2:42:14,0,0,0,0,0,1
4/10/2026,2:42:19,0,0,0,0,0,1
4/10/2026,2:42:24,0,0,0,0,0,1
4/10/2026,2:42:29,0,0,0,0,0,1
4/10/2026,2:42:34,0,0,0,0,0,1
4/10/2026,2:42:39,0,0,0,0,0,1
4/10/2026,2:42:44,0,0,0,0,0,1
4/10/2026,2:42:49,0,0,0,0,0,1
4/10/2026,2:42:54,0,0,0,0,0,1
4/10/2026,2:42:59,0,0,0,0,0,1
4/10/2026,2:43:04,0,0,0,0,0,1
4/10/2026,2:43:09,0,0,0,0,0,0
4/10/2026,2:43:17,0,0,0,0,0,1
4/10/2026,2:43:22,0,0,0,0,0,1
4/10/2026,2:43:27,0,0,0,0,0,1
4/10/2026,2:43:32,0,0,0,0,0,1
4/10/2026,2:43:37,0,0,0,0,0,1
4/10/2026,2:43:42,0,0,0,0,0,1
4/10/2026,2:43:47,0,0,0,0,0,1
4/10/2026,2:43:52,0,0,0,0,0,1
4/10/2026,2:43:57,0,0,0,0,0,1
4/10/2026,2:44:02,0,0,0,0,0,1
4/10/2026,2:44:07,0,0,0,0,0,1
4/10/2026,2:44:09,0,0,0,0,0,0
4/10/2026,2:44:12,0,0,0,0,0,1
4/10/2026,2:44:17,0,0,0,0,0,1
4/10/2026,2:44:22,0,0,0,0,0,1
4/10/2026,2:44:27,0,0,0,0,0,1
4/10/2026,2:44:32,0,0,0,0,0,1
4/10/2026,2:44:37,0,0,0,0,0,1
4/10/2026,2:44:42,0,0,0,0,0,1
4/10/2026,2:44:47,0,0,0,0,0,1
4/10/2026,2:44:52,0,0,0,0,0,1
4/10/2026,2:44:57,0,0,0,0,0,1
4/10/2026,2:45:02,0,0,0,0,0,1
4/10/2026,2:45:07,0,0,0,0,0,1
4/10/2026,2:45:09,0,0,0,0,0,0
4/10/2026,2:45:12,0,0,0,0,0,1
4/10/2026,2:45:17,0,0,0,0,0,1
4/10/2026,2:45:22,0,0,0,0,0,1
4/10/2026,2:45:27,0,0,0,0,0,1
4/10/2026,2:45:32,0,0,0,0,0,1
4/10/2026,2:45:37,0,0,0,0,0,1
4/10/2026,2:45:42,0,0,0,0,0,1
4/10/2026,2:45:47,0,0,0,0,0,1
4/10/2026,2:45:52,0,0,0,0,0,1
4/10/2026,2:45:57,0,0,0,0,0,1
4/10/2026,2:46:02,0,0,0,0,0,1
4/10/2026,2:46:07,0,0,0,0,0,1
4/10/2026,2:46:09,0,0,0,0,0,0
4/10/2026,2:46:12,0,0,0,0,0,1
4/10/2026,2:46:17,0,0,0,0,0,1
4/10/2026,2:46:22,0,0,0,0,0,1
4/10/2026,2:46:27,0,0,0,0,0,1
4/10/2026,2:46:32,0,0,0,0,0,1
4/10/2026,2:46:37,0,0,0,0,0,1
4/10/2026,2:46:42,0,0,0,0,0,1
4/10/2026,2:46:47,0,0,0,0,0,1
4/10/2026,2:46:52,0,0,0,0,0,1
4/10/2026,2:46:57,0,0,0,0,0,1
4/10/2026,2:47:02,0,0,0,0,0,1
4/10/2026,2:47:07,0,0,0,0,0,1
4/10/2026,2:47:09,0,0,0,0,0,0
4/10/2026,2:47:12,0,0,0,0,0,1
4/10/2026,2:47:17,0,0,0,0,0,1
4/10/2026,2:47:22,0,0,0,0,0,1
4/10/2026,2:47:27,0,0,0,0,0,1
4/10/2026,2:47:32,0,0,0,0,0,1
4/10/2026,2:47:37,0,0,0,0,0,1
4/10/2026,2:47:42,0,0,0,0,0,1
4/10/2026,2:47:47,0,0,0,0,0,1
4/10/2026,2:47:52,0,0,0,0,0,1
4/10/2026,2:47:57,0,0,0,0,0,1
4/10/2026,2:48:02,0,0,0,0,0,1
4/10/2026,2:48:07,0,0,0,0,0,1
4/10/2026,2:48:09,0,0,0,0,0,0
4/10/2026,2:48:12,0,0,0,0,0,1
4/10/2026,2:48:17,0,0,0,0,0,1
4/10/2026,2:48:22,0,0,0,0,0,1
4/10/2026,2:48:27,0,0,0,0,0,1
4/10/2026,2:48:32,0,0,0,0,0,1
4/10/2026,2:48:37,0,0,0,0,0,1
4/10/2026,2:48:42,0,0,0,0,0,1
4/10/2026,2:48:47,0,0,0,0,0,1
4/10/2026,2:48:52,0,0,0,0,0,1
4/10/2026,2:48:57,0,0,0,0,0,1
4/10/2026,2:49:02,0,0,0,0,0,1
4/10/2026,2:49:07,0,0,0,0,0,1
4/10/2026,2:49:09,0,0,0,0,0,0
4/10/2026,2:49:12,0,0,0,0,0,1
4/10/2026,2:49:17,0,0,0,0,0,1
4/10/2026,2:49:22,0,0,0,0,0,1
4/10/2026,2:49:27,0,0,0,0,0,1
4/10/2026,2:49:32,0,0,0,0,0,1
4/10/2026,2:49:37,0,0,0,0,0,1
4/10/2026,2:49:42,0,0,0,0,0,1
4/10/2026,2:49:47,0,0,0,0,0,1
4/10/2026,2:49:52,0,0,0,0,0,1
4/10/2026,2:49:57,0,0,0,0,0,1
4/10/2026,2:50:02,0,0,0,0,0,1
4/10/2026,2:50:07,0,0,0,0,0,1
4/10/2026,2:50:09,0,0,0,0,0,0
4/10/2026,2:50:12,0,0,0,0,0,1
4/10/2026,2:50:17,0,0,0,0,0,1
4/10/2026,2:50:22,0,0,0,0,0,1
4/10/2026,2:50:27,0,0,0,0,0,1
4/10/2026,2:50:32,0,0,0,0,0,1
4/10/2026,2:50:37,0,0,0,0,0,1
4/10/2026,2:50:42,0,0,0,0,0,1
4/10/2026,2:50:47,0,0,0,0,0,1
4/10/2026,2:50:52,0,0,0,0,0,1
4/10/2026,2:50:57,0,0,0,0,0,1
4/10/2026,2:51:02,0,0,0,0,0,1
4/10/2026,2:51:07,0,0,0,0,0,1
4/10/2026,2:51:09,0,0,0,0,0,0
4/10/2026,2:51:12,0,0,0,0,0,1
4/10/2026,2:51:17,0,0,0,0,0,1
4/10/2026,2:51:22,0,0,0,0,0,1
4/10/2026,2:51:27,0,0,0,0,0,1
4/10/2026,2:51:32,0,0,0,0,0,1
4/10/2026,2:51:37,0,0,0,0,0,1
4/10/2026,2:51:42,0,0,0,0,0,1
4/10/2026,2:51:47,0,0,0,0,0,1
4/10/2026,2:51:52,0,0,0,0,0,1
4/10/2026,2:51:57,0,0,0,0,0,1
4/10/2026,2:52:02,0,0,0,0,0,1
4/10/2026,2:52:07,0,0,0,0,0,1
4/10/2026,2:52:09,0,0,0,0,0,0
4/10/2026,2:52:12,0,0,0,0,0,1
4/10/2026,2:52:17,0,0,0,0,0,1
4/10/2026,2:52:22,0,0,0,0,0,1
4/10/2026,2:52:27,0,0,0,0,0,1
4/10/2026,2:52:32,0,0,0,0,0,1
4/10/2026,2:52:37,0,0,0,0,0,1
4/10/2026,2:52:42,0,0,0,0,0,1
4/10/2026,2:52:47,0,0,0,0,0,1
4/10/2026,2:52:52,0,0,0,0,0,1
4/10/2026,2:52:57,0,0,0,0,0,1
4/10/2026,2:53:02,0,0,0,0,0,1
4/10/2026,2:53:07,0,0,0,0,0,1
4/10/2026,2:53:09,0,0,0,0,0,0
4/10/2026,2:53:12,0,0,0,0,0,1
4/10/2026,2:53:17,0,0,0,0,0,1
4/10/2026,2:53:22,0,0,0,0,0,1
4/10/2026,2:53:27,0,0,0,0,0,1
4/10/2026,2:53:32,0,0,0,0,0,1
4/10/2026,2:53:37,0,0,0,0,0,1
4/10/2026,2:53:42,0,0,0,0,0,1
4/10/2026,2:53:47,0,0,0,0,0,1
4/10/2026,2:53:52,0,0,0,0,0,1
4/10/2026,2:53:57,0,0,0,0,0,1
4/10/2026,2:54:02,0,0,0,0,0,1
4/10/2026,2:54:07,0,0,0,0,0,1
4/10/2026,2:54:09,0,0,0,0,0,0
4/10/2026,2:54:12,0,0,0,0,0,1
4/10/2026,2:54:17,0,0,0,0,0,1
4/10/2026,2:54:22,0,0,0,0,0,1
4/10/2026,2:54:27,0,0,0,0,0,1
4/10/2026,2:54:32,0,0,0,0,0,1
4/10/2026,2:54:37,0,0,0,0,0,1
4/10/2026,2:54:42,0,0,0,0,0,1
4/10/2026,2:54:47,0,0,0,0,0,1
4/10/2026,2:54:52,0,0,0,0,0,1
4/10/2026,2:54:57,0,0,0,0,0,1
4/10/2026,2:55:02,0,0,0,0,0,1
4/10/2026,2:55:07,0,0,0,0,0,1
4/10/2026,2:55:09,0,0,0,0,0,0
4/10/2026,2:55:12,0,0,0,0,0,1
4/10/2026,2:55:17,0,0,0,0,0,1
4/10/2026,2:55:22,0,0,0,0,0,1
4/10/2026,2:55:27,0,0,0,0,0,1
4/10/2026,2:55:32,0,0,0,0,0,1
4/10/2026,2:55:37,0,0,0,0,0,1
4/10/2026,2:55:42,0,0,0,0,0,1
4/10/2026,2:55:47,0,0,0,0,0,1
4/10/2026,2:55:52,0,0,0,0,0,1
4/10/2026,2:55:57,0,0,0,0,0,1
4/10/2026,2:56:02,0,0,0,0,0,1
4/10/2026,2:56:07,0,0,0,0,0,1
4/10/2026,2:56:09,0,0,0,0,0,0
4/10/2026,2:56:12,0,0,0,0,0,1
4/10/2026,2:56:17,0,0,0,0,0,1
4/10/2026,2:56:22,0,0,0,0,0,1
4/10/2026,2:56:27,0,0,0,0,0,1
4/10/2026,2:56:32,0,0,0,0,0,1
4/10/2026,2:56:37,0,0,0,0,0,1
4/10/2026,2:56:42,0,0,0,0,0,1
4/10/2026,2:56:47,0,0,0,0,0,1
4/10/2026,2:56:52,0,0,0,0,0,1
4/10/2026,2:56:57,0,0,0,0,0,1
4/10/2026,2:57:02,0,0,0,0,0,1
4/10/2026,2:57:07,0,0,0,0,0,1
4/10/2026,2:57:09,0,0,0,0,0,0
4/10/2026,2:57:12,0,0,0,0,0,1
4/10/2026,2:57:17,0,0,0,0,0,1
4/10/2026,2:57:22,0,0,0,0,0,1
4/10/2026,2:57:27,0,0,0,0,0,1
4/10/2026,2:57:32,0,0,0,0,0,1
4/10/2026,2:57:37,0,0,0,0,0,1
4/10/2026,2:57:42,0,0,0,0,0,1
4/10/2026,2:57:47,0,0,0,0,0,1
4/10/2026,2:57:52,0,0,0,0,0,1
4/10/2026,2:57:57,0,0,0,0,0,1
4/10/2026,2:58:02,0,0,0,0,0,1
4/10/2026,2:58:07,0,0,0,0,0,1
4/10/2026,2:58:09,0,0,0,0,0,0
4/10/2026,2:58:12,0,0,0,0,0,1
4/10/2026,2:58:17,0,0,0,0,0,1
4/10/2026,2:58:22,0,0,0,0,0,1
4/10/2026,2:58:27,0,0,0,0,0,1
4/10/2026,2:58:32,0,0,0,0,0,1
4/10/2026,2:58:37,0,0,0,0,0,1
4/10/2026,2:58:42,0,0,0,0,0,1
4/10/2026,2:58:47,0,0,0,0,0,1
4/10/2026,2:58:52,0,0,0,0,0,1
4/10/2026,2:58:57,0,0,0,0,0,1
4/10/2026,2:59:02,0,0,0,0,0,1
4/10/2026,2:59:07,0,0,0,0,0,1
4/10/2026,2:59:09,0,0,0,0,0,0
4/10/2026,2:59:12,0,0,0,0,0,1
4/10/2026,2:59:17,0,0,0,0,0,1
4/10/2026,2:59:22,0,0,0,0,0,1
4/10/2026,2:59:27,0,0,0,0,0,1
4/10/2026,2:59:32,0,0,0,0,0,1
4/10/2026,2:59:37,0,0,0,0,0,1
4/10/2026,2:59:42,0,0,0,0,0,1
4/10/2026,2:59:47,0,0,0,0,0,1
4/10/2026,2:59:52,0,0,0,0,0,1
4/10/2026,2:59:57,0,0,0,0,0,1
4/10/2026,3:00:02,0,0,0,0,0,1
4/10/2026,3:00:07,0,0,0,0,0,1
4/10/2026,3:00:09,0,0,0,0,0,0
4/10/2026,3:00:12,0,0,0,0,0,1
4/10/2026,3:00:17,0,0,0,0,0,1
4/10/2026,3:00:22,0,0,0,0,0,1
4/10/2026,3:00:27,0,0,0,0,0,1
4/10/2026,3:00:32,0,0,0,0,0,1
4/10/2026,3:00:37,0,0,0,0,0,1
4/10/2026,3:00:42,0,0,0,0,0,1
4/10/2026,3:00:47,0,0,0,0,0,1
4/10/2026,3:00:52,0,0,0,0,0,1
4/10/2026,3:00:57,0,0,0,0,0,1
4/10/2026,3:01:02,0,0,0,0,0,1
4/10/2026,3:01:07,0,0,0,0,0,1
4/10/2026,3:01:09,0,0,0,0,0,0
4/10/2026,3:01:12,0,0,0,0,0,1
4/10/2026,3:01:17,0,0,0,0,0,1
4/10/2026,3:01:22,0,0,0,0,0,1
4/10/2026,3:01:27,0,0,0,0,0,1
4/10/2026,3:01:32,0,0,0,0,0,1
4/10/2026,3:01:37,0,0,0,0,0,1
4/10/2026,3:01:42,0,0,0,0,0,1
4/10/2026,3:01:47,0,0,0,0,0,1
4/10/2026,3:01:52,0,0,0,0,0,1
4/10/2026,3:01:57,0,0,0,0,0,1
4/10/2026,3:02:02,0,0,0,0,0,1
4/10/2026,3:02:07,0,0,0,0,0,1
4/10/2026,3:02:09,0,0,0,0,0,0
4/10/2026,3:02:12,0,0,0,0,0,1
4/10/2026,3:02:17,0,0,0,0,0,1
4/10/2026,3:02:22,0,0,0,0,0,1
4/10/2026,3:02:27,0,0,0,0,0,1
4/10/2026,3:02:32,0,0,0,0,0,1
4/10/2026,3:02:37,0,0,0,0,0,1
4/10/2026,3:02:42,0,0,0,0,0,1
4/10/2026,3:02:47,0,0,0,0,0,1
4/10/2026,3:02:52,0,0,0,0,0,1
4/10/2026,3:02:57,0,0,0,0,0,1
4/10/2026,3:03:02,0,0,0,0,0,1
4/10/2026,3:03:07,0,0,0,0,0,1
4/10/2026,3:03:09,0,0,0,0,0,0
4/10/2026,3:03:12,0,0,0,0,0,1
4/10/2026,3:03:17,0,0,0,0,0,1
4/10/2026,3:03:22,0,0,0,0,0,1
4/10/2026,3:03:27,0,0,0,0,0,1
4/10/2026,3:03:32,0,0,0,0,0,1
4/10/2026,3:03:37,0,0,0,0,0,1
4/10/2026,3:03:42,0,0,0,0,0,1
4/10/2026,3:03:47,0,0,0,0,0,1
4/10/2026,3:03:52,0,0,0,0,0,1
4/10/2026,3:03:57,0,0,0,0,0,1
4/10/2026,3:04:02,0,0,0,0,0,1
4/10/2026,3:04:07,0,0,0,0,0,1
4/10/2026,3:04:09,0,0,0,0,0,0
4/10/2026,3:04:12,0,0,0,0,0,1
4/10/2026,3:04:17,0,0,0,0,0,1
4/10/2026,3:04:22,0,0,0,0,0,1
4/10/2026,3:04:27,0,0,0,0,0,1
4/10/2026,3:04:32,0,0,0,0,0,1
4/10/2026,3:04:37,0,0,0,0,0,1
4/10/2026,3:04:42,0,0,0,0,0,1
4/10/2026,3:04:47,0,0,0,0,0,1
4/10/2026,3:04:52,0,0,0,0,0,1
4/10/2026,3:04:57,0,0,0,0,0,1
4/10/2026,3:05:02,0,0,0,0,0,1
4/10/2026,3:05:07,0,0,0,0,0,1
4/10/2026,3:05:09,0,0,0,0,0,0
4/10/2026,3:05:12,0,0,0,0,0,1
4/10/2026,3:05:17,0,0,0,0,0,1
4/10/2026,3:05:22,0,0,0,0,0,1
4/10/2026,3:05:27,0,0,0,0,0,1
4/10/2026,3:05:32,0,0,0,0,0,1
4/10/2026,3:05:37,0,0,0,0,0,1
4/10/2026,3:05:42,0,0,0,0,0,1
4/10/2026,3:05:47,0,0,0,0,0,1
4/10/2026,3:05:52,0,0,0,0,0,1
4/10/2026,3:05:57,0,0,0,0,0,1
4/10/2026,3:06:02,0,0,0,0,0,1
4/10/2026,3:06:07,0,0,0,0,0,1
4/10/2026,3:06:09,0,0,0,0,0,0
4/10/2026,3:06:12,0,0,0,0,0,1
4/10/2026,3:06:17,0,0,0,0,0,1
4/10/2026,3:06:22,0,0,0,0,0,1
4/10/2026,3:06:27,0,0,0,0,0,1
4/10/2026,3:06:32,0,0,0,0,0,1
4/10/2026,3:06:37,0,0,0,0,0,1
4/10/2026,3:06:42,0,0,0,0,0,1
4/10/2026,3:06:47,0,0,0,0,0,1
4/10/2026,3:06:52,0,0,0,0,0,1
4/10/2026,3:06:57,0,0,0,0,0,1
4/10/2026,3:07:02,0,0,0,0,0,1
4/10/2026,3:07:07,0,0,0,0,0,1
4/10/2026,3:07:09,0,0,0,0,0,0
4/10/2026,3:07:12,0,0,0,0,0,1
4/10/2026,3:07:17,0,0,0,0,0,1
4/10/2026,3:07:22,0,0,0,0,0,1
4/10/2026,3:07:27,0,0,0,0,0,1
4/10/2026,3:07:32,0,0,0,0,0,1
4/10/2026,3:07:37,0,0,0,0,0,1
4/10/2026,3:07:42,0,0,0,0,0,1
4/10/2026,3:07:47,0,0,0,0,0,1
4/10/2026,3:07:52,0,0,0,0,0,1
4/10/2026,3:07:57,0,0,0,0,0,1
4/10/2026,3:08:02,0,0,0,0,0,1
4/10/2026,3:08:07,0,0,0,0,0,1
4/10/2026,3:08:09,0,0,0,0,0,0
4/10/2026,3:08:12,0,0,0,0,0,1
4/10/2026,3:08:17,0,0,0,0,0,1
4/10/2026,3:08:22,0,0,0,0,0,1
4/10/2026,3:08:27,0,0,0,0,0,1
4/10/2026,3:08:32,0,0,0,0,0,1
4/10/2026,3:08:37,0,0,0,0,0,1
4/10/2026,3:08:42,0,0,0,0,0,1
4/10/2026,3:08:47,0,0,0,0,0,1
4/10/2026,3:08:52,0,0,0,0,0,1
4/10/2026,3:08:57,0,0,0,0,0,1
4/10/2026,3:09:02,0,0,0,0,0,1
4/10/2026,3:09:07,0,0,0,0,0,1
4/10/2026,3:09:09,0,0,0,0,0,0
4/10/2026,3:09:12,0,0,0,0,0,1
4/10/2026,3:09:17,0,0,0,0,0,1
4/10/2026,3:09:22,0,0,0,0,0,1
4/10/2026,3:09:27,0,0,0,0,0,1
4/10/2026,3:09:37,0,0,0,0,1,0
4/10/2026,3:09:42,0,0,0,1,1,0
4/10/2026,3:09:47,1,0,0,0,1,0
4/10/2026,3:09:52,0,0,1,0,1,0
4/10/2026,3:09:57,0,1,0,0,1,0
4/10/2026,3:10:02,0,0,0,0,0,1
4/10/2026,3:10:07,1,0,0,0,0,1
4/10/2026,3:10:09,0,0,0,0,0,0
4/10/2026,3:10:12,1,0,0,0,0,1
4/10/2026,3:10:17,0,0,0,0,0,1
4/10/2026,3:10:22,0,0,0,0,0,1
4/10/2026,3:10:27,0,0,0,0,0,1
4/10/2026,3:10:32,0,0,0,0,0,1
4/10/2026,3:10:37,0,0,0,0,0,1
4/10/2026,3:10:42,0,0,0,0,0,1
4/10/2026,3:10:47,0,0,0,0,0,1
4/10/2026,3:10:52,0,0,0,0,0,1
4/10/2026,3:10:57,0,0,0,0,0,1
4/10/2026,3:11:02,0,1,0,0,0,1
4/10/2026,3:11:07,0,1,0,0,0,1
4/10/2026,3:11:09,0,0,0,0,0,0
4/10/2026,3:11:12,0,1,0,0,0,1
4/10/2026,3:11:17,0,0,0,0,1,0
4/10/2026,3:11:22,1,0,0,0,1,0
4/10/2026,3:11:27,0,0,0,1,1,0
4/10/2026,3:11:32,0,1,0,1,1,0
4/10/2026,3:11:37,0,1,0,0,1,0
4/10/2026,3:11:42,0,1,0,0,1,0
4/10/2026,3:11:47,0,1,0,0,1,0
4/10/2026,3:11:52,0,0,1,0,1,0
4/10/2026,3:11:57,0,0,0,0,0,1
4/10/2026,3:12:02,0,0,0,0,0,1
4/10/2026,3:12:07,0,0,0,1,0,1
4/10/2026,3:12:09,0,0,0,0,0,0
4/10/2026,3:12:12,0,0,0,0,0,1
4/10/2026,3:12:17,1,0,0,0,0,1
4/10/2026,3:12:22,0,0,1,0,0,1
4/10/2026,3:12:27,0,1,0,0,0,1
4/10/2026,3:12:32,0,0,0,0,1,0
4/10/2026,3:12:37,1,0,0,0,1,0
4/10/2026,3:12:42,1,0,0,0,1,0
4/10/2026,3:12:47,0,0,1,0,1,0
4/10/2026,3:12:52,0,1,0,0,1,0
4/10/2026,3:12:57,0,0,0,0,0,1
4/10/2026,3:13:02,0,0,0,0,0,1
4/10/2026,3:13:07,0,1,0,0,0,1
4/10/2026,3:13:09,0,0,0,0,0,0
4/10/2026,3:13:12,0,1,0,0,0,1
4/10/2026,3:13:17,0,1,0,0,0,1
4/10/2026,3:13:22,1,0,0,0,0,1
4/10/2026,3:13:27,0,0,0,1,0,1
4/10/2026,3:13:32,0,1,0,0,0,1
4/10/2026,3:13:37,0,1,0,0,0,1
4/10/2026,3:13:42,0,1,0,0,0,1
4/10/2026,3:13:47,0,0,1,0,0,1
4/10/2026,3:13:52,0,0,0,0,0,1
4/10/2026,3:13:57,0,0,0,0,0,1
4/10/2026,3:14:02,0,0,0,0,0,1
4/10/2026,3:14:07,0,0,0,0,0,1
4/10/2026,3:14:09,0,0,0,0,0,0
4/10/2026,3:14:12,0,0,0,0,0,1
4/10/2026,3:14:17,0,0,0,0,0,1
4/10/2026,3:14:22,0,0,0,0,0,1
4/10/2026,3:14:27,0,0,0,0,0,1
4/10/2026,3:14:32,0,0,0,0,0,1
4/10/2026,3:14:37,0,0,0,0,0,1
4/10/2026,3:14:42,0,0,0,0,0,1
4/10/2026,3:14:47,0,0,0,0,0,1
4/10/2026,3:14:52,0,0,0,0,0,1
4/10/2026,3:14:57,0,0,0,0,0,1
4/10/2026,3:15:02,0,0,0,0,0,1
4/10/2026,3:15:07,0,0,0,0,0,1
4/10/2026,3:15:09,0,0,0,0,0,0
4/10/2026,3:15:12,0,0,0,0,0,1
4/10/2026,3:15:17,0,0,0,0,0,1
4/10/2026,3:15:22,0,0,0,0,0,1
4/10/2026,3:15:27,0,0,0,0,0,1
4/10/2026,3:15:32,0,0,0,0,0,1
4/10/2026,3:15:37,0,0,0,0,0,1
4/10/2026,3:15:42,0,0,0,0,0,1
4/10/2026,3:15:47,0,0,0,0,0,1
4/10/2026,3:15:52,0,0,0,0,0,1
4/10/2026,3:15:57,0,0,0,0,0,1
4/10/2026,3:16:02,0,0,0,0,0,1
4/10/2026,3:16:07,0,0,0,0,0,1
4/10/2026,3:16:09,0,0,0,0,0,0
4/10/2026,3:16:12,0,0,0,0,0,1
4/10/2026,3:16:17,0,0,0,0,0,1
4/10/2026,3:16:22,0,0,0,0,0,1
4/10/2026,3:16:27,0,0,0,0,0,1
4/10/2026,3:16:32,0,0,0,0,0,1
4/10/2026,3:16:37,0,0,0,0,0,1
4/10/2026,3:16:42,0,0,0,0,0,1
4/10/2026,3:16:47,0,0,0,0,0,1
4/10/2026,3:16:52,0,0,0,0,0,1
4/10/2026,3:16:57,0,0,0,0,0,1
4/10/2026,3:17:02,0,0,0,0,0,1
4/10/2026,3:17:07,0,0,0,0,0,1
4/10/2026,3:17:09,0,0,0,0,0,0
4/10/2026,3:17:12,0,0,0,0,0,1
4/10/2026,3:17:17,0,0,0,0,0,1
4/10/2026,3:17:22,0,0,0,0,0,1
4/10/2026,3:17:27,0,0,0,0,0,1
4/10/2026,3:17:32,0,0,0,0,0,1
4/10/2026,3:17:37,0,0,0,0,0,1
4/10/2026,3:17:42,0,0,0,0,0,1
4/10/2026,3:17:47,0,0,0,0,0,1
4/10/2026,3:17:52,0,0,0,0,0,1
4/10/2026,3:17:57,0,0,0,0,0,1
4/10/2026,3:18:02,0,0,0,0,0,1
4/10/2026,3:18:07,0,0,0,0,0,1
4/10/2026,3:18:09,0,0,0,0,0,0
4/10/2026,3:18:12,0,0,0,0,0,1
4/10/2026,3:18:17,0,0,0,0,0,1
4/10/2026,3:18:22,0,0,0,0,0,1
4/10/2026,3:18:27,0,0,0,0,0,1
4/10/2026,3:18:32,0,0,0,0,0,1
4/10/2026,3:18:37,0,0,0,0,0,1
4/10/2026,3:18:42,0,0,0,0,0,1
4/10/2026,3:18:47,0,0,0,0,0,1
4/10/2026,3:18:52,0,0,0,0,0,1
4/10/2026,3:18:57,0,0,0,0,0,1
4/10/2026,3:19:02,0,0,0,0,0,1
4/10/2026,3:19:07,0,0,0,0,0,1
4/10/2026,3:19:09,0,0,0,0,0,0
4/10/2026,3:19:12,0,0,0,0,0,1
4/10/2026,3:19:17,0,0,0,0,0,1
4/10/2026,3:19:30,0,0,0,0,0,1
4/10/2026,3:19:35,0,0,0,0,0,1
4/10/2026,3:19:40,0,0,0,0,0,1
4/10/2026,3:19:45,0,0,0,0,0,1
4/10/2026,3:19:50,0,0,0,0,0,1
4/10/2026,3:20:03,0,0,0,0,0,1
4/10/2026,3:20:08,0,0,0,0,0,1
4/10/2026,3:20:09,0,0,0,0,0,0
4/10/2026,3:20:13,0,0,0,0,0,1
4/10/2026,3:20:18,0,0,0,0,0,1
4/10/2026,3:20:23,0,0,0,0,0,1
4/10/2026,3:20:28,0,0,0,0,0,1
4/10/2026,3:20:33,0,0,0,0,0,1
4/10/2026,3:20:38,0,0,0,0,0,1
4/10/2026,3:20:43,0,0,0,0,0,1
4/10/2026,3:20:48,0,0,0,0,0,1
4/10/2026,3:20:53,0,0,0,0,0,1
4/10/2026,3:20:58,0,0,0,0,0,1
4/10/2026,3:21:03,0,0,0,0,0,1
4/10/2026,3:21:08,0,0,0,0,0,1
4/10/2026,3:21:09,0,0,0,0,0,0
4/10/2026,3:21:13,0,0,0,0,0,1
4/10/2026,3:21:18,0,0,0,0,0,1
4/10/2026,3:21:23,0,0,0,0,0,1
4/10/2026,3:21:28,0,0,0,0,0,1
4/10/2026,3:21:33,0,0,0,0,0,1
4/10/2026,3:21:38,0,0,0,0,0,1
4/10/2026,3:21:43,0,0,0,0,0,1
4/10/2026,3:21:48,0,0,0,0,0,1
4/10/2026,3:21:53,0,0,0,0,0,1
4/10/2026,3:21:58,0,0,0,0,0,1
4/10/2026,3:22:03,0,0,0,0,0,1
4/10/2026,3:22:08,0,0,0,0,0,1
4/10/2026,3:22:09,0,0,0,0,0,0
4/10/2026,3:22:13,0,0,0,0,0,1
4/10/2026,3:22:18,0,0,0,0,0,1
4/10/2026,3:22:23,0,0,0,0,0,1
4/10/2026,3:22:28,0,0,0,0,0,1
4/10/2026,3:22:33,0,0,0,0,0,1
4/10/2026,3:22:38,0,0,0,0,0,1
4/10/2026,3:22:43,0,0,0,0,0,1
4/10/2026,3:22:48,0,0,0,0,0,1
4/10/2026,3:22:53,0,0,0,0,0,1
4/10/2026,3:22:58,0,0,0,0,0,1
4/10/2026,3:23:03,0,0,0,0,0,1
4/10/2026,3:23:08,0,0,0,0,0,1
4/10/2026,3:23:09,0,0,0,0,0,0
4/10/2026,3:23:13,0,0,0,0,0,1
4/10/2026,3:23:18,0,0,0,0,0,1
4/10/2026,3:23:23,0,0,0,0,0,1
4/10/2026,3:23:28,0,0,0,0,0,1
4/10/2026,3:23:33,0,0,0,0,0,1
4/10/2026,3:23:38,0,0,0,0,0,1
4/10/2026,3:23:43,0,0,0,0,0,1
4/10/2026,3:23:48,0,0,0,0,0,1
4/10/2026,3:23:53,0,0,0,0,0,1
4/10/2026,3:23:58,0,0,0,0,0,1
4/10/2026,3:24:03,0,0,0,0,0,1
4/10/2026,3:24:08,0,0,0,0,0,1
4/10/2026,3:24:09,0,0,0,0,0,0
4/10/2026,3:24:13,0,0,0,0,0,1
4/10/2026,3:24:18,0,0,0,0,0,1
4/10/2026,3:24:23,0,0,0,0,0,1
4/10/2026,3:24:28,0,0,0,0,0,1
4/10/2026,3:24:33,0,0,0,0,0,1
4/10/2026,3:24:38,0,0,0,0,0,1
4/10/2026,3:24:43,0,0,0,0,0,1
4/10/2026,3:24:48,0,0,0,0,0,1
4/10/2026,3:24:53,0,0,0,0,0,1
4/10/2026,3:24:58,0,0,0,0,0,1
4/10/2026,3:25:03,0,0,0,0,0,1
4/10/2026,3:25:08,0,0,0,0,0,1
4/10/2026,3:25:09,0,0,0,0,0,0
4/10/2026,3:25:13,0,0,0,0,0,1
4/10/2026,3:25:18,0,0,0,0,0,1
4/10/2026,3:25:23,0,0,0,0,0,1
4/10/2026,3:25:28,0,0,0,0,0,1
4/10/2026,3:25:33,0,0,0,0,0,1
4/10/2026,3:25:38,0,0,0,0,0,1
4/10/2026,3:25:43,0,0,0,0,0,1
4/10/2026,3:25:48,0,0,0,0,0,1
4/10/2026,3:25:53,0,0,0,0,0,1
4/10/2026,3:25:58,0,0,0,0,0,1
4/10/2026,3:26:03,0,0,0,0,0,1
4/10/2026,3:26:08,0,0,0,0,0,1
4/10/2026,3:26:09,0,0,0,0,0,0
4/10/2026,3:26:13,0,0,0,0,0,1
4/10/2026,3:26:18,0,0,0,0,0,1
4/10/2026,3:26:23,0,0,0,0,0,1
4/10/2026,3:26:28,0,0,0,0,0,1
4/10/2026,3:26:33,0,0,0,0,0,1
4/10/2026,3:26:38,0,0,0,0,0,1
4/10/2026,3:26:43,0,0,0,0,0,1
4/10/2026,3:26:48,0,0,0,0,0,1
4/10/2026,3:26:53,0,0,0,0,0,1
4/10/2026,3:26:58,0,0,0,0,0,1
4/10/2026,3:27:03,0,0,0,0,0,1
4/10/2026,3:27:08,0,0,0,0,0,1
4/10/2026,3:27:09,0,0,0,0,0,0
4/10/2026,3:27:13,0,0,0,0,0,1
4/10/2026,3:27:18,0,0,0,0,0,1
4/10/2026,3:27:23,0,0,0,0,0,1
4/10/2026,3:27:28,0,0,0,0,0,1
4/10/2026,3:27:33,0,0,0,0,0,1
4/10/2026,3:27:38,0,0,0,0,0,1
4/10/2026,3:27:43,0,0,0,0,0,1
4/10/2026,3:27:48,0,0,0,0,0,1
4/10/2026,3:27:53,0,0,0,0,0,1
4/10/2026,3:27:58,0,0,0,0,0,1
4/10/2026,3:28:03,0,0,0,0,0,1
4/10/2026,3:28:08,0,0,0,0,0,1
4/10/2026,3:28:09,0,0,0,0,0,0
4/10/2026,3:28:13,0,0,0,0,0,1
4/10/2026,3:28:18,0,0,0,0,0,1
4/10/2026,3:28:23,0,0,0,0,0,1
4/10/2026,3:28:28,0,0,0,0,0,1
4/10/2026,3:28:33,0,0,0,0,0,1
4/10/2026,3:28:38,0,0,0,0,0,1
4/10/2026,3:28:43,0,0,0,0,0,1
4/10/2026,3:28:48,0,0,0,0,0,1
4/10/2026,3:28:53,0,0,0,0,0,1
4/10/2026,3:28:58,0,0,0,0,0,1
4/10/2026,3:29:03,0,0,0,0,0,1
4/10/2026,3:29:08,0,0,0,0,0,1
4/10/2026,3:29:09,0,0,0,0,0,0
4/10/2026,3:29:13,0,0,0,0,0,1
4/10/2026,3:29:18,0,0,0,0,0,1
4/10/2026,3:29:23,0,0,0,0,0,1
4/10/2026,3:29:28,0,0,0,0,0,1
4/10/2026,3:29:33,0,0,0,0,0,1
4/10/2026,3:29:38,0,0,0,0,0,1
4/10/2026,3:29:43,0,0,0,0,0,1
4/10/2026,3:29:48,0,0,0,0,0,1
4/10/2026,3:29:53,0,0,0,0,0,1
4/10/2026,3:29:58,0,0,0,0,0,1
4/10/2026,3:30:03,0,0,0,0,0,1
4/10/2026,3:30:08,0,0,0,0,0,1
4/10/2026,3:30:09,0,0,0,0,0,0
4/10/2026,3:30:13,0,0,0,0,0,1
4/10/2026,3:30:18,0,0,0,0,0,1
4/10/2026,3:30:23,0,0,0,0,0,1
4/10/2026,3:30:28,0,0,0,0,0,1
4/10/2026,3:30:33,0,0,0,0,0,1
4/10/2026,3:30:38,0,0,0,0,0,1
4/10/2026,3:30:43,0,0,0,0,0,1
4/10/2026,3:30:48,0,0,0,0,0,1
4/10/2026,3:30:53,0,0,0,0,0,1
4/10/2026,3:30:58,0,0,0,0,0,1
4/10/2026,3:31:03,0,0,0,0,0,1
4/10/2026,3:31:08,0,0,0,0,0,1
4/10/2026,3:31:09,0,0,0,0,0,0
4/10/2026,3:31:13,0,0,0,0,0,1
4/10/2026,3:31:18,0,0,0,0,0,1
4/10/2026,3:31:23,0,0,0,0,0,1
4/10/2026,3:31:28,0,0,0,0,0,1
4/10/2026,3:31:33,0,0,0,0,0,1
4/10/2026,3:31:38,0,0,0,0,0,1
4/10/2026,3:31:43,0,0,0,0,0,1
4/10/2026,3:31:48,0,0,0,0,0,1
4/10/2026,3:31:53,0,0,0,0,0,1
4/10/2026,3:31:58,0,0,0,0,0,1
4/10/2026,3:32:03,0,0,0,0,0,1
4/10/2026,3:32:08,0,0,0,0,0,1
4/10/2026,3:32:09,0,0,0,0,0,0
4/10/2026,3:32:13,0,0,0,0,0,1
4/10/2026,3:32:18,0,0,0,0,0,1
4/10/2026,3:32:23,0,0,0,0,0,1
4/10/2026,3:32:28,0,0,0,0,0,1
4/10/2026,3:32:33,0,0,0,0,0,1
4/10/2026,3:32:38,0,0,0,0,0,1
4/10/2026,3:32:43,0,0,0,0,0,1
4/10/2026,3:32:48,0,0,0,0,0,1
4/10/2026,3:32:53,0,0,0,0,0,1
4/10/2026,3:32:58,0,0,0,0,0,1
4/10/2026,3:33:03,0,0,0,0,0,1
4/10/2026,3:33:08,0,0,0,0,0,1
4/10/2026,3:33:09,0,0,0,0,0,0
4/10/2026,3:33:13,0,0,0,0,0,1
4/10/2026,3:33:18,0,0,0,0,0,1
4/10/2026,3:33:23,0,0,0,0,0,1
4/10/2026,3:33:28,0,0,0,0,0,1
4/10/2026,3:33:33,0,0,0,0,0,1
4/10/2026,3:33:38,0,0,0,0,0,1
4/10/2026,3:33:43,0,0,0,0,0,1
4/10/2026,3:33:48,0,0,0,0,0,1
4/10/2026,3:33:53,0,0,0,0,0,1
4/10/2026,3:33:58,0,0,0,0,0,1
4/10/2026,3:34:03,0,0,0,0,0,1
4/10/2026,3:34:08,0,0,0,0,0,1
4/10/2026,3:34:09,0,0,0,0,0,0
4/10/2026,3:34:13,0,0,0,0,0,1
4/10/2026,3:34:18,0,0,0,0,0,1
4/10/2026,3:34:23,0,0,0,0,0,1
4/10/2026,3:34:28,0,0,0,0,0,1
4/10/2026,3:34:33,0,0,0,0,0,1
4/10/2026,3:34:38,0,0,0,0,0,1
4/10/2026,3:34:43,0,0,0,0,0,1
4/10/2026,3:34:48,0,0,0,0,0,1
4/10/2026,3:34:53,0,0,0,0,0,1
4/10/2026,3:34:58,0,0,0,0,0,1
4/10/2026,3:35:03,0,0,0,0,0,1
4/10/2026,3:35:08,0,0,0,0,0,1
4/10/2026,3:35:09,0,0,0,0,0,0
4/10/2026,3:35:13,0,0,0,0,0,1
4/10/2026,3:35:18,0,0,0,0,0,1
4/10/2026,3:35:23,0,0,0,0,0,1
4/10/2026,3:35:28,0,0,0,0,0,1
4/10/2026,3:35:33,0,0,0,0,0,1
4/10/2026,3:35:38,0,0,0,0,0,1
4/10/2026,3:35:43,0,0,0,0,0,1
4/10/2026,3:35:48,0,0,0,0,0,1
4/10/2026,3:35:53,0,0,0,0,0,1
4/10/2026,3:35:58,0,0,0,0,0,1
4/10/2026,3:36:03,0,0,0,0,0,1
4/10/2026,3:36:08,0,0,0,0,0,1
4/10/2026,3:36:09,0,0,0,0,0,0
4/10/2026,3:36:13,0,0,0,0,0,1
4/10/2026,3:36:18,0,0,0,0,0,1
4/10/2026,3:36:23,0,0,0,0,0,1
4/10/2026,3:36:28,0,0,0,0,0,1
4/10/2026,3:36:33,0,0,0,0,0,1
4/10/2026,3:36:38,0,0,0,0,0,1
4/10/2026,3:36:43,0,0,0,0,0,1
4/10/2026,3:36:48,0,0,0,0,0,1
4/10/2026,3:36:53,0,0,0,0,0,1
4/10/2026,3:36:58,0,0,0,0,0,1
4/10/2026,3:37:03,0,0,0,0,0,1
4/10/2026,3:37:08,0,0,0,0,0,1
4/10/2026,3:37:09,0,0,0,0,0,0
4/10/2026,3:37:13,0,0,0,0,0,1
4/10/2026,3:37:18,0,0,0,0,0,1
4/10/2026,3:37:23,0,0,0,0,0,1
4/10/2026,3:37:28,0,0,0,0,0,1
4/10/2026,3:37:33,0,0,0,0,0,1
4/10/2026,3:37:38,0,0,0,0,0,1
4/10/2026,3:37:43,0,0,0,0,0,1
4/10/2026,3:37:48,0,0,0,0,0,1
4/10/2026,3:37:53,0,0,0,0,0,1
4/10/2026,3:37:58,0,0,0,0,0,1
4/10/2026,3:38:03,0,0,0,0,0,1
4/10/2026,3:38:08,0,0,0,0,0,1
4/10/2026,3:38:09,0,0,0,0,0,0
4/10/2026,3:38:13,0,0,0,0,0,1
4/10/2026,3:38:18,0,0,0,0,0,1
4/10/2026,3:38:23,0,0,0,0,0,1
4/10/2026,3:38:28,0,0,0,0,0,1
4/10/2026,3:38:33,0,0,0,0,0,1
4/10/2026,3:38:38,0,0,0,0,0,1
4/10/2026,3:38:43,0,0,0,0,0,1
4/10/2026,3:38:48,0,0,0,0,0,1
4/10/2026,3:38:53,0,0,0,0,0,1
4/10/2026,3:38:58,0,0,0,0,0,1
4/10/2026,3:39:03,0,0,0,0,0,1
4/10/2026,3:39:08,0,0,0,0,0,1
4/10/2026,3:39:09,0,0,0,0,0,0
4/10/2026,3:39:13,0,0,0,0,0,1
4/10/2026,3:39:18,0,0,0,0,0,1
4/10/2026,3:39:23,0,0,0,0,0,1
4/10/2026,3:39:28,0,0,0,0,0,1
4/10/2026,3:39:33,0,0,0,0,0,1
4/10/2026,3:39:38,0,0,0,0,0,1
4/10/2026,3:39:43,0,0,0,0,0,1
4/10/2026,3:39:48,0,0,0,0,0,1
4/10/2026,3:39:53,0,0,0,0,0,1
4/10/2026,3:39:58,0,0,0,0,0,1
4/10/2026,3:40:03,0,0,0,0,0,1
4/10/2026,3:40:08,0,0,0,0,0,1
4/10/2026,3:40:09,0,0,0,0,0,0
4/10/2026,3:40:13,0,0,0,0,0,1
4/10/2026,3:40:18,0,0,0,0,0,1
4/10/2026,3:40:23,0,0,0,0,0,1
4/10/2026,3:40:28,0,0,0,0,0,1
4/10/2026,3:40:33,0,0,0,0,0,1
4/10/2026,3:40:38,0,0,0,0,0,1
4/10/2026,3:40:43,0,0,0,0,0,1
4/10/2026,3:40:48,0,0,0,0,0,1
4/10/2026,3:40:53,0,0,0,0,0,1
4/10/2026,3:40:58,0,0,0,0,0,1
4/10/2026,3:41:03,0,0,0,0,0,1
4/10/2026,3:41:08,0,0,0,0,0,1
4/10/2026,3:41:09,0,0,0,0,0,0
4/10/2026,3:41:13,0,0,0,0,0,1
4/10/2026,3:41:18,0,0,0,0,0,1
4/10/2026,3:41:23,0,0,0,0,0,1
4/10/2026,3:41:28,0,0,0,0,0,1
4/10/2026,3:41:33,0,0,0,0,0,1
4/10/2026,3:41:38,0,0,0,0,0,1
4/10/2026,3:41:43,0,0,0,0,0,1
4/10/2026,3:41:48,0,0,0,0,0,1
4/10/2026,3:41:53,0,0,0,0,0,1
4/10/2026,3:41:58,0,0,0,0,0,1
4/10/2026,3:42:03,0,0,0,0,0,1
4/10/2026,3:42:08,0,0,0,0,0,1
4/10/2026,3:42:09,0,0,0,0,0,0
4/10/2026,3:42:13,0,0,0,0,0,1
4/10/2026,3:42:18,0,0,0,0,0,1
4/10/2026,3:42:23,0,0,0,0,0,1
4/10/2026,3:42:28,0,0,0,0,0,1
4/10/2026,3:42:33,0,0,0,0,0,1
4/10/2026,3:42:38,0,0,0,0,0,1
4/10/2026,3:42:43,0,0,0,0,0,1
4/10/2026,3:42:48,0,0,0,0,0,1
4/10/2026,3:42:53,0,0,0,0,0,1
4/10/2026,3:42:58,0,0,0,0,0,1
4/10/2026,3:43:03,0,0,0,0,0,1
4/10/2026,3:43:08,0,0,0,0,0,1
4/10/2026,3:43:09,0,0,0,0,0,0
4/10/2026,3:43:13,0,0,0,0,0,1
4/10/2026,3:43:18,0,0,0,0,0,1
4/10/2026,3:43:23,0,0,0,0,0,1
4/10/2026,3:43:28,0,0,0,0,0,1
4/10/2026,3:43:33,0,0,0,0,0,1
4/10/2026,3:43:38,0,0,0,0,0,1
4/10/2026,3:43:43,0,0,0,0,0,1
4/10/2026,3:43:48,0,0,0,0,0,1
4/10/2026,3:43:53,0,0,0,0,0,1
4/10/2026,3:43:58,0,0,0,0,0,1
4/10/2026,3:44:03,0,0,0,0,0,1
4/10/2026,3:44:08,0,0,0,0,0,1
4/10/2026,3:44:09,0,0,0,0,0,0
4/10/2026,3:44:13,0,0,0,0,0,1
4/10/2026,3:44:18,0,0,0,0,0,1
4/10/2026,3:44:23,0,0,0,0,0,1
4/10/2026,3:44:28,0,0,0,0,0,1
4/10/2026,3:44:33,0,0,0,0,0,1
4/10/2026,3:44:38,0,0,0,0,0,1
4/10/2026,3:44:43,0,0,0,0,0,1
4/10/2026,3:44:48,0,0,0,0,0,1
4/10/2026,3:44:53,0,0,0,0,0,1
4/10/2026,3:44:58,0,0,0,0,0,1
4/10/2026,3:45:03,0,0,0,0,0,1
4/10/2026,3:45:08,0,0,0,0,0,1
4/10/2026,3:45:09,0,0,0,0,0,0
4/10/2026,3:45:13,0,0,0,0,0,1
4/10/2026,3:45:18,0,0,0,0,0,1
4/10/2026,3:45:23,0,0,0,0,0,1
4/10/2026,3:45:28,0,0,0,0,0,1
4/10/2026,3:45:33,0,0,0,0,0,1
4/10/2026,3:45:38,0,0,0,0,0,1
4/10/2026,3:45:43,0,0,0,0,0,1
4/10/2026,3:45:48,0,0,0,0,0,1
4/10/2026,3:45:53,0,0,0,0,0,1
4/10/2026,3:45:58,0,0,0,0,0,1
4/10/2026,3:46:03,0,0,0,0,0,1
4/10/2026,3:46:08,0,0,0,0,0,1
4/10/2026,3:46:09,0,0,0,0,0,0
4/10/2026,3:46:13,0,0,0,0,0,1
4/10/2026,3:46:18,0,0,0,0,0,1
4/10/2026,3:46:23,0,0,0,0,0,1
4/10/2026,3:46:28,0,0,0,0,0,1
4/10/2026,3:46:33,0,0,0,0,0,1
4/10/2026,3:46:38,0,0,0,0,0,1
4/10/2026,3:46:43,0,0,0,0,0,1
4/10/2026,3:46:48,0,0,0,0,0,1
4/10/2026,3:46:53,0,0,0,0,0,1
4/10/2026,3:46:58,0,0,0,0,0,1
4/10/2026,3:47:03,0,0,0,0,0,1
4/10/2026,3:47:08,0,0,0,0,0,1
4/10/2026,3:47:09,0,0,0,0,0,0
4/10/2026,3:47:13,0,0,0,0,0,1
4/10/2026,3:47:18,0,0,0,0,0,1
4/10/2026,3:47:23,0,0,0,0,0,1
4/10/2026,3:47:28,0,0,0,0,0,1
4/10/2026,3:47:33,0,0,0,0,0,1
4/10/2026,3:47:38,0,0,0,0,0,1
4/10/2026,3:47:43,0,0,0,0,0,1
4/10/2026,3:47:48,0,0,0,0,0,1
4/10/2026,3:47:53,0,0,0,0,0,1
4/10/2026,3:47:58,0,0,0,0,0,1
4/10/2026,3:48:03,0,0,0,0,0,1
4/10/2026,3:48:08,0,0,0,0,0,1
4/10/2026,3:48:09,0,0,0,0,0,0
4/10/2026,3:48:13,0,0,0,0,0,1
4/10/2026,3:48:18,0,0,0,0,0,1
4/10/2026,3:48:23,0,0,0,0,0,1
4/10/2026,3:48:28,0,0,0,0,0,1
4/10/2026,3:48:33,0,0,0,0,0,1
4/10/2026,3:48:38,0,0,0,0,0,1
4/10/2026,3:48:43,0,0,0,0,0,1
4/10/2026,3:48:48,0,0,0,0,0,1
4/10/2026,3:48:53,0,0,0,0,0,1
4/10/2026,3:48:58,0,0,0,0,0,1
4/10/2026,3:49:03,0,0,0,0,0,1
4/10/2026,3:49:08,0,0,0,0,0,1
4/10/2026,3:49:09,0,0,0,0,0,0
4/10/2026,3:49:13,0,0,0,0,0,1
4/10/2026,3:49:18,0,0,0,0,0,1
4/10/2026,3:49:23,0,0,0,0,0,1
4/10/2026,3:49:28,0,0,0,0,0,1
4/10/2026,3:49:33,0,0,0,0,0,1
4/10/2026,3:49:38,0,0,0,0,0,1
4/10/2026,3:49:43,0,0,0,0,0,1
4/10/2026,3:49:48,0,0,0,0,0,1
4/10/2026,3:49:53,0,0,0,0,0,1
4/10/2026,3:49:58,0,0,0,0,0,1
4/10/2026,3:50:03,0,0,0,0,0,1
4/10/2026,3:50:08,0,0,0,0,0,1
4/10/2026,3:50:09,0,0,0,0,0,0
4/10/2026,3:50:13,0,0,0,0,0,1
4/10/2026,3:50:18,0,0,0,0,0,1
4/10/2026,3:50:23,0,0,0,0,0,1
4/10/2026,3:50:28,0,0,0,0,0,1
4/10/2026,3:50:33,0,0,0,0,0,1
4/10/2026,3:50:38,0,0,0,0,0,1
4/10/2026,3:50:43,0,0,0,0,0,1
4/10/2026,3:50:48,0,0,0,0,0,1
4/10/2026,3:50:53,0,0,0,0,0,1
4/10/2026,3:50:58,0,0,0,0,0,1
4/10/2026,3:51:03,0,0,0,0,0,1
4/10/2026,3:51:08,0,0,0,0,0,1
4/10/2026,3:51:09,0,0,0,0,0,0
4/10/2026,3:51:13,0,0,0,0,0,1
4/10/2026,3:51:18,0,0,0,0,0,1
4/10/2026,3:51:23,0,0,0,0,0,1
4/10/2026,3:51:28,0,0,0,0,0,1
4/10/2026,3:51:33,0,0,0,0,0,1
4/10/2026,3:51:38,0,0,0,0,0,1
4/10/2026,3:51:43,0,0,0,0,0,1
4/10/2026,3:51:48,0,0,0,0,0,1
4/10/2026,3:51:53,0,0,0,0,0,1
4/10/2026,3:51:58,0,0,0,0,0,1
4/10/2026,3:52:09,0,0,0,0,0,0
4/10/2026,3:52:11,0,0,0,0,0,1
4/10/2026,3:52:16,0,0,0,0,0,1
4/10/2026,3:52:21,0,0,0,0,0,1
4/10/2026,3:52:26,0,0,0,0,0,1
4/10/2026,3:52:31,0,0,0,0,0,1
4/10/2026,3:52:36,0,0,0,0,0,1
4/10/2026,3:52:41,0,0,0,0,0,1
4/10/2026,3:52:46,0,0,0,0,0,1
4/10/2026,3:52:51,0,0,0,0,0,1
4/10/2026,3:52:56,0,0,0,0,0,1
4/10/2026,3:53:01,0,0,0,0,0,1
4/10/2026,3:53:06,0,0,0,0,0,1
4/10/2026,3:53:09,0,0,0,0,0,0
4/10/2026,3:53:11,0,0,0,0,0,1
4/10/2026,3:53:16,0,0,0,0,0,1
4/10/2026,3:53:21,0,0,0,0,0,1
4/10/2026,3:53:26,0,0,0,0,0,1
4/10/2026,3:53:31,0,0,0,0,0,1
4/10/2026,3:53:36,0,0,0,0,0,1
4/10/2026,3:53:41,0,0,0,0,0,1
4/10/2026,3:53:46,0,0,0,0,0,1
4/10/2026,3:53:51,0,0,0,0,0,1
4/10/2026,3:53:56,0,0,0,0,0,1
4/10/2026,3:54:01,0,0,0,0,0,1
4/10/2026,3:54:06,0,0,0,0,0,1
4/10/2026,3:54:09,0,0,0,0,0,0
4/10/2026,3:54:11,0,0,0,0,0,1
4/10/2026,3:54:16,0,0,0,0,0,1
4/10/2026,3:54:21,0,0,0,0,0,1
4/10/2026,3:54:26,0,0,0,0,0,1
4/10/2026,3:54:31,0,0,0,0,0,1
4/10/2026,3:54:36,0,0,0,0,0,1
4/10/2026,3:54:41,0,0,0,0,0,1
4/10/2026,3:54:46,0,0,0,0,0,1
4/10/2026,3:54:51,0,0,0,0,0,1
4/10/2026,3:54:56,0,0,0,0,0,1
4/10/2026,3:55:01,0,0,0,0,0,1
4/10/2026,3:55:06,0,0,0,0,0,1
4/10/2026,3:55:09,0,0,0,0,0,0
4/10/2026,3:55:11,0,0,0,0,0,1
4/10/2026,3:55:16,0,0,0,0,0,1
4/10/2026,3:55:21,0,0,0,0,0,1
4/10/2026,3:55:26,0,0,0,0,0,1
4/10/2026,3:55:31,0,0,0,0,0,1
4/10/2026,3:55:36,0,0,0,0,0,1
4/10/2026,3:55:41,0,0,0,0,0,1
4/10/2026,3:55:46,0,0,0,0,0,1
4/10/2026,3:55:51,0,0,0,0,0,1
4/10/2026,3:55:56,0,0,0,0,0,1
4/10/2026,3:56:01,0,0,0,0,0,1
4/10/2026,3:56:06,0,0,0,0,0,1
4/10/2026,3:56:09,0,0,0,0,0,0
4/10/2026,3:56:11,0,0,0,0,0,1
4/10/2026,3:56:16,0,0,0,0,0,1
4/10/2026,3:56:21,0,0,0,0,0,1
4/10/2026,3:56:26,0,0,0,0,0,1
4/10/2026,3:56:31,0,0,0,0,0,1
4/10/2026,3:56:36,0,0,0,0,0,1
4/10/2026,3:56:41,0,0,0,0,0,1
4/10/2026,3:56:46,0,0,0,0,0,1
4/10/2026,3:56:51,0,0,0,0,0,1
4/10/2026,3:56:56,0,0,0,0,0,1
4/10/2026,3:57:01,0,0,0,0,0,1
4/10/2026,3:57:06,0,0,0,0,0,1
4/10/2026,3:57:09,0,0,0,0,0,0
4/10/2026,3:57:11,0,0,0,0,0,1
4/10/2026,3:57:16,0,0,0,0,0,1
4/10/2026,3:57:21,0,0,0,0,0,1
4/10/2026,3:57:26,0,0,0,0,0,1
4/10/2026,3:57:31,0,0,0,0,0,1
4/10/2026,3:57:36,0,0,0,0,0,1
4/10/2026,3:57:41,0,0,0,0,0,1
4/10/2026,3:57:46,0,0,0,0,0,1
4/10/2026,3:57:51,0,0,0,0,0,1
4/10/2026,3:57:56,0,0,0,0,0,1
4/10/2026,3:58:02,0,0,0,0,0,1
4/10/2026,3:58:07,0,0,0,0,0,1
4/10/2026,3:58:09,0,0,0,0,0,0
4/10/2026,3:58:12,0,0,0,0,0,1
4/10/2026,3:58:17,0,0,0,0,0,1
4/10/2026,3:58:22,0,0,0,0,0,1
4/10/2026,3:58:27,0,0,0,0,0,1
4/10/2026,3:58:32,0,0,0,0,0,1
4/10/2026,3:58:37,0,0,0,0,0,1
4/10/2026,3:58:42,0,0,0,0,0,1
4/10/2026,3:58:47,0,0,0,0,0,1
4/10/2026,3:58:52,0,0,0,0,0,1
4/10/2026,3:58:57,0,0,0,0,0,1
4/10/2026,3:59:02,0,0,0,0,0,1
4/10/2026,3:59:07,0,0,0,0,0,1
4/10/2026,3:59:09,0,0,0,0,0,0
4/10/2026,3:59:12,0,0,0,0,0,1
4/10/2026,3:59:17,0,0,0,0,0,1
4/10/2026,3:59:22,0,0,0,0,0,1
4/10/2026,3:59:27,0,0,0,0,0,1
4/10/2026,3:59:32,0,0,0,0,0,1
4/10/2026,3:59:37,0,0,0,0,0,1
4/10/2026,3:59:42,0,0,0,0,0,1
4/10/2026,3:59:47,0,0,0,0,0,1
4/10/2026,3:59:52,0,0,0,0,0,1
4/10/2026,3:59:57,0,0,0,0,0,1
4/10/2026,4:00:02,0,0,0,0,0,1
4/10/2026,4:00:07,0,0,0,0,0,1
4/10/2026,4:00:09,0,0,0,0,0,0
4/10/2026,4:00:12,0,0,0,0,0,1
4/10/2026,4:00:17,0,0,0,0,0,1
4/10/2026,4:00:22,0,0,0,0,0,1
4/10/2026,4:00:27,0,0,0,0,0,1
4/10/2026,4:00:32,0,0,0,0,0,1
4/10/2026,4:00:37,0,0,0,0,0,1
4/10/2026,4:00:42,0,0,0,0,0,1
4/10/2026,4:00:47,0,0,0,0,0,1
4/10/2026,4:00:52,0,0,0,0,0,1
4/10/2026,4:00:57,0,0,0,0,0,1
4/10/2026,4:01:09,0,0,0,0,0,0
4/10/2026,4:01:10,0,0,0,0,0,1
4/10/2026,4:01:15,0,0,0,0,0,1
4/10/2026,4:01:20,0,0,0,0,0,1
4/10/2026,4:01:25,0,0,0,0,0,1
4/10/2026,4:01:30,0,0,0,0,0,1
4/10/2026,4:01:35,0,0,0,0,0,1
4/10/2026,4:01:40,0,0,0,0,0,1
4/10/2026,4:01:45,0,0,0,0,0,1
4/10/2026,4:01:50,0,0,0,0,0,1
4/10/2026,4:01:55,0,0,0,0,0,1
4/10/2026,4:02:00,0,0,0,0,0,1
4/10/2026,4:02:05,0,0,0,0,0,1
4/10/2026,4:02:09,0,0,0,0,0,0
4/10/2026,4:02:10,0,0,0,0,0,1
4/10/2026,4:02:15,0,0,0,0,0,1
4/10/2026,4:02:20,0,0,0,0,0,1
4/10/2026,4:02:25,0,0,0,0,0,1
4/10/2026,4:02:30,0,0,0,0,0,1
4/10/2026,4:02:35,0,0,0,0,0,1
4/10/2026,4:02:40,0,0,0,0,0,1
4/10/2026,4:02:45,0,0,0,0,0,1
4/10/2026,4:02:50,0,0,0,0,0,1
4/10/2026,4:02:55,0,0,0,0,0,1
4/10/2026,4:03:00,0,0,0,0,0,1
4/10/2026,4:03:05,0,0,0,0,0,1
4/10/2026,4:03:09,0,0,0,0,0,0
4/10/2026,4:03:10,0,0,0,0,0,1
4/10/2026,4:03:15,0,0,0,0,0,1
4/10/2026,4:03:20,0,0,0,0,0,1
4/10/2026,4:03:25,0,0,0,0,0,1
4/10/2026,4:03:30,0,0,0,0,0,1
4/10/2026,4:03:35,0,0,0,0,0,1
4/10/2026,4:03:40,0,0,0,0,0,1
4/10/2026,4:03:45,0,0,0,0,0,1
4/10/2026,4:03:50,0,0,0,0,0,1
4/10/2026,4:03:55,0,0,0,0,0,1
4/10/2026,4:04:00,0,0,0,0,0,1
4/10/2026,4:04:05,0,0,0,0,0,1
4/10/2026,4:04:09,0,0,0,0,0,0
4/10/2026,4:04:10,0,0,0,0,0,1
4/10/2026,4:04:15,0,0,0,0,0,1
4/10/2026,4:04:20,0,0,0,0,0,1
4/10/2026,4:04:25,0,0,0,0,0,1
4/10/2026,4:04:30,0,0,0,0,0,1
4/10/2026,4:04:35,0,0,0,0,0,1
4/10/2026,4:04:40,0,0,0,0,0,1
4/10/2026,4:04:45,0,0,0,0,0,1
4/10/2026,4:04:50,0,0,0,0,0,1
4/10/2026,4:04:55,0,0,0,0,0,1
4/10/2026,4:05:00,0,0,0,0,0,1
4/10/2026,4:05:05,0,0,0,0,0,1
4/10/2026,4:05:09,0,0,0,0,0,0
4/10/2026,4:05:10,0,0,0,0,0,1
4/10/2026,4:05:15,0,0,0,0,0,1
4/10/2026,4:05:20,0,0,0,0,0,1
4/10/2026,4:05:25,0,0,0,0,0,1
4/10/2026,4:05:30,0,0,0,0,0,1
4/10/2026,4:05:35,0,0,0,0,0,1
4/10/2026,4:05:40,0,0,0,0,0,1
4/10/2026,4:05:45,0,0,0,0,0,1
4/10/2026,4:05:50,0,0,0,0,0,1
4/10/2026,4:05:55,0,0,0,0,0,1
4/10/2026,4:06:00,0,0,0,0,0,1
4/10/2026,4:06:05,0,0,0,0,0,1
4/10/2026,4:06:09,0,0,0,0,0,0
4/10/2026,4:06:10,0,0,0,0,0,1
4/10/2026,4:06:15,0,0,0,0,0,1
4/10/2026,4:06:20,0,0,0,0,0,1
4/10/2026,4:06:25,0,0,0,0,0,1
4/10/2026,4:06:30,0,0,0,0,0,1
4/10/2026,4:06:35,0,0,0,0,0,1
4/10/2026,4:06:40,0,0,0,0,0,1
4/10/2026,4:06:45,0,0,0,0,0,1
4/10/2026,4:06:50,0,0,0,0,0,1
4/10/2026,4:06:55,0,0,0,0,0,1
4/10/2026,4:07:00,0,0,0,0,0,1
4/10/2026,4:07:05,0,0,0,0,0,1
4/10/2026,4:07:09,0,0,0,0,0,0
4/10/2026,4:07:10,0,0,0,0,0,1
4/10/2026,4:07:15,0,0,0,0,0,1
4/10/2026,4:07:20,0,0,0,0,0,1
4/10/2026,4:07:25,0,0,0,0,0,1
4/10/2026,4:07:30,0,0,0,0,0,1
4/10/2026,4:07:35,0,0,0,0,0,1
4/10/2026,4:07:40,0,0,0,0,0,1
4/10/2026,4:07:45,0,0,0,0,0,1
4/10/2026,4:07:50,0,0,0,0,0,1
4/10/2026,4:07:55,0,0,0,0,0,1
4/10/2026,4:08:00,0,0,0,0,0,1
4/10/2026,4:08:05,0,0,0,0,0,1
4/10/2026,4:08:09,0,0,0,0,0,0
4/10/2026,4:08:10,0,0,0,0,0,1
4/10/2026,4:08:15,0,0,0,0,0,1
4/10/2026,4:08:20,0,0,0,0,0,1
4/10/2026,4:08:25,0,0,0,0,0,1
4/10/2026,4:08:30,0,0,0,0,0,1
4/10/2026,4:08:35,0,0,0,0,0,1
4/10/2026,4:08:40,0,0,0,0,0,1
4/10/2026,4:08:45,0,0,0,0,0,1
4/10/2026,4:08:50,0,0,0,0,0,1
4/10/2026,4:08:55,0,0,0,0,0,1
4/10/2026,4:09:00,0,0,0,0,0,1
4/10/2026,4:09:05,0,0,0,0,0,1
4/10/2026,4:09:10,0,0,0,0,0,1
4/10/2026,4:09:15,0,0,0,0,0,1
4/10/2026,4:09:20,0,0,0,0,0,1
4/10/2026,4:09:25,0,0,0,0,0,1
4/10/2026,4:09:30,0,0,0,0,0,1
4/10/2026,4:09:35,0,0,0,0,0,1
4/10/2026,4:09:40,0,0,0,0,0,1
4/10/2026,4:09:45,0,0,0,0,0,1
4/10/2026,4:09:50,0,0,0,0,0,1
4/10/2026,4:09:55,0,0,0,0,0,1
4/10/2026,4:10:00,0,0,0,0,0,1
4/10/2026,4:10:05,0,0,0,0,0,1
4/10/2026,4:10:10,0,0,0,0,0,1
4/10/2026,4:10:10,0,0,0,0,0,0
4/10/2026,4:10:15,0,0,0,0,0,1
4/10/2026,4:10:20,0,0,0,0,0,1
4/10/2026,4:10:25,0,0,0,0,0,1
4/10/2026,4:10:30,0,0,0,0,0,1
4/10/2026,4:10:35,0,0,0,0,0,1
4/10/2026,4:10:40,0,0,0,0,0,1
4/10/2026,4:10:45,0,0,0,0,0,1
4/10/2026,4:10:50,0,0,0,0,0,1
4/10/2026,4:10:55,0,0,0,0,0,1
4/10/2026,4:11:00,0,0,0,0,0,1
4/10/2026,4:11:05,0,0,0,0,0,1
4/10/2026,4:11:10,0,0,0,0,0,1
4/10/2026,4:11:10,0,0,0,0,0,0
4/10/2026,4:11:15,0,0,0,0,0,1
4/10/2026,4:11:20,0,0,0,0,0,1
4/10/2026,4:11:25,0,0,0,0,0,1
4/10/2026,4:11:30,0,0,0,0,0,1
4/10/2026,4:11:35,0,0,0,0,0,1
4/10/2026,4:11:40,0,0,0,0,0,1
4/10/2026,4:11:45,0,0,0,0,0,1
4/10/2026,4:11:50,0,0,0,0,0,1
4/10/2026,4:11:55,0,0,0,0,0,1
4/10/2026,4:12:00,0,0,0,0,0,1
4/10/2026,4:12:05,0,0,0,0,0,1
4/10/2026,4:12:10,0,0,0,0,0,1
4/10/2026,4:12:10,0,0,0,0,0,0
4/10/2026,4:12:15,0,0,0,0,0,1
4/10/2026,4:12:20,0,0,0,0,0,1
4/10/2026,4:12:25,0,0,0,0,0,1
4/10/2026,4:12:30,0,0,0,0,0,1
4/10/2026,4:12:35,0,0,0,0,0,1
4/10/2026,4:12:40,0,0,0,0,0,1
4/10/2026,4:12:45,0,0,0,0,0,1
4/10/2026,4:12:50,0,0,0,0,0,1
4/10/2026,4:12:55,0,0,0,0,0,1
4/10/2026,4:13:00,0,0,0,0,0,1
4/10/2026,4:13:05,0,0,0,0,0,1
4/10/2026,4:13:10,0,0,0,0,0,1
4/10/2026,4:13:10,0,0,0,0,0,0
4/10/2026,4:13:15,0,0,0,0,0,1
4/10/2026,4:13:20,0,0,0,0,0,1
4/10/2026,4:13:25,0,0,0,0,0,1
4/10/2026,4:13:30,0,0,0,0,0,1
4/10/2026,4:13:35,0,0,0,0,0,1
4/10/2026,4:13:40,0,0,0,0,0,1
4/10/2026,4:13:45,0,0,0,0,0,1
4/10/2026,4:13:50,0,0,0,0,0,1
4/10/2026,4:13:55,0,0,0,0,0,1
4/10/2026,4:14:00,0,0,0,0,0,1
4/10/2026,4:14:05,0,0,0,0,0,1
4/10/2026,4:14:10,0,0,0,0,0,1
4/10/2026,4:14:10,0,0,0,0,0,0
4/10/2026,4:14:15,0,0,0,0,0,1
4/10/2026,4:14:20,0,0,0,0,0,1
4/10/2026,4:14:25,0,0,0,0,0,1
4/10/2026,4:14:30,0,0,0,0,0,1
4/10/2026,4:14:35,0,0,0,0,0,1
4/10/2026,4:14:40,0,0,0,0,0,1
4/10/2026,4:14:45,0,0,0,0,0,1
4/10/2026,4:14:50,0,0,0,0,0,1
4/10/2026,4:14:55,0,0,0,0,0,1
4/10/2026,4:15:00,0,0,0,0,0,1
4/10/2026,4:15:10,0,0,0,0,0,0
4/10/2026,4:15:13,0,0,0,0,0,1
4/10/2026,4:15:18,0,0,0,0,0,1
4/10/2026,4:15:23,0,0,0,0,0,1
4/10/2026,4:15:28,0,0,0,0,0,1
4/10/2026,4:15:33,0,0,0,0,0,1
4/10/2026,4:15:38,0,0,0,0,0,1
4/10/2026,4:15:43,0,0,0,0,0,1
4/10/2026,4:15:48,0,0,0,0,0,1
4/10/2026,4:15:53,0,0,0,0,0,1
4/10/2026,4:15:58,0,0,0,0,0,1
4/10/2026,4:16:03,0,0,0,0,0,1
4/10/2026,4:16:08,0,0,0,0,0,1
4/10/2026,4:16:10,0,0,0,0,0,0
4/10/2026,4:16:13,0,0,0,0,0,1
4/10/2026,4:16:18,0,0,0,0,0,1
4/10/2026,4:16:23,0,0,0,0,0,1
4/10/2026,4:16:28,0,0,0,0,0,1
4/10/2026,4:16:33,0,0,0,0,0,1
4/10/2026,4:16:38,0,0,0,0,0,1
4/10/2026,4:16:43,0,0,0,0,0,1
4/10/2026,4:16:48,0,0,0,0,0,1
4/10/2026,4:16:53,0,0,0,0,0,1
4/10/2026,4:16:58,0,0,0,0,0,1
4/10/2026,4:17:03,0,0,0,0,0,1
4/10/2026,4:17:08,0,0,0,0,0,1
4/10/2026,4:17:10,0,0,0,0,0,0
4/10/2026,4:17:13,0,0,0,0,0,1
4/10/2026,4:17:18,0,0,0,0,0,1
4/10/2026,4:17:23,0,0,0,0,0,1
4/10/2026,4:17:28,0,0,0,0,0,1
4/10/2026,4:17:33,0,0,0,0,0,1
4/10/2026,4:17:38,0,0,0,0,0,1
4/10/2026,4:17:43,0,0,0,0,0,1
4/10/2026,4:17:48,0,0,0,0,0,1
4/10/2026,4:17:53,0,0,0,0,0,1
4/10/2026,4:17:58,0,0,0,0,0,1
4/10/2026,4:18:03,0,0,0,0,0,1
4/10/2026,4:18:08,0,0,0,0,0,1
4/10/2026,4:18:10,0,0,0,0,0,0
4/10/2026,4:18:13,0,0,0,0,0,1
4/10/2026,4:18:18,0,0,0,0,0,1
4/10/2026,4:18:23,0,0,0,0,0,1
4/10/2026,4:18:28,0,0,0,0,0,1
4/10/2026,4:18:33,0,0,0,0,0,1
4/10/2026,4:18:38,0,0,0,0,0,1
4/10/2026,4:18:43,0,0,0,0,0,1
4/10/2026,4:18:48,0,0,0,0,0,1
4/10/2026,4:18:53,0,0,0,0,0,1
4/10/2026,4:18:58,0,0,0,0,0,1
4/10/2026,4:19:03,0,0,0,0,0,1
4/10/2026,4:19:08,0,0,0,0,0,1
4/10/2026,4:19:10,0,0,0,0,0,0
4/10/2026,4:19:13,0,0,0,0,0,1
4/10/2026,4:19:18,0,0,0,0,0,1
4/10/2026,4:19:23,0,0,0,0,0,1
4/10/2026,4:19:28,0,0,0,0,0,1
4/10/2026,4:19:33,0,0,0,0,0,1
4/10/2026,4:19:38,0,0,0,0,0,1
4/10/2026,4:19:43,0,0,0,0,0,1
4/10/2026,4:19:48,0,0,0,0,0,1
4/10/2026,4:19:53,0,0,0,0,0,1
4/10/2026,4:19:58,0,0,0,0,0,1
4/10/2026,4:20:03,0,0,0,0,0,1
4/10/2026,4:20:08,0,0,0,0,0,1
4/10/2026,4:20:10,0,0,0,0,0,0
4/10/2026,4:20:13,0,0,0,0,0,1
4/10/2026,4:20:18,0,0,0,0,0,1
4/10/2026,4:20:23,0,0,0,0,0,1
4/10/2026,4:20:28,0,0,0,0,0,1
4/10/2026,4:20:33,0,0,0,0,0,1
4/10/2026,4:20:38,0,0,0,0,0,1
4/10/2026,4:20:43,0,0,0,0,0,1
4/10/2026,4:20:48,0,0,0,0,0,1
4/10/2026,4:20:53,0,0,0,0,0,1
4/10/2026,4:20:58,0,0,0,0,0,1
4/10/2026,4:21:03,0,0,0,0,0,1
4/10/2026,4:21:08,0,0,0,0,0,1
4/10/2026,4:21:10,0,0,0,0,0,0
4/10/2026,4:21:13,0,0,0,0,0,1
4/10/2026,4:21:18,0,0,0,0,0,1
4/10/2026,4:21:23,0,0,0,0,0,1
4/10/2026,4:21:28,0,0,0,0,0,1
4/10/2026,4:21:33,0,0,0,0,0,1
4/10/2026,4:21:38,0,0,0,0,0,1
4/10/2026,4:21:43,0,0,0,0,0,1
4/10/2026,4:21:48,0,0,0,0,0,1
4/10/2026,4:21:53,0,0,0,0,0,1
4/10/2026,4:21:58,0,0,0,0,0,1
4/10/2026,4:22:03,0,0,0,0,0,1
4/10/2026,4:22:08,0,0,0,0,0,1
4/10/2026,4:22:10,0,0,0,0,0,0
4/10/2026,4:22:13,0,0,0,0,0,1
4/10/2026,4:22:18,0,0,0,0,0,1
4/10/2026,4:22:23,0,0,0,0,0,1
4/10/2026,4:22:28,0,0,0,0,0,1
4/10/2026,4:22:33,0,0,0,0,0,1
4/10/2026,4:22:38,0,0,0,0,0,1
4/10/2026,4:22:43,0,0,0,0,0,1
4/10/2026,4:22:48,0,0,0,0,0,1
4/10/2026,4:23:01,0,0,0,0,0,1
4/10/2026,4:23:06,0,0,0,0,0,1
4/10/2026,4:23:10,0,0,0,0,0,0
4/10/2026,4:23:11,0,0,0,0,0,1
4/10/2026,4:23:16,0,0,0,0,0,1
4/10/2026,4:23:21,0,0,0,0,0,1
4/10/2026,4:23:26,0,0,0,0,0,1
4/10/2026,4:23:31,0,0,0,0,0,1
4/10/2026,4:23:36,0,0,0,0,0,1
4/10/2026,4:23:41,0,0,0,0,0,1
4/10/2026,4:23:46,0,0,0,0,0,1
4/10/2026,4:23:51,0,0,0,0,0,1
4/10/2026,4:23:56,0,0,0,0,0,1
4/10/2026,4:24:01,0,0,0,0,0,1
4/10/2026,4:24:06,0,0,0,0,0,1
4/10/2026,4:24:10,0,0,0,0,0,0
4/10/2026,4:24:11,0,0,0,0,0,1
4/10/2026,4:24:16,0,0,0,0,0,1
4/10/2026,4:24:21,0,0,0,0,0,1
4/10/2026,4:24:26,0,0,0,0,0,1
4/10/2026,4:24:31,0,0,0,0,0,1
4/10/2026,4:24:36,0,0,0,0,0,1
4/10/2026,4:24:41,0,0,0,0,0,1
4/10/2026,4:24:46,0,0,0,0,0,1
4/10/2026,4:24:51,0,0,0,0,0,1
4/10/2026,4:24:56,0,0,0,0,0,1
4/10/2026,4:25:01,0,0,0,0,0,1
4/10/2026,4:25:06,0,0,0,0,0,1
4/10/2026,4:25:10,0,0,0,0,0,0
4/10/2026,4:25:11,0,0,0,0,0,1
4/10/2026,4:25:16,0,0,0,0,0,1
4/10/2026,4:25:21,0,0,0,0,0,1
4/10/2026,4:25:26,0,0,0,0,0,1
4/10/2026,4:25:31,0,0,0,0,0,1
4/10/2026,4:25:36,0,0,0,0,0,1
4/10/2026,4:25:41,0,0,0,0,0,1
4/10/2026,4:25:46,0,0,0,0,0,1
4/10/2026,4:25:51,0,0,0,0,0,1
4/10/2026,4:25:56,0,0,0,0,0,1
4/10/2026,4:26:01,0,0,0,0,0,1
4/10/2026,4:26:06,0,0,0,0,0,1
4/10/2026,4:26:10,0,0,0,0,0,0
4/10/2026,4:26:11,0,0,0,0,0,1
4/10/2026,4:26:16,0,0,0,0,0,1
4/10/2026,4:26:21,0,0,0,0,0,1
4/10/2026,4:26:26,0,0,0,0,0,1
4/10/2026,4:26:31,0,0,0,0,0,1
4/10/2026,4:26:36,0,0,0,0,0,1
4/10/2026,4:26:41,0,0,0,0,0,1
4/10/2026,4:26:46,0,0,0,0,0,1
4/10/2026,4:26:51,0,0,0,0,0,1
4/10/2026,4:26:56,0,0,0,0,0,1
4/10/2026,4:27:01,0,0,0,0,0,1
4/10/2026,4:27:06,0,0,0,0,0,1
4/10/2026,4:27:10,0,0,0,0,0,0
4/10/2026,4:27:11,0,0,0,0,0,1
4/10/2026,4:27:16,0,0,0,0,0,1
4/10/2026,4:27:21,0,0,0,0,0,1
4/10/2026,4:27:26,0,0,0,0,0,1
4/10/2026,4:27:31,0,0,0,0,0,1
4/10/2026,4:27:36,0,0,0,0,0,1
4/10/2026,4:27:41,0,0,0,0,0,1
4/10/2026,4:27:46,0,0,0,0,0,1
4/10/2026,4:27:51,0,0,0,0,0,1
4/10/2026,4:27:56,0,0,0,0,0,1
4/10/2026,4:28:01,0,0,0,0,0,1
4/10/2026,4:28:06,0,0,0,0,0,1
4/10/2026,4:28:10,0,0,0,0,0,0
4/10/2026,4:28:11,0,0,0,0,0,1
4/10/2026,4:28:16,0,0,0,0,0,1
4/10/2026,4:28:21,0,0,0,0,0,1
4/10/2026,4:28:26,0,0,0,0,0,1
4/10/2026,4:28:31,0,0,0,0,0,1
4/10/2026,4:28:36,0,0,0,0,0,1
4/10/2026,4:28:41,0,0,0,0,0,1
4/10/2026,4:28:46,0,0,0,0,0,1
4/10/2026,4:28:51,0,0,0,0,0,1
4/10/2026,4:28:56,0,0,0,0,0,1
4/10/2026,4:29:01,0,0,0,0,0,1
4/10/2026,4:29:06,0,0,0,0,0,1
4/10/2026,4:29:10,0,0,0,0,0,0
4/10/2026,4:29:11,0,0,0,0,0,1
4/10/2026,4:29:16,0,0,0,0,0,1
4/10/2026,4:29:21,0,0,0,0,0,1
4/10/2026,4:29:26,0,0,0,0,0,1
4/10/2026,4:29:31,0,0,0,0,0,1
4/10/2026,4:29:36,0,0,0,0,0,1
4/10/2026,4:29:41,0,0,0,0,0,1
4/10/2026,4:29:46,0,0,0,0,0,1
4/10/2026,4:29:51,0,0,0,0,0,1
4/10/2026,4:29:56,0,0,0,0,0,1
4/10/2026,4:30:01,0,0,0,0,0,1
4/10/2026,4:30:06,0,0,0,0,0,1
4/10/2026,4:30:10,0,0,0,0,0,0
4/10/2026,4:30:11,0,0,0,0,0,1
4/10/2026,4:30:16,0,0,0,0,0,1
4/10/2026,4:30:21,0,0,0,0,0,1
4/10/2026,4:30:26,0,0,0,0,0,1
4/10/2026,4:30:31,0,0,0,0,0,1
4/10/2026,4:30:36,0,0,0,0,0,1
4/10/2026,4:30:41,0,0,0,0,0,1
4/10/2026,4:30:46,0,0,0,0,0,1
4/10/2026,4:30:51,0,0,0,0,0,1
4/10/2026,4:30:56,0,0,0,0,0,1
4/10/2026,4:31:01,0,0,0,0,0,1
4/10/2026,4:31:06,0,0,0,0,0,1
4/10/2026,4:31:10,0,0,0,0,0,0
4/10/2026,4:31:11,0,0,0,0,0,1
4/10/2026,4:31:16,0,0,0,0,0,1
4/10/2026,4:31:21,0,0,0,0,0,1
4/10/2026,4:31:26,0,0,0,0,0,1
4/10/2026,4:31:31,0,0,0,0,0,1
4/10/2026,4:31:36,0,0,0,0,0,1
4/10/2026,4:31:41,0,0,0,0,0,1
4/10/2026,4:31:46,0,0,0,0,0,1
4/10/2026,4:31:51,0,0,0,0,0,1
4/10/2026,4:31:56,0,0,0,0,0,1
4/10/2026,4:32:01,0,0,0,0,0,1
4/10/2026,4:32:06,0,0,0,0,0,1
4/10/2026,4:32:10,0,0,0,0,0,0
4/10/2026,4:32:11,0,0,0,0,0,1
4/10/2026,4:32:16,0,0,0,0,0,1
4/10/2026,4:32:21,0,0,0,0,0,1
4/10/2026,4:32:26,0,0,0,0,0,1
4/10/2026,4:32:31,0,0,0,0,0,1
4/10/2026,4:32:36,0,0,0,0,0,1
4/10/2026,4:32:41,0,0,0,0,0,1
4/10/2026,4:32:46,0,0,0,0,0,1
4/10/2026,4:32:51,0,0,0,0,0,1
4/10/2026,4:32:56,0,0,0,0,0,1
4/10/2026,4:33:01,0,0,0,0,0,1
4/10/2026,4:33:06,0,0,0,0,0,1
4/10/2026,4:33:10,0,0,0,0,0,0
4/10/2026,4:33:11,0,0,0,0,0,1
4/10/2026,4:33:16,0,0,0,0,0,1
4/10/2026,4:33:21,0,0,0,0,0,1
4/10/2026,4:33:26,0,0,0,0,0,1
4/10/2026,4:33:31,0,0,0,0,0,1
4/10/2026,4:33:36,0,0,0,0,0,1
4/10/2026,4:33:41,0,0,0,0,0,1
4/10/2026,4:33:46,0,0,0,0,0,1
4/10/2026,4:33:51,0,0,0,0,0,1
4/10/2026,4:33:56,0,0,0,0,0,1
4/10/2026,4:34:01,0,0,0,0,0,1
4/10/2026,4:34:06,0,0,0,0,0,1
4/10/2026,4:34:10,0,0,0,0,0,0
4/10/2026,4:34:11,0,0,0,0,0,1
4/10/2026,4:34:16,0,0,0,0,0,1
4/10/2026,4:34:21,0,0,0,0,0,1
4/10/2026,4:34:26,0,0,0,0,0,1
4/10/2026,4:34:31,0,0,0,0,0,1
4/10/2026,4:34:36,0,0,0,0,0,1
4/10/2026,4:34:41,0,0,0,0,0,1
4/10/2026,4:34:46,0,0,0,0,0,1
4/10/2026,4:34:51,0,0,0,0,0,1
4/10/2026,4:34:56,0,0,0,0,0,1
4/10/2026,4:35:01,0,0,0,0,0,1
4/10/2026,4:35:06,0,0,0,0,0,1
4/10/2026,4:35:10,0,0,0,0,0,0
4/10/2026,4:35:11,0,0,0,0,0,1
4/10/2026,4:35:16,0,0,0,0,0,1
4/10/2026,4:35:21,0,0,0,0,0,1
4/10/2026,4:35:26,0,0,0,0,0,1
4/10/2026,4:35:31,0,0,0,0,0,1
4/10/2026,4:35:36,0,0,0,0,0,1
4/10/2026,4:35:41,0,0,0,0,0,1
4/10/2026,4:35:46,0,0,0,0,0,1
4/10/2026,4:35:51,0,0,0,0,0,1
4/10/2026,4:35:56,0,0,0,0,0,1
4/10/2026,4:36:01,0,0,0,0,0,1
4/10/2026,4:36:06,0,0,0,0,0,1
4/10/2026,4:36:10,0,0,0,0,0,0
4/10/2026,4:36:11,0,0,0,0,0,1
4/10/2026,4:36:16,0,0,0,0,0,1
4/10/2026,4:36:21,0,0,0,0,0,1
4/10/2026,4:36:26,0,0,0,0,0,1
4/10/2026,4:36:31,0,0,0,0,0,1
4/10/2026,4:36:36,0,0,0,0,0,1
4/10/2026,4:36:41,0,0,0,0,0,1
4/10/2026,4:36:46,0,0,0,0,0,1
4/10/2026,4:36:51,0,0,0,0,0,1
4/10/2026,4:36:56,0,0,0,0,0,1
4/10/2026,4:37:01,0,0,0,0,0,1
4/10/2026,4:37:06,0,0,0,0,0,1
4/10/2026,4:37:10,0,0,0,0,0,0
4/10/2026,4:37:11,0,0,0,0,0,1
4/10/2026,4:37:16,0,0,0,0,0,1
4/10/2026,4:37:21,0,0,0,0,0,1
4/10/2026,4:37:26,0,0,0,0,0,1
4/10/2026,4:37:31,0,0,0,0,0,1
4/10/2026,4:37:36,0,0,0,0,0,1
4/10/2026,4:37:41,0,0,0,0,0,1
4/10/2026,4:37:46,0,0,0,0,0,1
4/10/2026,4:37:51,0,0,0,0,0,1
4/10/2026,4:37:56,0,0,0,0,0,1
4/10/2026,4:38:01,0,0,0,0,0,1
4/10/2026,4:38:06,0,0,0,0,0,1
4/10/2026,4:38:10,0,0,0,0,0,0
4/10/2026,4:38:11,0,0,0,0,0,1
4/10/2026,4:38:16,0,0,0,0,0,1
4/10/2026,4:38:21,0,0,0,0,0,1
4/10/2026,4:38:26,0,0,0,0,0,1
4/10/2026,4:38:31,0,0,0,0,0,1
4/10/2026,4:38:36,0,0,0,0,0,1
4/10/2026,4:38:41,0,0,0,0,0,1
4/10/2026,4:38:46,0,0,0,0,0,1
4/10/2026,4:38:51,0,0,0,0,0,1
4/10/2026,4:38:56,0,0,0,0,0,1
4/10/2026,4:39:01,0,0,0,0,0,1
4/10/2026,4:39:06,0,0,0,0,0,1
4/10/2026,4:39:10,0,0,0,0,0,0
4/10/2026,4:39:11,0,0,0,0,0,1
4/10/2026,4:39:16,0,0,0,0,0,1
4/10/2026,4:39:21,0,0,0,0,0,1
4/10/2026,4:39:26,0,0,0,0,0,1
4/10/2026,4:39:31,0,0,0,0,0,1
4/10/2026,4:39:36,0,0,0,0,0,1
4/10/2026,4:39:41,0,0,0,0,0,1
4/10/2026,4:39:46,0,0,0,0,0,1
4/10/2026,4:39:51,0,0,0,0,0,1
4/10/2026,4:39:56,0,0,0,0,0,1
4/10/2026,4:40:01,0,0,0,0,0,1
4/10/2026,4:40:06,0,0,0,0,0,1
4/10/2026,4:40:10,0,0,0,0,0,0
4/10/2026,4:40:11,0,0,0,0,0,1
4/10/2026,4:40:16,0,0,0,0,0,1
4/10/2026,4:40:21,0,0,0,0,0,1
4/10/2026,4:40:26,0,0,0,0,0,1
4/10/2026,4:40:31,0,0,0,0,0,1
4/10/2026,4:40:36,0,0,0,0,0,1
4/10/2026,4:40:41,0,0,0,0,0,1
4/10/2026,4:40:46,0,0,0,0,0,1
4/10/2026,4:40:51,0,0,0,0,0,1
4/10/2026,4:40:56,0,0,0,0,0,1
4/10/2026,4:41:01,0,0,0,0,0,1
4/10/2026,4:41:06,0,0,0,0,0,1
4/10/2026,4:41:10,0,0,0,0,0,0
4/10/2026,4:41:11,0,0,0,0,0,1
4/10/2026,4:41:16,0,0,0,0,0,1
4/10/2026,4:41:21,0,0,0,0,0,1
4/10/2026,4:41:26,0,0,0,0,0,1
4/10/2026,4:41:31,0,0,0,0,0,1
4/10/2026,4:41:36,0,0,0,0,0,1
4/10/2026,4:41:41,0,0,0,0,0,1
4/10/2026,4:41:46,0,0,0,0,0,1
4/10/2026,4:41:51,0,0,0,0,0,1
4/10/2026,4:41:56,0,0,0,0,0,1
4/10/2026,4:42:01,0,0,0,0,0,1
4/10/2026,4:42:06,0,0,0,0,0,1
4/10/2026,4:42:10,0,0,0,0,0,0
4/10/2026,4:42:11,0,0,0,0,0,1
4/10/2026,4:42:16,0,0,0,0,0,1
4/10/2026,4:42:21,0,0,0,0,0,1
4/10/2026,4:42:26,0,0,0,0,0,1
4/10/2026,4:42:31,0,0,0,0,0,1
4/10/2026,4:42:36,0,0,0,0,0,1
4/10/2026,4:42:41,0,0,0,0,0,1
4/10/2026,4:42:46,0,0,0,0,0,1
4/10/2026,4:42:51,0,0,0,0,0,1
4/10/2026,4:42:56,0,0,0,0,0,1
4/10/2026,4:43:01,0,0,0,0,0,1
4/10/2026,4:43:06,0,0,0,0,0,1
4/10/2026,4:43:10,0,0,0,0,0,0
4/10/2026,4:43:11,0,0,0,0,0,1
4/10/2026,4:43:16,0,0,0,0,0,1
4/10/2026,4:43:21,0,0,0,0,0,1
4/10/2026,4:43:26,0,0,0,0,0,1
4/10/2026,4:43:31,0,0,0,0,0,1
4/10/2026,4:43:36,0,0,0,0,0,1
4/10/2026,4:43:41,0,0,0,0,0,1
4/10/2026,4:43:46,0,0,0,0,0,1
4/10/2026,4:43:51,0,0,0,0,0,1
4/10/2026,4:43:56,0,0,0,0,0,1
4/10/2026,4:44:01,0,0,0,0,0,1
4/10/2026,4:44:06,0,0,0,0,0,1
4/10/2026,4:44:10,0,0,0,0,0,0
4/10/2026,4:44:11,0,0,0,0,0,1
4/10/2026,4:44:16,0,0,0,0,0,1
4/10/2026,4:44:21,0,0,0,0,0,1
4/10/2026,4:44:26,0,0,0,0,0,1
4/10/2026,4:44:31,0,0,0,0,0,1
4/10/2026,4:44:36,0,0,0,0,0,1
4/10/2026,4:44:41,0,0,0,0,0,1
4/10/2026,4:44:46,0,0,0,0,0,1
4/10/2026,4:44:51,0,0,0,0,0,1
4/10/2026,4:44:56,0,0,0,0,0,1
4/10/2026,4:45:01,0,0,0,0,0,1
4/10/2026,4:45:06,0,0,0,0,0,1
4/10/2026,4:45:10,0,0,0,0,0,0
4/10/2026,4:45:11,0,0,0,0,0,1
4/10/2026,4:45:16,0,0,0,0,0,1
4/10/2026,4:45:21,0,0,0,0,0,1
4/10/2026,4:45:26,0,0,0,0,0,1
4/10/2026,4:45:31,0,0,0,0,0,1
4/10/2026,4:45:36,0,0,0,0,0,1
4/10/2026,4:45:41,0,0,0,0,0,1
4/10/2026,4:45:46,0,0,0,0,0,1
4/10/2026,4:45:51,0,0,0,0,0,1
4/10/2026,4:45:56,0,0,0,0,0,1
4/10/2026,4:46:01,0,0,0,0,0,1
4/10/2026,4:46:06,0,0,0,0,0,1
4/10/2026,4:46:10,0,0,0,0,0,0
4/10/2026,4:46:11,0,0,0,0,0,1
4/10/2026,4:46:16,0,0,0,0,0,1
4/10/2026,4:46:21,0,0,0,0,0,1
4/10/2026,4:46:26,0,0,0,0,0,1
4/10/2026,4:46:31,0,0,0,0,0,1
4/10/2026,4:46:36,0,0,0,0,0,1
4/10/2026,4:46:41,0,0,0,0,0,1
4/10/2026,4:46:46,0,0,0,0,0,1
4/10/2026,4:46:51,0,0,0,0,0,1
4/10/2026,4:46:56,0,0,0,0,0,1
4/10/2026,4:47:01,0,0,0,0,0,1
4/10/2026,4:47:06,0,0,0,0,0,1
4/10/2026,4:47:10,0,0,0,0,0,0
4/10/2026,4:47:11,0,0,0,0,0,1
4/10/2026,4:47:16,0,0,0,0,0,1
4/10/2026,4:47:21,0,0,0,0,0,1
4/10/2026,4:47:26,0,0,0,0,0,1
4/10/2026,4:47:31,0,0,0,0,0,1
4/10/2026,4:47:36,0,0,0,0,0,1
4/10/2026,4:47:41,0,0,0,0,0,1
4/10/2026,4:47:46,0,0,0,0,0,1
4/10/2026,4:47:51,0,0,0,0,0,1
4/10/2026,4:47:56,0,0,0,0,0,1
4/10/2026,4:48:01,0,0,0,0,0,1
4/10/2026,4:48:06,0,0,0,0,0,1
4/10/2026,4:48:10,0,0,0,0,0,0
4/10/2026,4:48:11,0,0,0,0,0,1
4/10/2026,4:48:16,0,0,0,0,0,1
4/10/2026,4:48:21,0,0,0,0,0,1
4/10/2026,4:48:26,0,0,0,0,0,1
4/10/2026,4:48:31,0,0,0,0,0,1
4/10/2026,4:48:36,0,0,0,0,0,1
4/10/2026,4:48:41,0,0,0,0,0,1
4/10/2026,4:48:46,0,0,0,0,0,1
4/10/2026,4:48:51,0,0,0,0,0,1
4/10/2026,4:48:56,0,0,0,0,0,1
4/10/2026,4:49:01,0,0,0,0,0,1
4/10/2026,4:49:06,0,0,0,0,0,1
4/10/2026,4:49:10,0,0,0,0,0,0
4/10/2026,4:49:11,0,0,0,0,0,1
4/10/2026,4:49:16,0,0,0,0,0,1
4/10/2026,4:49:21,0,0,0,0,0,1
4/10/2026,4:49:26,0,0,0,0,0,1
4/10/2026,4:49:31,0,0,0,0,0,1
4/10/2026,4:49:36,0,0,0,0,0,1
4/10/2026,4:49:41,0,0,0,0,0,1
4/10/2026,4:49:46,0,0,0,0,0,1
4/10/2026,4:49:51,0,0,0,0,0,1
4/10/2026,4:49:56,0,0,0,0,0,1
4/10/2026,4:50:01,0,0,0,0,0,1
4/10/2026,4:50:06,0,0,0,0,0,1
4/10/2026,4:50:10,0,0,0,0,0,0
4/10/2026,4:50:11,0,0,0,0,0,1
4/10/2026,4:50:16,0,0,0,0,0,1
4/10/2026,4:50:21,0,0,0,0,0,1
4/10/2026,4:50:26,0,0,0,0,0,1
4/10/2026,4:50:31,0,0,0,0,0,1
4/10/2026,4:50:36,0,0,0,0,0,1
4/10/2026,4:50:41,0,0,0,0,0,1
4/10/2026,4:50:46,0,0,0,0,0,1
4/10/2026,4:50:51,0,0,0,0,0,1
4/10/2026,4:50:56,0,0,0,0,0,1
4/10/2026,4:51:01,0,0,0,0,0,1
4/10/2026,4:51:06,0,0,0,0,0,1
4/10/2026,4:51:10,0,0,0,0,0,0
4/10/2026,4:51:11,0,0,0,0,0,1
4/10/2026,4:51:16,0,0,0,0,0,1
4/10/2026,4:51:21,0,0,0,0,0,1
4/10/2026,4:51:26,0,0,0,0,0,1
4/10/2026,4:51:31,0,0,0,0,0,1
4/10/2026,4:51:36,0,0,0,0,0,1
4/10/2026,4:51:41,0,0,0,0,0,1
4/10/2026,4:51:46,0,0,0,0,0,1
4/10/2026,4:51:51,0,0,0,0,0,1
4/10/2026,4:51:56,0,0,0,0,0,1
4/10/2026,4:52:01,0,0,0,0,0,1
4/10/2026,4:52:06,0,0,0,0,0,1
4/10/2026,4:52:10,0,0,0,0,0,0
4/10/2026,4:52:11,0,0,0,0,0,1
4/10/2026,4:52:16,0,0,0,0,0,1
4/10/2026,4:52:21,0,0,0,0,0,1
4/10/2026,4:52:26,0,0,0,0,0,1
4/10/2026,4:52:31,0,0,0,0,0,1
4/10/2026,4:52:36,0,0,0,0,0,1
4/10/2026,4:52:41,0,0,0,0,0,1
4/10/2026,4:52:46,0,0,0,0,0,1
4/10/2026,4:52:51,0,0,0,0,0,1
4/10/2026,4:52:56,0,0,0,0,0,1
4/10/2026,4:53:01,0,0,0,0,0,1
4/10/2026,4:53:06,0,0,0,0,0,1
4/10/2026,4:53:10,0,0,0,0,0,0
4/10/2026,4:53:11,0,0,0,0,0,1
4/10/2026,4:53:16,0,0,0,0,0,1
4/10/2026,4:53:21,0,0,0,0,0,1
4/10/2026,4:53:26,0,0,0,0,0,1
4/10/2026,4:53:31,0,0,0,0,0,1
4/10/2026,4:53:36,0,0,0,0,0,1
4/10/2026,4:53:41,0,0,0,0,0,1
4/10/2026,4:53:46,0,0,0,0,0,1
4/10/2026,4:53:51,0,0,0,0,0,1
4/10/2026,4:53:56,0,0,0,0,0,1
4/10/2026,4:54:01,0,0,0,0,0,1
4/10/2026,4:54:06,0,0,0,0,0,1
4/10/2026,4:54:10,0,0,0,0,0,0
4/10/2026,4:54:11,0,0,0,0,0,1
4/10/2026,4:54:16,0,0,0,0,0,1
4/10/2026,4:54:29,0,0,0,0,0,1
4/10/2026,4:54:34,0,0,0,0,0,1
4/10/2026,4:54:39,0,0,0,0,0,1
4/10/2026,4:54:44,0,0,0,0,0,1
4/10/2026,4:54:49,0,0,0,0,0,1
4/10/2026,4:54:54,0,0,0,0,0,1
4/10/2026,4:54:59,0,0,0,0,0,1
4/10/2026,4:55:04,0,0,0,0,0,1
4/10/2026,4:55:09,0,0,0,0,0,1
4/10/2026,4:55:10,0,0,0,0,0,0
4/10/2026,4:55:14,0,0,0,0,0,1
4/10/2026,4:55:19,0,0,0,0,0,1
4/10/2026,4:55:24,0,0,0,0,0,1
4/10/2026,4:55:29,0,0,0,0,0,1
4/10/2026,4:55:34,0,0,0,0,0,1
4/10/2026,4:55:39,0,0,0,0,0,1
4/10/2026,4:55:44,0,0,0,0,0,1
4/10/2026,4:55:49,0,0,0,0,0,1
4/10/2026,4:55:54,0,0,0,0,0,1
4/10/2026,4:55:59,0,0,0,0,0,1
4/10/2026,4:56:04,0,0,0,0,0,1
4/10/2026,4:56:09,0,0,0,0,0,1
4/10/2026,4:56:10,0,0,0,0,0,0
4/10/2026,4:56:14,0,0,0,0,0,1
4/10/2026,4:56:19,0,0,0,0,0,1
4/10/2026,4:56:24,0,0,0,0,0,1
4/10/2026,4:56:29,0,0,0,0,0,1
4/10/2026,4:56:34,0,0,0,0,0,1
4/10/2026,4:56:39,0,0,0,0,0,1
4/10/2026,4:56:44,0,0,0,0,0,1
4/10/2026,4:56:49,0,0,0,0,0,1
4/10/2026,4:56:54,0,0,0,0,0,1
4/10/2026,4:56:59,0,0,0,0,0,1
4/10/2026,4:57:04,0,0,0,0,0,1
4/10/2026,4:57:09,0,0,0,0,0,1
4/10/2026,4:57:10,0,0,0,0,0,0
4/10/2026,4:57:14,0,0,0,0,0,1
4/10/2026,4:57:19,0,0,0,0,0,1
4/10/2026,4:57:24,0,0,0,0,0,1
4/10/2026,4:57:29,0,0,0,0,0,1
4/10/2026,4:57:34,0,0,0,0,0,1
4/10/2026,4:57:39,0,0,0,0,0,1
4/10/2026,4:57:44,0,0,0,0,0,1
4/10/2026,4:57:49,0,0,0,0,0,1
4/10/2026,4:57:54,0,0,0,0,0,1
4/10/2026,4:57:59,0,0,0,0,0,1
4/10/2026,4:58:04,0,0,0,0,0,1
4/10/2026,4:58:09,0,0,0,0,0,1
4/10/2026,4:58:10,0,0,0,0,0,0
4/10/2026,4:58:14,0,0,0,0,0,1
4/10/2026,4:58:19,0,0,0,0,0,1
4/10/2026,4:58:24,0,0,0,0,0,1
4/10/2026,4:58:29,0,0,0,0,0,1
4/10/2026,4:58:34,0,0,0,0,0,1
4/10/2026,4:58:39,0,0,0,0,0,1
4/10/2026,4:58:44,0,0,0,0,0,1
4/10/2026,4:58:49,0,0,0,0,0,1
4/10/2026,4:58:54,0,0,0,0,0,1
4/10/2026,4:58:59,0,0,0,0,0,1
4/10/2026,4:59:04,0,0,0,0,0,1
4/10/2026,4:59:09,0,0,0,0,0,1
4/10/2026,4:59:10,0,0,0,0,0,0
4/10/2026,4:59:14,0,0,0,0,0,1
4/10/2026,4:59:19,0,0,0,0,0,1
4/10/2026,4:59:24,0,0,0,0,0,1
4/10/2026,4:59:29,0,0,0,0,0,1
4/10/2026,4:59:34,0,0,0,0,0,1
4/10/2026,4:59:39,0,0,0,0,0,1
4/10/2026,4:59:44,0,0,0,0,0,1
4/10/2026,4:59:49,0,0,0,0,0,1
4/10/2026,4:59:54,0,0,0,0,0,1
4/10/2026,4:59:59,0,0,0,0,0,1
4/10/2026,5:00:04,0,0,0,0,0,1
4/10/2026,5:00:09,0,0,0,0,0,1
4/10/2026,5:00:10,0,0,0,0,0,0
4/10/2026,5:00:14,0,0,0,0,0,1
4/10/2026,5:00:19,0,0,0,0,0,1
4/10/2026,5:00:24,0,0,0,0,0,1
4/10/2026,5:00:29,0,0,0,0,0,1
4/10/2026,5:00:34,0,0,0,0,0,1
4/10/2026,5:00:39,0,0,0,0,0,1
4/10/2026,5:00:44,0,0,0,0,0,1
4/10/2026,5:00:49,0,0,0,0,0,1
4/10/2026,5:00:54,0,0,0,0,0,1
4/10/2026,5:00:59,0,0,0,0,0,1
4/10/2026,5:01:04,0,0,0,0,0,1
4/10/2026,5:01:09,0,0,0,0,0,1
4/10/2026,5:01:10,0,0,0,0,0,0
4/10/2026,5:01:14,0,0,0,0,0,1
4/10/2026,5:01:19,0,0,0,0,0,1
4/10/2026,5:01:24,0,0,0,0,0,1
4/10/2026,5:01:29,0,0,0,0,0,1
4/10/2026,5:01:34,0,0,0,0,0,1
4/10/2026,5:01:39,0,0,0,0,0,1
4/10/2026,5:01:44,0,0,0,0,0,1
4/10/2026,5:01:49,0,0,0,0,0,1
4/10/2026,5:01:54,0,0,0,0,0,1
4/10/2026,5:01:59,0,0,0,0,0,1
4/10/2026,5:02:04,0,0,0,0,0,1
4/10/2026,5:02:09,0,0,0,0,0,1
4/10/2026,5:02:10,0,0,0,0,0,0
4/10/2026,5:02:14,0,0,0,0,0,1
4/10/2026,5:02:19,0,0,0,0,0,1
4/10/2026,5:02:24,0,0,0,0,0,1
4/10/2026,5:02:29,0,0,0,0,0,1
4/10/2026,5:02:34,0,0,0,0,0,1
4/10/2026,5:02:39,0,0,0,0,0,1
4/10/2026,5:02:44,0,0,0,0,0,1
4/10/2026,5:02:49,0,0,0,0,0,1
4/10/2026,5:02:54,0,0,0,0,0,1
4/10/2026,5:02:59,0,0,0,0,0,1
4/10/2026,5:03:04,0,0,0,0,0,1
4/10/2026,5:03:09,0,0,0,0,0,1
4/10/2026,5:03:10,0,0,0,0,0,0
4/10/2026,5:03:14,0,0,0,0,0,1
4/10/2026,5:03:19,0,0,0,0,0,1
4/10/2026,5:03:24,0,0,0,0,0,1
4/10/2026,5:03:29,0,0,0,0,0,1
4/10/2026,5:03:34,0,0,0,0,0,1
4/10/2026,5:03:39,0,0,0,0,0,1
4/10/2026,5:03:44,0,0,0,0,0,1
4/10/2026,5:03:49,0,0,0,0,0,1
4/10/2026,5:03:54,0,0,0,0,0,1
4/10/2026,5:03:59,0,0,0,0,0,1
4/10/2026,5:04:04,0,0,0,0,0,1
4/10/2026,5:04:09,0,0,0,0,0,1
4/10/2026,5:04:10,0,0,0,0,0,0
4/10/2026,5:04:14,0,0,0,0,0,1
4/10/2026,5:04:19,0,0,0,0,0,1
4/10/2026,5:04:24,0,0,0,0,0,1
4/10/2026,5:04:29,0,0,0,0,0,1
4/10/2026,5:04:34,0,0,0,0,0,1
4/10/2026,5:04:39,0,0,0,0,0,1
4/10/2026,5:04:44,0,0,0,0,0,1
4/10/2026,5:04:49,0,0,0,0,0,1
4/10/2026,5:04:54,0,0,0,0,0,1
4/10/2026,5:04:59,0,0,0,0,0,1
4/10/2026,5:05:04,0,0,0,0,0,1
4/10/2026,5:05:09,0,0,0,0,0,1
4/10/2026,5:05:10,0,0,0,0,0,0
4/10/2026,5:05:14,0,0,0,0,0,1
4/10/2026,5:05:19,0,0,0,0,0,1
4/10/2026,5:05:24,0,0,0,0,0,1
4/10/2026,5:05:29,0,0,0,0,0,1
4/10/2026,5:05:34,0,0,0,0,0,1
4/10/2026,5:05:39,0,0,0,0,0,1
4/10/2026,5:05:44,0,0,0,0,0,1
4/10/2026,5:05:49,0,0,0,0,0,1
4/10/2026,5:05:54,0,0,0,0,0,1
4/10/2026,5:05:59,0,0,0,0,0,1
4/10/2026,5:06:04,0,0,0,0,0,1
4/10/2026,5:06:09,0,0,0,0,0,1
4/10/2026,5:06:10,0,0,0,0,0,0
4/10/2026,5:06:14,0,0,0,0,0,1
4/10/2026,5:06:19,0,0,0,0,0,1
4/10/2026,5:06:24,0,0,0,0,0,1
4/10/2026,5:06:29,0,0,0,0,0,1
4/10/2026,5:06:34,0,0,0,0,0,1
4/10/2026,5:06:39,0,0,0,0,0,1
4/10/2026,5:06:44,0,0,0,0,0,1
4/10/2026,5:06:49,0,0,0,0,0,1
4/10/2026,5:06:54,0,0,0,0,0,1
4/10/2026,5:06:59,0,0,0,0,0,1
4/10/2026,5:07:04,0,0,0,0,0,1
4/10/2026,5:07:09,0,0,0,0,0,1
4/10/2026,5:07:10,0,0,0,0,0,0
4/10/2026,5:07:14,0,0,0,0,0,1
4/10/2026,5:07:19,0,0,0,0,0,1
4/10/2026,5:07:24,0,0,0,0,0,1
4/10/2026,5:07:29,0,0,0,0,0,1
4/10/2026,5:07:34,0,0,0,0,0,1
4/10/2026,5:07:39,0,0,0,0,0,1
4/10/2026,5:07:44,0,0,0,0,0,1
4/10/2026,5:07:49,0,0,0,0,0,1
4/10/2026,5:07:54,0,0,0,0,0,1
4/10/2026,5:07:59,0,0,0,0,0,1
4/10/2026,5:08:04,0,0,0,0,0,1
4/10/2026,5:08:09,0,0,0,0,0,1
4/10/2026,5:08:10,0,0,0,0,0,0
4/10/2026,5:08:14,0,0,0,0,0,1
4/10/2026,5:08:19,0,0,0,0,0,1
4/10/2026,5:08:24,0,0,0,0,0,1
4/10/2026,5:08:29,0,0,0,0,0,1
4/10/2026,5:08:34,0,0,0,0,0,1
4/10/2026,5:08:39,0,0,0,0,0,1
4/10/2026,5:08:44,0,0,0,0,0,1
4/10/2026,5:08:49,0,0,0,0,0,1
4/10/2026,5:08:54,0,0,0,0,0,1
4/10/2026,5:08:59,0,0,0,0,0,1
4/10/2026,5:09:04,0,0,0,0,0,1
4/10/2026,5:09:09,0,0,0,0,0,1
4/10/2026,5:09:10,0,0,0,0,0,0
4/10/2026,5:09:14,0,0,0,0,0,1
4/10/2026,5:09:19,0,0,0,0,0,1
4/10/2026,5:09:24,0,0,0,0,0,1
4/10/2026,5:09:29,0,0,0,0,0,1
4/10/2026,5:09:34,0,0,0,0,0,1
4/10/2026,5:09:39,0,0,0,0,0,1
4/10/2026,5:09:44,0,0,0,0,0,1
4/10/2026,5:09:49,0,0,0,0,0,1
4/10/2026,5:09:54,0,0,0,0,0,1
4/10/2026,5:09:59,0,0,0,0,0,1
4/10/2026,5:10:04,0,0,0,0,0,1
4/10/2026,5:10:09,0,0,0,0,0,1
4/10/2026,5:10:10,0,0,0,0,0,0
4/10/2026,5:10:14,0,0,0,0,0,1
4/10/2026,5:10:19,0,0,0,0,0,1
4/10/2026,5:10:24,0,0,0,0,0,1
4/10/2026,5:10:29,0,0,0,0,0,1
4/10/2026,5:10:34,0,0,0,0,0,1
4/10/2026,5:10:39,0,0,0,0,0,1
4/10/2026,5:10:44,0,0,0,0,0,1
4/10/2026,5:10:49,0,0,0,0,0,1
4/10/2026,5:10:54,0,0,0,0,0,1
4/10/2026,5:10:59,0,0,0,0,0,1
4/10/2026,5:11:04,0,0,0,0,0,1
4/10/2026,5:11:09,0,0,0,0,0,1
4/10/2026,5:11:10,0,0,0,0,0,0
4/10/2026,5:11:14,0,0,0,0,0,1
4/10/2026,5:11:19,0,0,0,0,0,1
4/10/2026,5:11:24,0,0,0,0,0,1
4/10/2026,5:11:29,0,0,0,0,0,1
4/10/2026,5:11:34,0,0,0,0,0,1
4/10/2026,5:11:39,0,0,0,0,0,1
4/10/2026,5:11:44,0,0,0,0,0,1
4/10/2026,5:11:49,0,0,0,0,0,1
4/10/2026,5:11:54,0,0,0,0,0,1
4/10/2026,5:11:59,0,0,0,0,0,1
4/10/2026,5:12:04,0,0,0,0,0,1
4/10/2026,5:12:09,0,0,0,0,0,1
4/10/2026,5:12:10,0,0,0,0,0,0
4/10/2026,5:12:14,0,0,0,0,0,1
4/10/2026,5:12:19,0,0,0,0,0,1
4/10/2026,5:12:24,0,0,0,0,0,1
4/10/2026,5:12:29,0,0,0,0,0,1
4/10/2026,5:12:34,0,0,0,0,0,1
4/10/2026,5:12:39,0,0,0,0,0,1
4/10/2026,5:12:44,0,0,0,0,0,1
4/10/2026,5:12:49,0,0,0,0,0,1
4/10/2026,5:12:54,0,0,0,0,0,1
4/10/2026,5:12:59,0,0,0,0,0,1
4/10/2026,5:13:04,0,0,0,0,0,1
4/10/2026,5:13:09,0,0,0,0,0,1
4/10/2026,5:13:10,0,0,0,0,0,0
4/10/2026,5:13:14,0,0,0,0,0,1
4/10/2026,5:13:19,0,0,0,0,0,1
4/10/2026,5:13:24,0,0,0,0,0,1
4/10/2026,5:13:29,0,0,0,0,0,1
4/10/2026,5:13:34,0,0,0,0,0,1
4/10/2026,5:13:39,0,0,0,0,0,1
4/10/2026,5:13:44,0,0,0,0,0,1
4/10/2026,5:13:49,0,0,0,0,0,1
4/10/2026,5:13:54,0,0,0,0,0,1
4/10/2026,5:13:59,0,0,0,0,0,1
4/10/2026,5:14:04,0,0,0,0,0,1
4/10/2026,5:14:09,0,0,0,0,0,1
4/10/2026,5:14:10,0,0,0,0,0,0
4/10/2026,5:14:14,0,0,0,0,0,1
4/10/2026,5:14:19,0,0,0,0,0,1
4/10/2026,5:14:24,0,0,0,0,0,1
4/10/2026,5:14:29,0,0,0,0,0,1
4/10/2026,5:14:34,0,0,0,0,0,1
4/10/2026,5:14:39,0,0,0,0,0,1
4/10/2026,5:14:44,0,0,0,0,0,1
4/10/2026,5:14:49,0,0,0,0,0,1
4/10/2026,5:14:54,0,0,0,0,0,1
4/10/2026,5:14:59,0,0,0,0,0,1
4/10/2026,5:15:04,0,0,0,0,0,1
4/10/2026,5:15:09,0,0,0,0,0,1
4/10/2026,5:15:10,0,0,0,0,0,0
4/10/2026,5:15:14,0,0,0,0,0,1
4/10/2026,5:15:19,0,0,0,0,0,1
4/10/2026,5:15:24,0,0,0,0,0,1
4/10/2026,5:15:29,0,0,0,0,0,1
4/10/2026,5:15:34,0,0,0,0,0,1
4/10/2026,5:15:39,0,0,0,0,0,1
4/10/2026,5:15:44,0,0,0,0,0,1
4/10/2026,5:15:49,0,0,0,0,0,1
4/10/2026,5:15:54,0,0,0,0,0,1
4/10/2026,5:15:59,0,0,0,0,0,1
4/10/2026,5:16:04,0,0,0,0,0,1
4/10/2026,5:16:09,0,0,0,0,0,1
4/10/2026,5:16:10,0,0,0,0,0,0
4/10/2026,5:16:14,0,0,0,0,0,1
4/10/2026,5:16:19,0,0,0,0,0,1
4/10/2026,5:16:24,0,0,0,0,0,1
4/10/2026,5:16:29,0,0,0,0,0,1
4/10/2026,5:16:34,0,0,0,0,0,1
4/10/2026,5:16:39,0,0,0,0,0,1
4/10/2026,5:16:44,0,0,0,0,0,1
4/10/2026,5:16:49,0,0,0,0,0,1
4/10/2026,5:16:54,0,0,0,0,0,1
4/10/2026,5:16:59,0,0,0,0,0,1
4/10/2026,5:17:04,0,0,0,0,0,1
4/10/2026,5:17:09,0,0,0,0,0,1
4/10/2026,5:17:10,0,0,0,0,0,0
4/10/2026,5:17:14,0,0,0,0,0,1
4/10/2026,5:17:19,0,0,0,0,0,1
4/10/2026,5:17:24,0,0,0,0,0,1
4/10/2026,5:17:29,0,0,0,0,0,1
4/10/2026,5:17:34,0,0,0,0,0,1
4/10/2026,5:17:39,0,0,0,0,0,1
4/10/2026,5:17:44,0,0,0,0,0,1
4/10/2026,5:17:49,0,0,0,0,0,1
4/10/2026,5:17:54,0,0,0,0,0,1
4/10/2026,5:17:59,0,0,0,0,0,1
4/10/2026,5:18:04,0,0,0,0,0,1
4/10/2026,5:18:09,0,0,0,0,0,1
4/10/2026,5:18:10,0,0,0,0,0,0
4/10/2026,5:18:14,0,0,0,0,0,1
4/10/2026,5:18:19,0,0,0,0,0,1
4/10/2026,5:18:24,0,0,0,0,0,1
4/10/2026,5:18:29,0,0,0,0,0,1
4/10/2026,5:18:34,0,0,0,0,0,1
4/10/2026,5:18:39,0,0,0,0,0,1
4/10/2026,5:18:44,0,0,0,0,0,1
4/10/2026,5:18:49,0,0,0,0,0,1
4/10/2026,5:18:54,0,0,0,0,0,1
4/10/2026,5:18:59,0,0,0,0,0,1
4/10/2026,5:19:04,0,0,0,0,0,1
4/10/2026,5:19:09,0,0,0,0,0,1
4/10/2026,5:19:10,0,0,0,0,0,0
4/10/2026,5:19:14,0,0,0,0,0,1
4/10/2026,5:19:19,0,0,0,0,0,1
4/10/2026,5:19:24,0,0,0,0,0,1
4/10/2026,5:19:29,0,0,0,0,0,1
4/10/2026,5:19:34,0,0,0,0,0,1
4/10/2026,5:19:39,0,0,0,0,0,1
4/10/2026,5:19:44,0,0,0,0,0,1
4/10/2026,5:19:49,0,0,0,0,0,1
4/10/2026,5:19:54,0,0,0,0,0,1
4/10/2026,5:19:59,0,0,0,0,0,1
4/10/2026,5:20:04,0,0,0,0,0,1
4/10/2026,5:20:09,0,0,0,0,0,1
4/10/2026,5:20:10,0,0,0,0,0,0
4/10/2026,5:20:14,0,0,0,0,0,1
4/10/2026,5:20:19,0,0,0,0,0,1
4/10/2026,5:20:24,0,0,0,0,0,1
4/10/2026,5:20:29,0,0,0,0,0,1
4/10/2026,5:20:34,0,0,0,0,0,1
4/10/2026,5:20:39,0,0,0,0,0,1
4/10/2026,5:20:44,0,0,0,0,0,1
4/10/2026,5:20:49,0,0,0,0,0,1
4/10/2026,5:20:54,0,0,0,0,0,1
4/10/2026,5:20:59,0,0,0,0,0,1
4/10/2026,5:21:04,0,0,0,0,0,1
4/10/2026,5:21:09,0,0,0,0,0,1
4/10/2026,5:21:10,0,0,0,0,0,0
4/10/2026,5:21:14,0,0,0,0,0,1
4/10/2026,5:21:19,0,0,0,0,0,1
4/10/2026,5:21:24,0,0,0,0,0,1
4/10/2026,5:21:29,0,0,0,0,0,1
4/10/2026,5:21:34,0,0,0,0,0,1
4/10/2026,5:21:39,0,0,0,0,0,1
4/10/2026,5:21:44,0,0,0,0,0,1
4/10/2026,5:21:49,0,0,0,0,0,1
4/10/2026,5:21:54,0,0,0,0,0,1
4/10/2026,5:21:59,0,0,0,0,0,1
4/10/2026,5:22:04,0,0,0,0,0,1
4/10/2026,5:22:09,0,0,0,0,0,1
4/10/2026,5:22:10,0,0,0,0,0,0
4/10/2026,5:22:14,0,0,0,0,0,1
4/10/2026,5:22:19,0,0,0,0,0,1
4/10/2026,5:22:24,0,0,0,0,0,1
4/10/2026,5:22:29,0,0,0,0,0,1
4/10/2026,5:22:34,0,0,0,0,0,1
4/10/2026,5:22:39,0,0,0,0,0,1
4/10/2026,5:22:44,0,0,0,0,0,1
4/10/2026,5:22:49,0,0,0,0,0,1
4/10/2026,5:22:54,0,0,0,0,0,1
4/10/2026,5:22:59,0,0,0,0,0,1
4/10/2026,5:23:04,0,0,0,0,0,1
4/10/2026,5:23:09,0,0,0,0,0,1
4/10/2026,5:23:10,0,0,0,0,0,0
4/10/2026,5:23:14,0,0,0,0,0,1
4/10/2026,5:23:19,0,0,0,0,0,1
4/10/2026,5:23:24,0,0,0,0,0,1
4/10/2026,5:23:29,0,0,0,0,0,1
4/10/2026,5:23:34,0,0,0,0,0,1
4/10/2026,5:23:39,0,0,0,0,0,1
4/10/2026,5:23:44,0,0,0,0,0,1
4/10/2026,5:23:49,0,0,0,0,0,1
4/10/2026,5:23:54,0,0,0,0,0,1
4/10/2026,5:23:59,0,0,0,0,0,1
4/10/2026,5:24:04,0,0,0,0,0,1
4/10/2026,5:24:09,0,0,0,0,0,1
4/10/2026,5:24:10,0,0,0,0,0,0
4/10/2026,5:24:14,0,0,0,0,0,1
4/10/2026,5:24:19,0,0,0,0,0,1
4/10/2026,5:24:24,0,0,0,0,0,1
4/10/2026,5:24:29,0,0,0,0,0,1
4/10/2026,5:24:34,0,0,0,0,0,1
4/10/2026,5:24:39,0,0,0,0,0,1
4/10/2026,5:24:44,0,0,0,0,0,1
4/10/2026,5:24:49,0,0,0,0,0,1
4/10/2026,5:24:54,0,0,0,0,0,1
4/10/2026,5:24:59,0,0,0,0,0,1
4/10/2026,5:25:04,0,0,0,0,0,1
4/10/2026,5:25:09,0,0,0,0,0,1
4/10/2026,5:25:10,0,0,0,0,0,0
4/10/2026,5:25:14,0,0,0,0,0,1
4/10/2026,5:25:19,0,0,0,0,0,1
4/10/2026,5:25:24,0,0,0,0,0,1
4/10/2026,5:25:29,0,0,0,0,0,1
4/10/2026,5:25:34,0,0,0,0,0,1
4/10/2026,5:25:39,0,0,0,0,0,1
4/10/2026,5:25:44,0,0,0,0,0,1
4/10/2026,5:25:49,0,0,0,0,0,1
4/10/2026,5:25:54,0,0,0,0,0,1
4/10/2026,5:25:59,0,0,0,0,0,1
4/10/2026,5:26:04,0,0,0,0,0,1
4/10/2026,5:26:09,0,0,0,0,0,1
4/10/2026,5:26:10,0,0,0,0,0,0
4/10/2026,5:26:14,0,0,0,0,0,1
4/10/2026,5:26:19,0,0,0,0,0,1
4/10/2026,5:26:24,0,0,0,0,0,1
4/10/2026,5:26:29,0,0,0,0,0,1
4/10/2026,5:26:34,0,0,0,0,0,1
4/10/2026,5:26:39,0,0,0,0,0,1
4/10/2026,5:26:44,0,0,0,0,0,1
4/10/2026,5:26:49,0,0,0,0,0,1
4/10/2026,5:26:54,0,0,0,0,0,1
4/10/2026,5:26:59,0,0,0,0,0,1
4/10/2026,5:27:04,0,0,0,0,0,1
4/10/2026,5:27:09,0,0,0,0,0,1
4/10/2026,5:27:10,0,0,0,0,0,0
4/10/2026,5:27:14,0,0,0,0,0,1
4/10/2026,5:27:19,0,0,0,0,0,1
4/10/2026,5:27:24,0,0,0,0,0,1
4/10/2026,5:27:29,0,0,0,0,0,1
4/10/2026,5:27:34,0,0,0,0,0,1
4/10/2026,5:27:39,0,0,0,0,0,1
4/10/2026,5:27:44,0,0,0,0,0,1
4/10/2026,5:27:49,0,0,0,0,0,1
4/10/2026,5:27:54,0,0,0,0,0,1
4/10/2026,5:27:59,0,0,0,0,0,1
4/10/2026,5:28:04,0,0,0,0,0,1
4/10/2026,5:28:09,0,0,0,0,0,1
4/10/2026,5:28:10,0,0,0,0,0,0
4/10/2026,5:28:14,0,0,0,0,0,1
4/10/2026,5:28:19,0,0,0,0,0,1
4/10/2026,5:28:24,0,0,0,0,0,1
4/10/2026,5:28:29,0,0,0,0,0,1
4/10/2026,5:28:34,0,0,0,0,0,1
4/10/2026,5:28:39,0,0,0,0,0,1
4/10/2026,5:28:44,0,0,0,0,0,1
4/10/2026,5:28:49,0,0,0,0,0,1
4/10/2026,5:28:54,0,0,0,0,0,1
4/10/2026,5:28:59,0,0,0,0,0,1
4/10/2026,5:29:04,0,0,0,0,0,1
4/10/2026,5:29:09,0,0,0,0,0,1
4/10/2026,5:29:10,0,0,0,0,0,0
4/10/2026,5:29:14,0,0,0,0,0,1
4/10/2026,5:29:20,0,0,0,0,0,1
4/10/2026,5:29:25,0,0,0,0,0,1
4/10/2026,5:29:30,0,0,0,0,0,1
4/10/2026,5:29:35,0,0,0,0,0,1
4/10/2026,5:29:40,0,0,0,0,0,1
4/10/2026,5:29:45,0,0,0,0,0,1
4/10/2026,5:29:50,0,0,0,0,0,1
4/10/2026,5:29:55,0,0,0,0,0,1
4/10/2026,5:30:00,0,0,0,0,0,1
4/10/2026,5:30:05,0,0,0,0,0,1
4/10/2026,5:30:10,0,0,0,0,0,1
4/10/2026,5:30:10,0,0,0,0,0,0
4/10/2026,5:30:15,0,0,0,0,0,1
4/10/2026,5:30:20,0,0,0,0,0,1
4/10/2026,5:30:25,0,0,0,0,0,1
4/10/2026,5:30:30,0,0,0,0,0,1
4/10/2026,5:30:35,0,0,0,0,0,1
4/10/2026,5:30:40,0,0,0,0,0,1
4/10/2026,5:30:45,0,0,0,0,0,1
4/10/2026,5:30:50,0,0,0,0,0,1
4/10/2026,5:30:55,0,0,0,0,0,1
4/10/2026,5:31:00,0,0,0,0,0,1
4/10/2026,5:31:05,0,0,0,0,0,1
4/10/2026,5:31:10,0,0,0,0,0,1
4/10/2026,5:31:10,0,0,0,0,0,0
4/10/2026,5:31:15,0,0,0,0,0,1
4/10/2026,5:31:20,0,0,0,0,0,1
4/10/2026,5:31:25,0,0,0,0,0,1
4/10/2026,5:31:30,0,0,0,0,0,1
4/10/2026,5:31:35,0,0,0,0,0,1
4/10/2026,5:31:40,0,0,0,0,0,1
4/10/2026,5:31:45,0,0,0,0,0,1
4/10/2026,5:31:50,0,0,0,0,0,1
4/10/2026,5:31:55,0,0,0,0,0,1
4/10/2026,5:32:00,0,0,0,0,0,1
4/10/2026,5:32:05,0,0,0,0,0,1
4/10/2026,5:32:10,0,0,0,0,0,1
4/10/2026,5:32:10,0,0,0,0,0,0
4/10/2026,5:32:15,0,0,0,0,0,1
4/10/2026,5:32:20,0,0,0,0,0,1
4/10/2026,5:32:25,0,0,0,0,0,1
4/10/2026,5:32:30,0,0,0,0,0,1
4/10/2026,5:32:35,0,0,0,0,0,1
4/10/2026,5:32:40,0,0,0,0,0,1
4/10/2026,5:32:45,0,0,0,0,0,1
4/10/2026,5:32:50,0,0,0,0,0,1
4/10/2026,5:32:55,0,0,0,0,0,1
4/10/2026,5:33:00,0,0,0,0,0,1
4/10/2026,5:33:05,0,0,0,0,0,1
4/10/2026,5:33:10,0,0,0,0,0,1
4/10/2026,5:33:10,0,0,0,0,0,0
4/10/2026,5:33:15,0,0,0,0,0,1
4/10/2026,5:33:20,0,0,0,0,0,1
4/10/2026,5:33:25,0,0,0,0,0,1
4/10/2026,5:33:30,0,0,0,0,0,1
4/10/2026,5:33:35,0,0,0,0,0,1
4/10/2026,5:33:40,0,0,0,0,0,1
4/10/2026,5:33:45,0,0,0,0,0,1
4/10/2026,5:33:50,0,0,0,0,0,1
4/10/2026,5:33:55,0,0,0,0,0,1
4/10/2026,5:34:00,0,0,0,0,0,1
4/10/2026,5:34:05,0,0,0,0,0,1
4/10/2026,5:34:10,0,0,0,0,0,1
4/10/2026,5:34:10,0,0,0,0,0,0
4/10/2026,5:34:15,0,0,0,0,0,1
4/10/2026,5:34:20,0,0,0,0,0,1
4/10/2026,5:34:25,0,0,0,0,0,1
4/10/2026,5:34:30,0,0,0,0,0,1
4/10/2026,5:34:35,0,0,0,0,0,1
4/10/2026,5:34:40,0,0,0,0,0,1
4/10/2026,5:34:45,0,0,0,0,0,1
4/10/2026,5:34:50,0,0,0,0,0,1
4/10/2026,5:34:55,0,0,0,0,0,1
4/10/2026,5:35:00,0,0,0,0,0,1
4/10/2026,5:35:05,0,0,0,0,0,1
4/10/2026,5:35:10,0,0,0,0,0,1
4/10/2026,5:35:10,0,0,0,0,0,0
4/10/2026,5:35:15,0,0,0,0,0,1
4/10/2026,5:35:20,0,0,0,0,0,1
4/10/2026,5:35:25,0,0,0,0,0,1
4/10/2026,5:35:30,0,0,0,0,0,1
4/10/2026,5:35:35,0,0,0,0,0,1
4/10/2026,5:35:40,0,0,0,0,0,1
4/10/2026,5:35:45,0,0,0,0,0,1
4/10/2026,5:35:50,0,0,0,0,0,1
4/10/2026,5:35:55,0,0,0,0,0,1
4/10/2026,5:36:00,0,0,0,0,0,1
4/10/2026,5:36:05,0,0,0,0,0,1
4/10/2026,5:36:10,0,0,0,0,0,1
4/10/2026,5:36:10,0,0,0,0,0,0
4/10/2026,5:36:15,0,0,0,0,0,1
4/10/2026,5:36:20,0,0,0,0,0,1
4/10/2026,5:36:25,0,0,0,0,0,1
4/10/2026,5:36:30,0,0,0,0,0,1
4/10/2026,5:36:35,0,0,0,0,0,1
4/10/2026,5:36:40,0,0,0,0,0,1
4/10/2026,5:36:45,0,0,0,0,0,1
4/10/2026,5:36:50,0,0,0,0,0,1
4/10/2026,5:36:55,0,0,0,0,0,1
4/10/2026,5:37:00,0,0,0,0,0,1
4/10/2026,5:37:05,0,0,0,0,0,1
4/10/2026,5:37:10,0,0,0,0,0,1
4/10/2026,5:37:10,0,0,0,0,0,0
4/10/2026,5:37:15,0,0,0,0,0,1
4/10/2026,5:37:20,0,0,0,0,0,1
4/10/2026,5:37:25,0,0,0,0,0,1
4/10/2026,5:37:30,0,0,0,0,0,1
4/10/2026,5:37:35,0,0,0,0,0,1
4/10/2026,5:37:40,0,0,0,0,0,1
4/10/2026,5:37:45,0,0,0,0,0,1
4/10/2026,5:37:50,0,0,0,0,0,1
4/10/2026,5:37:55,0,0,0,0,0,1
4/10/2026,5:38:00,0,0,0,0,0,1
4/10/2026,5:38:05,0,0,0,0,0,1
4/10/2026,5:38:10,0,0,0,0,0,1
4/10/2026,5:38:10,0,0,0,0,0,0
4/10/2026,5:38:15,0,0,0,0,0,1
4/10/2026,5:38:20,0,0,0,0,0,1
4/10/2026,5:38:25,0,0,0,0,0,1
4/10/2026,5:38:30,0,0,0,0,0,1
4/10/2026,5:38:35,0,0,0,0,0,1
4/10/2026,5:38:40,0,0,0,0,0,1
4/10/2026,5:38:45,0,0,0,0,0,1
4/10/2026,5:38:50,0,0,0,0,0,1
4/10/2026,5:38:55,0,0,0,0,0,1
4/10/2026,5:39:00,0,0,0,0,0,1
4/10/2026,5:39:05,0,0,0,0,0,1
4/10/2026,5:39:10,0,0,0,0,0,1
4/10/2026,5:39:10,0,0,0,0,0,0
4/10/2026,5:39:15,0,0,0,0,0,1
4/10/2026,5:39:20,0,0,0,0,0,1
4/10/2026,5:39:25,0,0,0,0,0,1
4/10/2026,5:39:30,0,0,0,0,0,1
4/10/2026,5:39:35,0,0,0,0,0,1
4/10/2026,5:39:40,0,0,0,0,0,1
4/10/2026,5:39:45,0,0,0,0,0,1
4/10/2026,5:39:50,0,0,0,0,0,1
4/10/2026,5:39:55,0,0,0,0,0,1
4/10/2026,5:40:00,0,0,0,0,0,1
4/10/2026,5:40:05,0,0,0,0,0,1
4/10/2026,5:40:10,0,0,0,0,0,1
4/10/2026,5:40:10,0,0,0,0,0,0
4/10/2026,5:40:15,0,0,0,0,0,1
4/10/2026,5:40:20,0,0,0,0,0,1
4/10/2026,5:40:25,0,0,0,0,0,1
4/10/2026,5:40:30,0,0,0,0,0,1
4/10/2026,5:40:35,0,0,0,0,0,1
4/10/2026,5:40:40,0,0,0,0,0,1
4/10/2026,5:40:45,0,0,0,0,0,1
4/10/2026,5:40:50,0,0,0,0,0,1
4/10/2026,5:40:55,0,0,0,0,0,1
4/10/2026,5:41:00,0,0,0,0,0,1
4/10/2026,5:41:05,0,0,0,0,0,1
4/10/2026,5:41:10,0,0,0,0,1,0
4/10/2026,5:41:10,0,0,0,0,0,0
4/10/2026,5:41:15,0,0,0,1,1,0
4/10/2026,5:41:20,1,0,0,0,1,0
4/10/2026,5:41:25,1,0,0,0,1,0
4/10/2026,5:41:30,0,1,0,0,1,0
4/10/2026,5:41:35,0,0,0,0,0,1
4/10/2026,5:41:40,0,0,0,0,0,1
4/10/2026,5:41:45,1,0,0,0,0,1
4/10/2026,5:41:50,0,0,0,0,0,1
4/10/2026,5:41:55,0,0,0,0,0,1
4/10/2026,5:42:00,0,0,0,0,0,1
4/10/2026,5:42:05,0,0,1,0,0,1
4/10/2026,5:42:10,0,1,0,0,0,1
4/10/2026,5:42:10,0,0,0,0,0,0
4/10/2026,5:42:15,0,1,0,0,0,1
4/10/2026,5:42:25,0,0,0,0,1,0
4/10/2026,5:42:30,1,0,0,0,1,0
4/10/2026,5:42:35,0,0,0,0,1,0
4/10/2026,5:42:40,0,0,0,1,1,0
4/10/2026,5:42:45,0,0,0,0,1,0
4/10/2026,5:42:50,0,0,0,0,1,0
4/10/2026,5:42:55,0,1,0,0,1,0
4/10/2026,5:43:00,0,0,1,0,1,0
4/10/2026,5:43:05,0,0,0,0,0,1
4/10/2026,5:43:10,0,0,0,0,0,1
4/10/2026,5:43:10,0,0,0,0,0,0
4/10/2026,5:43:15,0,0,0,1,0,1
4/10/2026,5:43:20,1,0,0,0,0,1
4/10/2026,5:43:25,1,0,0,0,0,1
4/10/2026,5:43:30,0,0,1,0,0,1
4/10/2026,5:43:40,0,0,0,0,1,0
4/10/2026,5:43:45,1,0,0,0,1,0
4/10/2026,5:43:50,1,0,0,0,1,0
4/10/2026,5:43:55,0,1,0,0,1,0
4/10/2026,5:44:00,0,1,0,0,1,0
4/10/2026,5:44:05,0,0,0,0,0,1
4/10/2026,5:44:10,0,1,0,0,0,1
4/10/2026,5:44:10,0,0,0,0,0,0
4/10/2026,5:44:15,0,1,0,0,0,1
4/10/2026,5:44:20,0,1,0,0,0,1
4/10/2026,5:44:25,0,1,0,0,0,1
4/10/2026,5:44:30,1,0,0,0,0,1
4/10/2026,5:44:35,0,1,0,0,0,1
4/10/2026,5:44:40,0,1,0,0,0,1
4/10/2026,5:44:45,0,1,0,0,0,1
4/10/2026,5:44:50,0,1,0,0,0,1
4/10/2026,5:44:55,0,0,1,0,0,1
4/10/2026,5:45:00,0,0,0,0,0,1
4/10/2026,5:45:05,0,0,0,0,0,1
4/10/2026,5:45:10,0,0,0,0,0,1
4/10/2026,5:45:10,0,0,0,0,0,0
4/10/2026,5:45:15,0,0,0,0,0,1
4/10/2026,5:45:20,0,0,0,0,0,1
4/10/2026,5:45:25,0,0,0,0,0,1
4/10/2026,5:45:30,0,0,0,0,0,1
4/10/2026,5:45:35,0,0,0,0,0,1
4/10/2026,5:45:40,0,0,0,0,0,1
4/10/2026,5:45:45,0,0,0,0,0,1
4/10/2026,5:45:50,0,0,0,0,0,1
4/10/2026,5:45:55,0,0,0,0,0,1
4/10/2026,5:46:00,0,0,0,0,0,1
4/10/2026,5:46:05,0,0,0,0,0,1
4/10/2026,5:46:10,0,0,0,0,0,1
4/10/2026,5:46:10,0,0,0,0,0,0
4/10/2026,5:46:15,0,0,0,0,0,1
4/10/2026,5:46:20,0,0,0,0,0,1
4/10/2026,5:46:25,0,0,0,0,0,1
4/10/2026,5:46:30,0,0,0,0,0,1
4/10/2026,5:46:35,0,0,0,0,0,1
4/10/2026,5:46:40,0,0,0,0,0,1
4/10/2026,5:46:45,0,0,0,0,0,1
4/10/2026,5:46:50,0,0,0,0,0,1
4/10/2026,5:46:55,0,0,0,0,0,1
4/10/2026,5:47:00,0,0,0,0,0,1
4/10/2026,5:47:05,0,0,0,0,0,1
4/10/2026,5:47:10,0,0,0,0,0,1
4/10/2026,5:47:10,0,0,0,0,0,0
4/10/2026,5:47:15,0,0,0,0,0,1
4/10/2026,5:47:20,0,0,0,0,0,1
4/10/2026,5:47:25,0,0,0,0,0,1
4/10/2026,5:47:30,0,0,0,0,0,1
4/10/2026,5:47:35,0,0,0,0,0,1
4/10/2026,5:47:40,0,0,0,0,0,1
4/10/2026,5:47:45,0,0,0,0,0,1
4/10/2026,5:47:50,0,0,0,0,0,1
4/10/2026,5:47:55,0,0,0,0,0,1
4/10/2026,5:48:00,0,0,0,0,0,1
4/10/2026,5:48:05,0,0,0,0,0,1
4/10/2026,5:48:10,0,0,0,0,0,1
4/10/2026,5:48:10,0,0,0,0,0,0
4/10/2026,5:48:15,0,0,0,0,0,1
4/10/2026,5:48:20,0,0,0,0,0,1
4/10/2026,5:48:25,0,0,0,0,0,1
4/10/2026,5:48:30,0,0,0,0,0,1
4/10/2026,5:48:35,0,0,0,0,0,1
4/10/2026,5:48:40,0,0,0,0,0,1
4/10/2026,5:48:45,0,0,0,0,0,1
4/10/2026,5:48:50,0,0,0,0,0,1
4/10/2026,5:48:55,0,0,0,0,0,1
4/10/2026,5:49:00,0,0,0,0,0,1
4/10/2026,5:49:05,0,0,0,0,0,1
4/10/2026,5:49:10,0,0,0,0,0,1
4/10/2026,5:49:10,0,0,0,0,0,0
4/10/2026,5:49:15,0,0,0,0,0,1
4/10/2026,5:49:20,0,0,0,0,0,1
4/10/2026,5:49:25,0,0,0,0,0,1
4/10/2026,5:49:30,0,0,0,0,0,1
4/10/2026,5:49:35,0,0,0,0,0,1
4/10/2026,5:49:40,0,0,0,0,0,1
4/10/2026,5:49:45,0,0,0,0,0,1
4/10/2026,5:49:50,0,0,0,0,0,1
4/10/2026,5:49:55,0,0,0,0,0,1
4/10/2026,5:50:00,0,0,0,0,0,1
4/10/2026,5:50:05,0,0,0,0,0,1
4/10/2026,5:50:10,0,0,0,0,0,1
4/10/2026,5:50:10,0,0,0,0,0,0
4/10/2026,5:50:15,0,0,0,0,0,1
4/10/2026,5:50:20,0,0,0,0,0,1
4/10/2026,5:50:25,0,0,0,0,0,1
4/10/2026,5:50:30,0,0,0,0,0,1
4/10/2026,5:50:35,0,0,0,0,0,1
4/10/2026,5:50:40,0,0,0,0,0,1
4/10/2026,5:50:45,0,0,0,0,0,1
4/10/2026,5:50:50,0,0,0,0,0,1
4/10/2026,5:50:55,0,0,0,0,0,1
4/10/2026,5:51:00,0,0,0,0,0,1
4/10/2026,5:51:05,0,0,0,0,0,1
4/10/2026,5:51:10,0,0,0,0,0,1
4/10/2026,5:51:10,0,0,0,0,0,0
4/10/2026,5:51:15,0,0,0,0,0,1
4/10/2026,5:51:20,0,0,0,0,0,1
4/10/2026,5:51:25,0,0,0,0,0,1
4/10/2026,5:51:30,0,0,0,0,0,1
4/10/2026,5:51:35,0,0,0,0,0,1
4/10/2026,5:51:40,0,0,0,0,0,1
4/10/2026,5:51:45,0,0,0,0,0,1
4/10/2026,5:51:50,0,0,0,0,0,1
4/10/2026,5:51:55,0,0,0,0,0,1
4/10/2026,5:52:00,0,0,0,0,0,1
4/10/2026,5:52:05,0,0,0,0,0,1
4/10/2026,5:52:10,0,0,0,0,0,1
4/10/2026,5:52:10,0,0,0,0,0,0
4/10/2026,5:52:15,0,0,0,0,0,1
4/10/2026,5:52:20,0,0,0,0,0,1
4/10/2026,5:52:25,0,0,0,0,0,1
4/10/2026,5:52:30,0,0,0,0,0,1
4/10/2026,5:52:35,0,0,0,0,0,1
4/10/2026,5:52:40,0,0,0,0,0,1
4/10/2026,5:52:45,0,0,0,0,0,1
4/10/2026,5:52:50,0,0,0,0,0,1
4/10/2026,5:52:55,0,0,0,0,0,1
4/10/2026,5:53:00,0,0,0,0,0,1
4/10/2026,5:53:05,0,0,0,0,0,1
4/10/2026,5:53:10,0,0,0,0,0,1
4/10/2026,5:53:10,0,0,0,0,0,0
4/10/2026,5:53:15,0,0,0,0,0,1
4/10/2026,5:53:20,0,0,0,0,0,1
4/10/2026,5:53:25,0,0,0,0,0,1
4/10/2026,5:53:30,0,0,0,0,0,1
4/10/2026,5:53:35,0,0,0,0,0,1
4/10/2026,5:53:40,0,0,0,0,0,1
4/10/2026,5:53:45,0,0,0,0,0,1
4/10/2026,5:53:50,0,0,0,0,0,1
4/10/2026,5:53:55,0,0,0,0,0,1
4/10/2026,5:54:00,0,0,0,0,0,1
4/10/2026,5:54:05,0,0,0,0,0,1
4/10/2026,5:54:10,0,0,0,0,0,1
4/10/2026,5:54:10,0,0,0,0,0,0
4/10/2026,5:54:15,0,0,0,0,0,1
4/10/2026,5:54:20,0,0,0,0,0,1
4/10/2026,5:54:25,0,0,0,0,0,1
4/10/2026,5:54:30,0,0,0,0,0,1
4/10/2026,5:54:35,0,0,0,0,0,1
4/10/2026,5:54:40,0,0,0,0,0,1
4/10/2026,5:54:45,0,0,0,0,0,1
4/10/2026,5:54:50,0,0,0,0,0,1
4/10/2026,5:54:55,0,0,0,0,0,1
4/10/2026,5:55:00,0,0,0,0,0,1
4/10/2026,5:55:05,0,0,0,0,0,1
4/10/2026,5:55:10,0,0,0,0,0,1
4/10/2026,5:55:10,0,0,0,0,0,0
4/10/2026,5:55:15,0,0,0,0,0,1
4/10/2026,5:55:20,0,0,0,0,0,1
4/10/2026,5:55:25,0,0,0,0,0,1
4/10/2026,5:55:30,0,0,0,0,0,1
4/10/2026,5:55:35,0,0,0,0,0,1
4/10/2026,5:55:40,0,0,0,0,0,1
4/10/2026,5:55:45,0,0,0,0,0,1
4/10/2026,5:55:50,0,0,0,0,0,1
4/10/2026,5:55:55,0,0,0,0,0,1
4/10/2026,5:56:00,0,0,0,0,0,1
4/10/2026,5:56:05,0,0,0,0,0,1
4/10/2026,5:56:10,0,0,0,0,0,1
4/10/2026,5:56:10,0,0,0,0,0,0
4/10/2026,5:56:15,0,0,0,0,0,1
4/10/2026,5:56:20,0,0,0,0,0,1
4/10/2026,5:56:25,0,0,0,0,0,1
4/10/2026,5:56:30,0,0,0,0,0,1
4/10/2026,5:56:35,0,0,0,0,0,1
4/10/2026,5:56:40,0,0,0,0,0,1
4/10/2026,5:56:45,0,0,0,0,0,1
4/10/2026,5:56:50,0,0,0,0,0,1
4/10/2026,5:56:55,0,0,0,0,0,1
4/10/2026,5:57:00,0,0,0,0,0,1
4/10/2026,5:57:05,0,0,0,0,0,1
4/10/2026,5:57:10,0,0,0,0,0,1
4/10/2026,5:57:10,0,0,0,0,0,0
4/10/2026,5:57:15,0,0,0,0,0,1
4/10/2026,5:57:20,0,0,0,0,0,1
4/10/2026,5:57:25,0,0,0,0,0,1
4/10/2026,5:57:30,0,0,0,0,0,1
4/10/2026,5:57:35,0,0,0,0,0,1
4/10/2026,5:57:40,0,0,0,0,0,1
4/10/2026,5:57:45,0,0,0,0,0,1
4/10/2026,5:57:50,0,0,0,0,0,1
4/10/2026,5:57:55,0,0,0,0,0,1
4/10/2026,5:58:00,0,0,0,0,0,1
4/10/2026,5:58:05,0,0,0,0,0,1
4/10/2026,5:58:10,0,0,0,0,0,1
4/10/2026,5:58:10,0,0,0,0,0,0
4/10/2026,5:58:15,0,0,0,0,0,1
4/10/2026,5:58:20,0,0,0,0,0,1
4/10/2026,5:58:25,0,0,0,0,0,1
4/10/2026,5:58:30,0,0,0,0,0,1
4/10/2026,5:58:35,0,0,0,0,0,1
4/10/2026,5:58:40,0,0,0,0,0,1
4/10/2026,5:58:45,0,0,0,0,0,1
4/10/2026,5:58:50,0,0,0,0,0,1
4/10/2026,5:58:55,0,0,0,0,0,1
4/10/2026,5:59:00,0,0,0,0,0,1
4/10/2026,5:59:05,0,0,0,0,0,1
4/10/2026,5:59:10,0,0,0,0,0,1
4/10/2026,5:59:10,0,0,0,0,0,0
4/10/2026,5:59:15,0,0,0,0,0,1
4/10/2026,5:59:20,0,0,0,0,0,1
4/10/2026,5:59:25,0,0,0,0,0,1
4/10/2026,5:59:30,0,0,0,0,0,1
4/10/2026,5:59:35,0,0,0,0,0,1
4/10/2026,5:59:40,0,0,0,0,0,1
4/10/2026,5:59:45,0,0,0,0,0,1
4/10/2026,5:59:50,0,0,0,0,0,1
4/10/2026,5:59:55,0,0,0,0,0,1
4/10/2026,6:00:00,0,0,0,0,0,1
4/10/2026,6:00:05,0,0,0,0,0,1
4/10/2026,6:00:10,0,0,0,0,0,1
4/10/2026,6:00:10,0,0,0,0,0,0
4/10/2026,6:00:15,0,0,0,0,0,1
4/10/2026,6:00:20,0,0,0,0,0,1
4/10/2026,6:00:25,0,0,0,0,0,1
4/10/2026,6:00:30,0,0,0,0,0,1
4/10/2026,6:00:35,0,0,0,0,0,1
4/10/2026,6:00:40,0,0,0,0,0,1
4/10/2026,6:00:45,0,0,0,0,0,1
4/10/2026,6:00:50,0,0,0,0,0,1
4/10/2026,6:00:55,0,0,0,0,0,1
4/10/2026,6:01:00,0,0,0,0,0,1
4/10/2026,6:01:05,0,0,0,0,0,1
4/10/2026,6:01:10,0,0,0,0,0,1
4/10/2026,6:01:10,0,0,0,0,0,0
4/10/2026,6:01:15,0,0,0,0,0,1
4/10/2026,6:01:20,0,0,0,0,0,1
4/10/2026,6:01:25,0,0,0,0,0,1
4/10/2026,6:01:30,0,0,0,0,0,1
4/10/2026,6:01:35,0,0,0,0,0,1
4/10/2026,6:01:40,0,0,0,0,0,1
4/10/2026,6:01:45,0,0,0,0,0,1
4/10/2026,6:01:50,0,0,0,0,0,1
4/10/2026,6:01:55,0,0,0,0,0,1
4/10/2026,6:02:00,0,0,0,0,0,1
4/10/2026,6:02:05,0,0,0,0,0,1
4/10/2026,6:02:10,0,0,0,0,0,1
4/10/2026,6:02:10,0,0,0,0,0,0
4/10/2026,6:02:15,0,0,0,0,0,1
4/10/2026,6:02:20,0,0,0,0,0,1
4/10/2026,6:02:25,0,0,0,0,0,1
4/10/2026,6:02:30,0,0,0,0,0,1
4/10/2026,6:02:35,0,0,0,0,0,1
4/10/2026,6:02:40,0,0,0,0,0,1
4/10/2026,6:02:45,0,0,0,0,0,1
4/10/2026,6:02:50,0,0,0,0,0,1
4/10/2026,6:02:55,0,0,0,0,0,1
4/10/2026,6:03:00,0,0,0,0,0,1
4/10/2026,6:03:05,0,0,0,0,0,1
4/10/2026,6:03:10,0,0,0,0,0,1
4/10/2026,6:03:10,0,0,0,0,0,0
4/10/2026,6:03:15,0,0,0,0,0,1
4/10/2026,6:03:20,0,0,0,0,0,1
4/10/2026,6:03:25,0,0,0,0,0,1
4/10/2026,6:03:30,0,0,0,0,0,1
4/10/2026,6:03:35,0,0,0,0,0,1
4/10/2026,6:03:40,0,0,0,0,0,1
4/10/2026,6:03:45,0,0,0,0,0,1
4/10/2026,6:03:50,0,0,0,0,0,1
4/10/2026,6:03:55,0,0,0,0,0,1
4/10/2026,6:04:00,0,0,0,0,0,1
4/10/2026,6:04:05,0,0,0,0,0,1
4/10/2026,6:04:10,0,0,0,0,0,1
4/10/2026,6:04:10,0,0,0,0,0,0
4/10/2026,6:04:15,0,0,0,0,0,1
4/10/2026,6:04:20,0,0,0,0,0,1
4/10/2026,6:04:25,0,0,0,0,0,1
4/10/2026,6:04:30,0,0,0,0,0,1
4/10/2026,6:04:35,0,0,0,0,0,1
4/10/2026,6:04:40,0,0,0,0,0,1
4/10/2026,6:04:45,0,0,0,0,0,1
4/10/2026,6:04:50,0,0,0,0,0,1
4/10/2026,6:04:55,0,0,0,0,0,1
4/10/2026,6:05:00,0,0,0,0,0,1
4/10/2026,6:05:05,0,0,0,0,0,1
4/10/2026,6:05:10,0,0,0,0,0,1
4/10/2026,6:05:10,0,0,0,0,0,0
4/10/2026,6:05:15,0,0,0,0,0,1
4/10/2026,6:05:20,0,0,0,0,0,1
4/10/2026,6:05:25,0,0,0,0,0,1
4/10/2026,6:05:30,0,0,0,0,0,1
4/10/2026,6:05:35,0,0,0,0,0,1
4/10/2026,6:05:40,0,0,0,0,0,1
4/10/2026,6:05:45,0,0,0,0,0,1
4/10/2026,6:05:50,0,0,0,0,0,1
4/10/2026,6:05:55,0,0,0,0,0,1
4/10/2026,6:06:00,0,0,0,0,0,1
4/10/2026,6:06:05,0,0,0,0,0,1
4/10/2026,6:06:10,0,0,0,0,0,1
4/10/2026,6:06:10,0,0,0,0,0,0
4/10/2026,6:06:15,0,0,0,0,0,1
4/10/2026,6:06:20,0,0,0,0,0,1
4/10/2026,6:06:25,0,0,0,0,0,1
4/10/2026,6:06:30,0,0,0,0,0,1
4/10/2026,6:06:35,0,0,0,0,0,1
4/10/2026,6:06:40,0,0,0,0,0,1
4/10/2026,6:06:45,0,0,0,0,0,1
4/10/2026,6:06:50,0,0,0,0,0,1
4/10/2026,6:06:55,0,0,0,0,0,1
4/10/2026,6:07:00,0,0,0,0,0,1
4/10/2026,6:07:05,0,0,0,0,0,1
4/10/2026,6:07:10,0,0,0,0,0,1
4/10/2026,6:07:10,0,0,0,0,0,0
4/10/2026,6:07:15,0,0,0,0,0,1
4/10/2026,6:07:20,0,0,0,0,0,1
4/10/2026,6:07:25,0,0,0,0,0,1
4/10/2026,6:07:30,0,0,0,0,0,1
4/10/2026,6:07:35,0,0,0,0,0,1
4/10/2026,6:07:40,0,0,0,0,0,1
4/10/2026,6:07:45,0,0,0,0,0,1
4/10/2026,6:07:50,0,0,0,0,0,1
4/10/2026,6:07:55,0,0,0,0,0,1
4/10/2026,6:08:00,0,0,0,0,0,1
4/10/2026,6:08:05,0,0,0,0,0,1
4/10/2026,6:08:10,0,0,0,0,0,1
4/10/2026,6:08:10,0,0,0,0,0,0
4/10/2026,6:08:15,0,0,0,0,0,1
4/10/2026,6:08:20,0,0,0,0,0,1
4/10/2026,6:08:25,0,0,0,0,0,1
4/10/2026,6:08:30,0,0,0,0,0,1
4/10/2026,6:08:35,0,0,0,0,0,1
4/10/2026,6:08:40,0,0,0,0,0,1
4/10/2026,6:08:45,0,0,0,0,0,1
4/10/2026,6:08:50,0,0,0,0,0,1
4/10/2026,6:08:55,0,0,0,0,0,1
4/10/2026,6:09:00,0,0,0,0,0,1
4/10/2026,6:09:05,0,0,0,0,0,1
4/10/2026,6:09:10,0,0,0,0,0,1
4/10/2026,6:09:10,0,0,0,0,0,0
4/10/2026,6:09:15,0,0,0,0,0,1
4/10/2026,6:09:20,0,0,0,0,0,1
4/10/2026,6:09:25,0,0,0,0,0,1
4/10/2026,6:09:30,0,0,0,0,0,1
4/10/2026,6:09:35,0,0,0,0,0,1
4/10/2026,6:09:40,0,0,0,0,0,1
4/10/2026,6:09:45,0,0,0,0,0,1
4/10/2026,6:09:50,0,0,0,0,0,1
4/10/2026,6:09:55,0,0,0,0,0,1
4/10/2026,6:10:00,0,0,0,0,0,1
4/10/2026,6:10:05,0,0,0,0,0,1
4/10/2026,6:10:10,0,0,0,0,0,1
4/10/2026,6:10:10,0,0,0,0,0,0
4/10/2026,6:10:15,0,0,0,0,0,1
4/10/2026,6:10:20,0,0,0,0,0,1
4/10/2026,6:10:25,0,0,0,0,0,1
4/10/2026,6:10:30,0,0,0,0,0,1
4/10/2026,6:10:35,0,0,0,0,0,1
4/10/2026,6:10:40,0,0,0,0,0,1
4/10/2026,6:10:45,0,0,0,0,0,1
4/10/2026,6:10:50,0,0,0,0,0,1
4/10/2026,6:10:55,0,0,0,0,0,1
4/10/2026,6:11:00,0,0,0,0,0,1
4/10/2026,6:11:05,0,0,0,0,0,1
4/10/2026,6:11:10,0,0,0,0,0,1
4/10/2026,6:11:10,0,0,0,0,0,0
4/10/2026,6:11:15,0,0,0,0,0,1
4/10/2026,6:11:20,0,0,0,0,0,1
4/10/2026,6:11:25,0,0,0,0,0,1
4/10/2026,6:11:30,0,0,0,0,0,1
4/10/2026,6:11:35,0,0,0,0,0,1
4/10/2026,6:11:40,0,0,0,0,0,1
4/10/2026,6:11:45,0,0,0,0,0,1
4/10/2026,6:11:50,0,0,0,0,0,1
4/10/2026,6:11:55,0,0,0,0,0,1
4/10/2026,6:12:00,0,0,0,0,0,1
4/10/2026,6:12:05,0,0,0,0,0,1
4/10/2026,6:12:10,0,0,0,0,0,1
4/10/2026,6:12:10,0,0,0,0,0,0
4/10/2026,6:12:15,0,0,0,0,0,1
4/10/2026,6:12:20,0,0,0,0,0,1
4/10/2026,6:12:25,0,0,0,0,0,1
4/10/2026,6:12:30,0,0,0,0,0,1
4/10/2026,6:12:35,0,0,0,0,0,1
4/10/2026,6:12:40,0,0,0,0,0,1
4/10/2026,6:12:45,0,0,0,0,0,1
4/10/2026,6:12:50,0,0,0,0,0,1
4/10/2026,6:12:55,0,0,0,0,0,1
4/10/2026,6:13:00,0,0,0,0,0,1
4/10/2026,6:13:05,0,0,0,0,0,1
4/10/2026,6:13:10,0,0,0,0,0,1
4/10/2026,6:13:10,0,0,0,0,0,0
4/10/2026,6:13:15,0,0,0,0,0,1
4/10/2026,6:13:20,0,0,0,0,0,1
4/10/2026,6:13:25,0,0,0,0,0,1
4/10/2026,6:13:30,0,0,0,0,0,1
4/10/2026,6:13:35,0,0,0,0,0,1
4/10/2026,6:13:40,0,0,0,0,0,1
4/10/2026,6:13:45,0,0,0,0,0,1
4/10/2026,6:13:50,0,0,0,0,0,1
4/10/2026,6:13:55,0,0,0,0,0,1
4/10/2026,6:14:00,0,0,0,0,0,1
4/10/2026,6:14:05,0,0,0,0,0,1
4/10/2026,6:14:10,0,0,0,0,0,1
4/10/2026,6:14:10,0,0,0,0,0,0
4/10/2026,6:14:15,0,0,0,0,0,1
4/10/2026,6:14:20,0,0,0,0,0,1
4/10/2026,6:14:25,0,0,0,0,0,1
4/10/2026,6:14:30,0,0,0,0,0,1
4/10/2026,6:14:35,0,0,0,0,0,1
4/10/2026,6:14:40,0,0,0,0,0,1
4/10/2026,6:14:45,0,0,0,0,0,1
4/10/2026,6:14:50,0,0,0,0,0,1
4/10/2026,6:14:55,0,0,0,0,0,1
4/10/2026,6:15:00,0,0,0,0,0,1
4/10/2026,6:15:05,0,0,0,0,0,1
4/10/2026,6:15:10,0,0,0,0,0,1
4/10/2026,6:15:10,0,0,0,0,0,0
4/10/2026,6:15:15,0,0,0,0,0,1
4/10/2026,6:15:20,0,0,0,0,0,1
4/10/2026,6:15:25,0,0,0,0,0,1
4/10/2026,6:15:30,0,0,0,0,0,1
4/10/2026,6:15:35,0,0,0,0,0,1
4/10/2026,6:15:40,0,0,0,0,0,1
4/10/2026,6:15:45,0,0,0,0,0,1
4/10/2026,6:15:50,0,0,0,0,0,1
4/10/2026,6:15:55,0,0,0,0,0,1
4/10/2026,6:16:00,0,0,0,0,0,1
4/10/2026,6:16:05,0,0,0,0,0,1
4/10/2026,6:16:10,0,0,0,0,0,1
4/10/2026,6:16:10,0,0,0,0,0,0
4/10/2026,6:16:15,0,0,0,0,0,1
4/10/2026,6:16:20,0,0,0,0,0,1
4/10/2026,6:16:25,0,0,0,0,0,1
4/10/2026,6:16:30,0,0,0,0,0,1
4/10/2026,6:16:35,0,0,0,0,0,1
4/10/2026,6:16:40,0,0,0,0,0,1
4/10/2026,6:16:45,0,0,0,0,0,1
4/10/2026,6:16:50,0,0,0,0,0,1
4/10/2026,6:16:55,0,0,0,0,0,1
4/10/2026,6:17:00,0,0,0,0,0,1
4/10/2026,6:17:05,0,0,0,0,0,1
4/10/2026,6:17:10,0,0,0,0,0,1
4/10/2026,6:17:10,0,0,0,0,0,0
4/10/2026,6:17:15,0,0,0,0,0,1
4/10/2026,6:17:20,0,0,0,0,0,1
4/10/2026,6:17:25,0,0,0,0,0,1
4/10/2026,6:17:30,0,0,0,0,0,1
4/10/2026,6:17:35,0,0,0,0,0,1
4/10/2026,6:17:40,0,0,0,0,0,1
4/10/2026,6:17:45,0,0,0,0,0,1
4/10/2026,6:17:50,0,0,0,0,0,1
4/10/2026,6:17:55,0,0,0,0,0,1
4/10/2026,6:18:00,0,0,0,0,0,1
4/10/2026,6:18:05,0,0,0,0,0,1
4/10/2026,6:18:10,0,0,0,0,0,1
4/10/2026,6:18:10,0,0,0,0,0,0
4/10/2026,6:18:15,0,0,0,0,0,1
4/10/2026,6:18:20,0,0,0,0,0,1
4/10/2026,6:18:25,0,0,0,0,0,1
4/10/2026,6:18:30,0,0,0,0,0,1
4/10/2026,6:18:35,0,0,0,0,0,1
4/10/2026,6:18:40,0,0,0,0,0,1
4/10/2026,6:18:45,0,0,0,0,0,1
4/10/2026,6:18:50,0,0,0,0,0,1
4/10/2026,6:18:55,0,0,0,0,0,1
4/10/2026,6:19:00,0,0,0,0,0,1
4/10/2026,6:19:05,0,0,0,0,0,1
4/10/2026,6:19:10,0,0,0,0,0,1
4/10/2026,6:19:10,0,0,0,0,0,0
4/10/2026,6:19:15,0,0,0,0,0,1
4/10/2026,6:19:20,0,0,0,0,0,1
4/10/2026,6:19:25,0,0,0,0,0,1
4/10/2026,6:19:30,0,0,0,0,0,1
4/10/2026,6:19:35,0,0,0,0,0,1
4/10/2026,6:19:40,0,0,0,0,0,1
4/10/2026,6:19:45,0,0,0,0,0,1
4/10/2026,6:19:50,0,0,0,0,0,1
4/10/2026,6:19:55,0,0,0,0,0,1
4/10/2026,6:20:00,0,0,0,0,0,1
4/10/2026,6:20:05,0,0,0,0,0,1
4/10/2026,6:20:10,0,0,0,0,0,1
4/10/2026,6:20:10,0,0,0,0,0,0
4/10/2026,6:20:15,0,0,0,0,0,1
4/10/2026,6:20:20,0,0,0,0,0,1
4/10/2026,6:20:25,0,0,0,0,0,1
4/10/2026,6:20:30,0,0,0,0,0,1
4/10/2026,6:20:35,0,0,0,0,0,1
4/10/2026,6:20:40,0,0,0,0,0,1
4/10/2026,6:20:45,0,0,0,0,0,1
4/10/2026,6:20:50,0,0,0,0,0,1
4/10/2026,6:20:55,0,0,0,0,0,1
4/10/2026,6:21:00,0,0,0,0,0,1
4/10/2026,6:21:05,0,0,0,0,0,1
4/10/2026,6:21:10,0,0,0,0,0,1
4/10/2026,6:21:10,0,0,0,0,0,0
4/10/2026,6:21:15,0,0,0,0,0,1
4/10/2026,6:21:20,0,0,0,0,0,1
4/10/2026,6:21:25,0,0,0,0,0,1
4/10/2026,6:21:30,0,0,0,0,0,1
4/10/2026,6:21:35,0,0,0,0,0,1
4/10/2026,6:21:40,0,0,0,0,0,1
4/10/2026,6:21:45,0,0,0,0,0,1
4/10/2026,6:21:50,0,0,0,0,0,1
4/10/2026,6:21:55,0,0,0,0,0,1
4/10/2026,6:22:08,0,0,0,0,0,1
4/10/2026,6:22:10,0,0,0,0,0,0
4/10/2026,6:22:13,0,0,0,0,0,1
4/10/2026,6:22:18,0,0,0,0,0,1
4/10/2026,6:22:23,0,0,0,0,0,1
4/10/2026,6:22:28,0,0,0,0,0,1
4/10/2026,6:22:33,0,0,0,0,0,1
4/10/2026,6:22:38,0,0,0,0,0,1
4/10/2026,6:22:43,0,0,0,0,0,1
4/10/2026,6:22:48,0,0,0,0,0,1
4/10/2026,6:22:53,0,0,0,0,0,1
4/10/2026,6:22:58,0,0,0,0,0,1
4/10/2026,6:23:03,0,0,0,0,0,1
4/10/2026,6:23:08,0,0,0,0,0,1
4/10/2026,6:23:10,0,0,0,0,0,0
4/10/2026,6:23:13,0,0,0,0,0,1
4/10/2026,6:23:18,0,0,0,0,0,1
4/10/2026,6:23:23,0,0,0,0,0,1
4/10/2026,6:23:28,0,0,0,0,0,1
4/10/2026,6:23:33,0,0,0,0,0,1
4/10/2026,6:23:38,0,0,0,0,0,1
4/10/2026,6:23:43,0,0,0,0,0,1
4/10/2026,6:23:48,0,0,0,0,0,1
4/10/2026,6:23:53,0,0,0,0,0,1
4/10/2026,6:23:58,0,0,0,0,0,1
4/10/2026,6:24:03,0,0,0,0,0,1
4/10/2026,6:24:08,0,0,0,0,0,1
4/10/2026,6:24:10,0,0,0,0,0,0
4/10/2026,6:24:13,0,0,0,0,0,1
4/10/2026,6:24:18,0,0,0,0,0,1
4/10/2026,6:24:23,0,0,0,0,0,1
4/10/2026,6:24:28,0,0,0,0,0,1
4/10/2026,6:24:33,0,0,0,0,0,1
4/10/2026,6:24:38,0,0,0,0,0,1
4/10/2026,6:24:43,0,0,0,0,0,1
4/10/2026,6:24:48,0,0,0,0,0,1
4/10/2026,6:24:53,0,0,0,0,0,1
4/10/2026,6:24:58,0,0,0,0,0,1
4/10/2026,6:25:03,0,0,0,0,0,1
4/10/2026,6:25:08,0,0,0,0,0,1
4/10/2026,6:25:10,0,0,0,0,0,0
4/10/2026,6:25:13,0,0,0,0,0,1
4/10/2026,6:25:18,0,0,0,0,0,1
4/10/2026,6:25:23,0,0,0,0,0,1
4/10/2026,6:25:28,0,0,0,0,0,1
4/10/2026,6:25:33,0,0,0,0,0,1
4/10/2026,6:25:38,0,0,0,0,0,1
4/10/2026,6:25:43,0,0,0,0,0,1
4/10/2026,6:25:48,0,0,0,0,0,1
4/10/2026,6:25:53,0,0,0,0,0,1
4/10/2026,6:25:58,0,0,0,0,0,1
4/10/2026,6:26:03,0,0,0,0,0,1
4/10/2026,6:26:08,0,0,0,0,0,1
4/10/2026,6:26:10,0,0,0,0,0,0
4/10/2026,6:26:13,0,0,0,0,0,1
4/10/2026,6:26:18,0,0,0,0,0,1
4/10/2026,6:26:23,0,0,0,0,0,1
4/10/2026,6:26:28,0,0,0,0,0,1
4/10/2026,6:26:33,0,0,0,0,0,1
4/10/2026,6:26:38,0,0,0,0,0,1
4/10/2026,6:26:43,0,0,0,0,0,1
4/10/2026,6:26:48,0,0,0,0,0,1
4/10/2026,6:26:53,0,0,0,0,0,1
4/10/2026,6:26:58,0,0,0,0,0,1
4/10/2026,6:27:03,0,0,0,0,0,1
4/10/2026,6:27:08,0,0,0,0,0,1
4/10/2026,6:27:10,0,0,0,0,0,0
4/10/2026,6:27:13,0,0,0,0,0,1
4/10/2026,6:27:18,0,0,0,0,0,1
4/10/2026,6:27:23,0,0,0,0,0,1
4/10/2026,6:27:28,0,0,0,0,0,1
4/10/2026,6:27:33,0,0,0,0,0,1
4/10/2026,6:27:38,0,0,0,0,0,1
4/10/2026,6:27:43,0,0,0,0,0,1
4/10/2026,6:27:48,0,0,0,0,0,1
4/10/2026,6:27:53,0,0,0,0,0,1
4/10/2026,6:27:58,0,0,0,0,0,1
4/10/2026,6:28:03,0,0,0,0,0,1
4/10/2026,6:28:08,0,0,0,0,0,1
4/10/2026,6:28:10,0,0,0,0,0,0
4/10/2026,6:28:13,0,0,0,0,0,1
4/10/2026,6:28:18,0,0,0,0,0,1
4/10/2026,6:28:23,0,0,0,0,0,1
4/10/2026,6:28:28,0,0,0,0,0,1
4/10/2026,6:28:33,0,0,0,0,0,1
4/10/2026,6:28:38,0,0,0,0,0,1
4/10/2026,6:28:43,0,0,0,0,0,1
4/10/2026,6:28:48,0,0,0,0,0,1
4/10/2026,6:28:53,0,0,0,0,0,1
4/10/2026,6:28:58,0,0,0,0,0,1
4/10/2026,6:29:03,0,0,0,0,0,1
4/10/2026,6:29:08,0,0,0,0,0,1
4/10/2026,6:29:10,0,0,0,0,0,0
4/10/2026,6:29:13,0,0,0,0,0,1
4/10/2026,6:29:18,0,0,0,0,0,1
4/10/2026,6:29:23,0,0,0,0,0,1
4/10/2026,6:29:28,0,0,0,0,0,1
4/10/2026,6:29:33,0,0,0,0,0,1
4/10/2026,6:29:38,0,0,0,0,0,1
4/10/2026,6:29:43,0,0,0,0,0,1
4/10/2026,6:29:48,0,0,0,0,0,1
4/10/2026,6:29:53,0,0,0,0,0,1
4/10/2026,6:29:58,0,0,0,0,0,1
4/10/2026,6:30:03,0,0,0,0,0,1
4/10/2026,6:30:08,0,0,0,0,0,1
4/10/2026,6:30:10,0,0,0,0,0,0
4/10/2026,6:30:13,0,0,0,0,0,1
4/10/2026,6:30:18,0,0,0,0,0,1
4/10/2026,6:30:23,0,0,0,0,0,1
4/10/2026,6:30:28,0,0,0,0,0,1
4/10/2026,6:30:33,0,0,0,0,0,1
4/10/2026,6:30:38,0,0,0,0,0,1
4/10/2026,6:30:43,0,0,0,0,0,1
4/10/2026,6:30:48,0,0,0,0,0,1
4/10/2026,6:30:53,0,0,0,0,0,1
4/10/2026,6:30:58,0,0,0,0,0,1
4/10/2026,6:31:03,0,0,0,0,0,1
4/10/2026,6:31:08,0,0,0,0,0,1
4/10/2026,6:31:10,0,0,0,0,0,0
4/10/2026,6:31:13,0,0,0,0,0,1
4/10/2026,6:31:18,0,0,0,0,0,1
4/10/2026,6:31:23,0,0,0,0,0,1
4/10/2026,6:31:28,0,0,0,0,0,1
4/10/2026,6:31:33,0,0,0,0,0,1
4/10/2026,6:31:38,0,0,0,0,0,1
4/10/2026,6:31:43,0,0,0,0,0,1
4/10/2026,6:31:48,0,0,0,0,0,1
4/10/2026,6:31:53,0,0,0,0,0,1
4/10/2026,6:31:58,0,0,0,0,0,1
4/10/2026,6:32:03,0,0,0,0,0,1
4/10/2026,6:32:08,0,0,0,0,0,1
4/10/2026,6:32:10,0,0,0,0,0,0
4/10/2026,6:32:13,0,0,0,0,0,1
4/10/2026,6:32:18,0,0,0,0,0,1
4/10/2026,6:32:23,0,0,0,0,0,1
4/10/2026,6:32:28,0,0,0,0,0,1
4/10/2026,6:32:33,0,0,0,0,0,1
4/10/2026,6:32:38,0,0,0,0,0,1
4/10/2026,6:32:43,0,0,0,0,0,1
4/10/2026,6:32:48,0,0,0,0,0,1
4/10/2026,6:32:53,0,0,0,0,0,1
4/10/2026,6:32:58,0,0,0,0,0,1
4/10/2026,6:33:03,0,0,0,0,0,1
4/10/2026,6:33:08,0,0,0,0,0,1
4/10/2026,6:33:10,0,0,0,0,0,0
4/10/2026,6:33:13,0,0,0,0,0,1
4/10/2026,6:33:18,0,0,0,0,0,1
4/10/2026,6:33:23,0,0,0,0,0,1
4/10/2026,6:33:28,0,0,0,0,0,1
4/10/2026,6:33:33,0,0,0,0,0,1
4/10/2026,6:33:38,0,0,0,0,0,1
4/10/2026,6:33:43,0,0,0,0,0,1
4/10/2026,6:33:48,0,0,0,0,0,1
4/10/2026,6:33:53,0,0,0,0,0,1
4/10/2026,6:33:58,0,0,0,0,0,1
4/10/2026,6:34:03,0,0,0,0,0,1
4/10/2026,6:34:08,0,0,0,0,0,1
4/10/2026,6:34:10,0,0,0,0,0,0
4/10/2026,6:34:13,0,0,0,0,0,1
4/10/2026,6:34:18,0,0,0,0,0,1
4/10/2026,6:34:23,0,0,0,0,0,1
4/10/2026,6:34:28,0,0,0,0,0,1
4/10/2026,6:34:33,0,0,0,0,0,1
4/10/2026,6:34:38,0,0,0,0,0,1
4/10/2026,6:34:43,0,0,0,0,0,1
4/10/2026,6:34:48,0,0,0,0,0,1
4/10/2026,6:34:53,0,0,0,0,0,1
4/10/2026,6:34:58,0,0,0,0,0,1
4/10/2026,6:35:03,0,0,0,0,0,1
4/10/2026,6:35:08,0,0,0,0,0,1
4/10/2026,6:35:10,0,0,0,0,0,0
4/10/2026,6:35:13,0,0,0,0,0,1
4/10/2026,6:35:18,0,0,0,0,0,1
4/10/2026,6:35:23,0,0,0,0,0,1
4/10/2026,6:35:28,0,0,0,0,0,1
4/10/2026,6:35:33,0,0,0,0,0,1
4/10/2026,6:35:38,0,0,0,0,0,1
4/10/2026,6:35:43,0,0,0,0,0,1
4/10/2026,6:35:48,0,0,0,0,0,1
4/10/2026,6:35:53,0,0,0,0,0,1
4/10/2026,6:35:58,0,0,0,0,0,1
4/10/2026,6:36:03,0,0,0,0,0,1
4/10/2026,6:36:08,0,0,0,0,0,1
4/10/2026,6:36:10,0,0,0,0,0,0
4/10/2026,6:36:13,0,0,0,0,0,1
4/10/2026,6:36:18,0,0,0,0,0,1
4/10/2026,6:36:23,0,0,0,0,0,1
4/10/2026,6:36:28,0,0,0,0,0,1
4/10/2026,6:36:33,0,0,0,0,0,1
4/10/2026,6:36:38,0,0,0,0,0,1
4/10/2026,6:36:43,0,0,0,0,0,1
4/10/2026,6:36:48,0,0,0,0,0,1
4/10/2026,6:36:53,0,0,0,0,0,1
4/10/2026,6:36:58,0,0,0,0,0,1
4/10/2026,6:37:03,0,0,0,0,0,1
4/10/2026,6:37:08,0,0,0,0,0,1
4/10/2026,6:37:10,0,0,0,0,0,0
4/10/2026,6:37:13,0,0,0,0,0,1
4/10/2026,6:37:18,0,0,0,0,0,1
4/10/2026,6:37:23,0,0,0,0,0,1
4/10/2026,6:37:28,0,0,0,0,0,1
4/10/2026,6:37:33,0,0,0,0,0,1
4/10/2026,6:37:38,0,0,0,0,0,1
4/10/2026,6:37:43,0,0,0,0,0,1
4/10/2026,6:37:48,0,0,0,0,0,1
4/10/2026,6:37:53,0,0,0,0,0,1
4/10/2026,6:37:58,0,0,0,0,0,1
4/10/2026,6:38:03,0,0,0,0,0,1
4/10/2026,6:38:08,0,0,0,0,0,1
4/10/2026,6:38:10,0,0,0,0,0,0
4/10/2026,6:38:13,0,0,0,0,0,1
4/10/2026,6:38:18,0,0,0,0,0,1
4/10/2026,6:38:23,0,0,0,0,0,1
4/10/2026,6:38:28,0,0,0,0,0,1
4/10/2026,6:38:33,0,0,0,0,0,1
4/10/2026,6:38:38,0,0,0,0,0,1
4/10/2026,6:38:43,0,0,0,0,0,1
4/10/2026,6:38:48,0,0,0,0,0,1
4/10/2026,6:38:53,0,0,0,0,0,1
4/10/2026,6:38:58,0,0,0,0,0,1
4/10/2026,6:39:03,0,0,0,0,0,1
4/10/2026,6:39:08,0,0,0,0,0,1
4/10/2026,6:39:10,0,0,0,0,0,0
4/10/2026,6:39:13,0,0,0,0,0,1
4/10/2026,6:39:18,0,0,0,0,0,1
4/10/2026,6:39:23,0,0,0,0,0,1
4/10/2026,6:39:28,0,0,0,0,0,1
4/10/2026,6:39:33,0,0,0,0,0,1
4/10/2026,6:39:38,0,0,0,0,0,1
4/10/2026,6:39:43,0,0,0,0,0,1
4/10/2026,6:39:48,0,0,0,0,0,1
4/10/2026,6:39:53,0,0,0,0,0,1
4/10/2026,6:39:58,0,0,0,0,0,1
4/10/2026,6:40:03,0,0,0,0,0,1
4/10/2026,6:40:08,0,0,0,0,0,1
4/10/2026,6:40:10,0,0,0,0,0,0
4/10/2026,6:40:13,0,0,0,0,0,1
4/10/2026,6:40:18,0,0,0,0,0,1
4/10/2026,6:40:23,0,0,0,0,0,1
4/10/2026,6:40:28,0,0,0,0,0,1
4/10/2026,6:40:33,0,0,0,0,0,1
4/10/2026,6:40:38,0,0,0,0,0,1
4/10/2026,6:40:43,0,0,0,0,0,1
4/10/2026,6:40:48,0,0,0,0,0,1
4/10/2026,6:40:53,0,0,0,0,0,1
4/10/2026,6:40:58,0,0,0,0,0,1
4/10/2026,6:41:03,0,0,0,0,0,1
4/10/2026,6:41:08,0,0,0,0,0,1
4/10/2026,6:41:10,0,0,0,0,0,0
4/10/2026,6:41:13,0,0,0,0,0,1
4/10/2026,6:41:18,0,0,0,0,0,1
4/10/2026,6:41:23,0,0,0,0,0,1
4/10/2026,6:41:28,0,0,0,0,0,1
4/10/2026,6:41:33,0,0,0,0,0,1
4/10/2026,6:41:38,0,0,0,0,0,1
4/10/2026,6:41:43,0,0,0,0,0,1
4/10/2026,6:41:48,0,0,0,0,0,1
4/10/2026,6:41:53,0,0,0,0,0,1
4/10/2026,6:41:58,0,0,0,0,0,1
4/10/2026,6:42:03,0,0,0,0,0,1
4/10/2026,6:42:08,0,0,0,0,0,1
4/10/2026,6:42:10,0,0,0,0,0,0
4/10/2026,6:42:13,0,0,0,0,0,1
4/10/2026,6:42:18,0,0,0,0,0,1
4/10/2026,6:42:23,0,0,0,0,0,1
4/10/2026,6:42:28,0,0,0,0,0,1
4/10/2026,6:42:33,0,0,0,0,0,1
4/10/2026,6:42:38,0,0,0,0,0,1
4/10/2026,6:42:43,0,0,0,0,0,1
4/10/2026,6:42:48,0,0,0,0,0,1
4/10/2026,6:42:53,0,0,0,0,0,1
4/10/2026,6:42:58,0,0,0,0,0,1
4/10/2026,6:43:03,0,0,0,0,0,1
4/10/2026,6:43:08,0,0,0,0,0,1
4/10/2026,6:43:10,0,0,0,0,0,0
4/10/2026,6:43:13,0,0,0,0,0,1
4/10/2026,6:43:18,0,0,0,0,0,1
4/10/2026,6:43:23,0,0,0,0,0,1
4/10/2026,6:43:28,0,0,0,0,0,1
4/10/2026,6:43:33,0,0,0,0,0,1
4/10/2026,6:43:38,0,0,0,0,0,1
4/10/2026,6:43:43,0,0,0,0,0,1
4/10/2026,6:43:48,0,0,0,0,0,1
4/10/2026,6:43:53,0,0,0,0,0,1
4/10/2026,6:43:58,0,0,0,0,0,1
4/10/2026,6:44:03,0,0,0,0,0,1
4/10/2026,6:44:08,0,0,0,0,0,1
4/10/2026,6:44:10,0,0,0,0,0,0
4/10/2026,6:44:13,0,0,0,0,0,1
4/10/2026,6:44:18,0,0,0,0,0,1
4/10/2026,6:44:23,0,0,0,0,0,1
4/10/2026,6:44:28,0,0,0,0,0,1
4/10/2026,6:44:33,0,0,0,0,0,1
4/10/2026,6:44:38,0,0,0,0,0,1
4/10/2026,6:44:43,0,0,0,0,0,1
4/10/2026,6:44:48,0,0,0,0,0,1
4/10/2026,6:44:53,0,0,0,0,0,1
4/10/2026,6:44:58,0,0,0,0,0,1
4/10/2026,6:45:03,0,0,0,0,0,1
4/10/2026,6:45:08,0,0,0,0,0,1
4/10/2026,6:45:10,0,0,0,0,0,0
4/10/2026,6:45:13,0,0,0,0,0,1
4/10/2026,6:45:18,0,0,0,0,0,1
4/10/2026,6:45:23,0,0,0,0,0,1
4/10/2026,6:45:28,0,0,0,0,0,1
4/10/2026,6:45:33,0,0,0,0,0,1
4/10/2026,6:45:38,0,0,0,0,0,1
4/10/2026,6:45:43,0,0,0,0,0,1
4/10/2026,6:45:48,0,0,0,0,0,1
4/10/2026,6:45:53,0,0,0,0,0,1
4/10/2026,6:45:58,0,0,0,0,0,1
4/10/2026,6:46:03,0,0,0,0,0,1
4/10/2026,6:46:08,0,0,0,0,0,1
4/10/2026,6:46:10,0,0,0,0,0,0
4/10/2026,6:46:13,0,0,0,0,0,1
4/10/2026,6:46:18,0,0,0,0,0,1
4/10/2026,6:46:23,0,0,0,0,0,1
4/10/2026,6:46:28,0,0,0,0,0,1
4/10/2026,6:46:33,0,0,0,0,0,1
4/10/2026,6:46:38,0,0,0,0,0,1
4/10/2026,6:46:43,0,0,0,0,0,1
4/10/2026,6:46:48,0,0,0,0,0,1
4/10/2026,6:46:53,0,0,0,0,0,1
4/10/2026,6:46:58,0,0,0,0,0,1
4/10/2026,6:47:03,0,0,0,0,0,1
4/10/2026,6:47:08,0,0,0,0,0,1
4/10/2026,6:47:10,0,0,0,0,0,0
4/10/2026,6:47:13,0,0,0,0,0,1
4/10/2026,6:47:18,0,0,0,0,0,1
4/10/2026,6:47:23,0,0,0,0,0,1
4/10/2026,6:47:28,0,0,0,0,0,1
4/10/2026,6:47:33,0,0,0,0,0,1
4/10/2026,6:47:38,0,0,0,0,0,1
4/10/2026,6:47:43,0,0,0,0,0,1
4/10/2026,6:47:48,0,0,0,0,0,1
4/10/2026,6:47:53,0,0,0,0,0,1
4/10/2026,6:47:58,0,0,0,0,0,1
4/10/2026,6:48:03,0,0,0,0,0,1
4/10/2026,6:48:08,0,0,0,0,0,1
4/10/2026,6:48:10,0,0,0,0,0,0
4/10/2026,6:48:13,0,0,0,0,0,1
4/10/2026,6:48:18,0,0,0,0,0,1
4/10/2026,6:48:23,0,0,0,0,0,1
4/10/2026,6:48:28,0,0,0,0,0,1
4/10/2026,6:48:33,0,0,0,0,0,1
4/10/2026,6:48:38,0,0,0,0,0,1
4/10/2026,6:48:43,0,0,0,0,0,1
4/10/2026,6:48:48,0,0,0,0,0,1
4/10/2026,6:48:53,0,0,0,0,0,1
4/10/2026,6:48:58,0,0,0,0,0,1
4/10/2026,6:49:03,0,0,0,0,0,1
4/10/2026,6:49:08,0,0,0,0,0,1
4/10/2026,6:49:10,0,0,0,0,0,0
4/10/2026,6:49:13,0,0,0,0,0,1
4/10/2026,6:49:18,0,0,0,0,0,1
4/10/2026,6:49:23,0,0,0,0,0,1
4/10/2026,6:49:28,0,0,0,0,0,1
4/10/2026,6:49:33,0,0,0,0,0,1
4/10/2026,6:49:38,0,0,0,0,0,1
4/10/2026,6:49:43,0,0,0,0,0,1
4/10/2026,6:49:48,0,0,0,0,0,1
4/10/2026,6:49:53,0,0,0,0,0,1
4/10/2026,6:49:58,0,0,0,0,0,1
4/10/2026,6:50:03,0,0,0,0,0,1
4/10/2026,6:50:08,0,0,0,0,0,1
4/10/2026,6:50:10,0,0,0,0,0,0
4/10/2026,6:50:13,0,0,0,0,0,1
4/10/2026,6:50:18,0,0,0,0,0,1
4/10/2026,6:50:23,0,0,0,0,0,1
4/10/2026,6:50:28,0,0,0,0,0,1
4/10/2026,6:50:33,0,0,0,0,0,1
4/10/2026,6:50:38,0,0,0,0,0,1
4/10/2026,6:50:43,0,0,0,0,0,1
4/10/2026,6:50:48,0,0,0,0,0,1
4/10/2026,6:50:53,0,0,0,0,0,1
4/10/2026,6:50:58,0,0,0,0,0,1
4/10/2026,6:51:03,0,0,0,0,0,1
4/10/2026,6:51:08,0,0,0,0,0,1
4/10/2026,6:51:10,0,0,0,0,0,0
4/10/2026,6:51:13,0,0,0,0,0,1
4/10/2026,6:51:18,0,0,0,0,0,1
4/10/2026,6:51:23,0,0,0,0,0,1
4/10/2026,6:51:28,0,0,0,0,0,1
4/10/2026,6:51:33,0,0,0,0,0,1
4/10/2026,6:51:38,0,0,0,0,0,1
4/10/2026,6:51:43,0,0,0,0,0,1
4/10/2026,6:51:48,0,0,0,0,0,1
4/10/2026,6:51:53,0,0,0,0,0,1
4/10/2026,6:51:58,0,0,0,0,0,1
4/10/2026,6:52:03,0,0,0,0,0,1
4/10/2026,6:52:08,0,0,0,0,0,1
4/10/2026,6:52:10,0,0,0,0,0,0
4/10/2026,6:52:13,0,0,0,0,0,1
4/10/2026,6:52:18,0,0,0,0,0,1
4/10/2026,6:52:23,0,0,0,0,0,1
4/10/2026,6:52:28,0,0,0,0,0,1
4/10/2026,6:52:33,0,0,0,0,0,1
4/10/2026,6:52:38,0,0,0,0,0,1
4/10/2026,6:52:43,0,0,0,0,0,1
4/10/2026,6:52:48,0,0,0,0,0,1
4/10/2026,6:52:53,0,0,0,0,0,1
4/10/2026,6:52:58,0,0,0,0,0,1
4/10/2026,6:53:03,0,0,0,0,0,1
4/10/2026,6:53:08,0,0,0,0,0,1
4/10/2026,6:53:10,0,0,0,0,0,0
4/10/2026,6:53:13,0,0,0,0,0,1
4/10/2026,6:53:18,0,0,0,0,0,1
4/10/2026,6:53:23,0,0,0,0,0,1
4/10/2026,6:53:28,0,0,0,0,0,1
4/10/2026,6:53:33,0,0,0,0,0,1
4/10/2026,6:53:38,0,0,0,0,0,1
4/10/2026,6:53:43,0,0,0,0,0,1
4/10/2026,6:53:48,0,0,0,0,0,1
4/10/2026,6:53:53,0,0,0,0,0,1
4/10/2026,6:53:58,0,0,0,0,0,1
4/10/2026,6:54:03,0,0,0,0,0,1
4/10/2026,6:54:08,0,0,0,0,0,1
4/10/2026,6:54:10,0,0,0,0,0,0
4/10/2026,6:54:13,0,0,0,0,0,1
4/10/2026,6:54:18,0,0,0,0,0,1
4/10/2026,6:54:23,0,0,0,0,0,1
4/10/2026,6:54:28,0,0,0,0,0,1
4/10/2026,6:54:33,0,0,0,0,0,1
4/10/2026,6:54:38,0,0,0,0,0,1
4/10/2026,6:54:43,0,0,0,0,0,1
4/10/2026,6:54:48,0,0,0,0,0,1
4/10/2026,6:54:53,0,0,0,0,0,1
4/10/2026,6:54:58,0,0,0,0,0,1
4/10/2026,6:55:03,0,0,0,0,0,1
4/10/2026,6:55:08,0,0,0,0,0,1
4/10/2026,6:55:10,0,0,0,0,0,0
4/10/2026,6:55:13,0,0,0,0,0,1
4/10/2026,6:55:18,0,0,0,0,0,1
4/10/2026,6:55:23,0,0,0,0,0,1
4/10/2026,6:55:28,0,0,0,0,0,1
4/10/2026,6:55:33,0,0,0,0,0,1
4/10/2026,6:55:38,0,0,0,0,0,1
4/10/2026,6:55:43,0,0,0,0,0,1
4/10/2026,6:55:48,0,0,0,0,0,1
4/10/2026,6:55:53,0,0,0,0,0,1
4/10/2026,6:55:58,0,0,0,0,0,1
4/10/2026,6:56:03,0,0,0,0,0,1
4/10/2026,6:56:08,0,0,0,0,0,1
4/10/2026,6:56:10,0,0,0,0,0,0
4/10/2026,6:56:13,0,0,0,0,0,1
4/10/2026,6:56:18,0,0,0,0,0,1
4/10/2026,6:56:23,0,0,0,0,0,1
4/10/2026,6:56:28,0,0,0,0,0,1
4/10/2026,6:56:33,0,0,0,0,0,1
4/10/2026,6:56:38,0,0,0,0,0,1
4/10/2026,6:56:43,0,0,0,0,0,1
4/10/2026,6:56:48,0,0,0,0,0,1
4/10/2026,6:56:53,0,0,0,0,0,1
4/10/2026,6:56:58,0,0,0,0,0,1
4/10/2026,6:57:03,0,0,0,0,0,1
4/10/2026,6:57:08,0,0,0,0,0,1
4/10/2026,6:57:10,0,0,0,0,0,0
4/10/2026,6:57:13,0,0,0,0,0,1
4/10/2026,6:57:18,0,0,0,0,0,1
4/10/2026,6:57:23,0,0,0,0,0,1
4/10/2026,6:57:28,0,0,0,0,0,1
4/10/2026,6:57:33,0,0,0,0,0,1
4/10/2026,6:57:38,0,0,0,0,0,1
4/10/2026,6:57:43,0,0,0,0,0,1
4/10/2026,6:57:48,0,0,0,0,0,1
4/10/2026,6:57:53,0,0,0,0,0,1
4/10/2026,6:57:58,0,0,0,0,0,1
4/10/2026,6:58:03,0,0,0,0,0,1
4/10/2026,6:58:08,0,0,0,0,0,1
4/10/2026,6:58:10,0,0,0,0,0,0
4/10/2026,6:58:13,0,0,0,0,0,1
4/10/2026,6:58:18,0,0,0,0,0,1
4/10/2026,6:58:23,0,0,0,0,0,1
4/10/2026,6:58:28,0,0,0,0,0,1
4/10/2026,6:58:33,0,0,0,0,0,1
4/10/2026,6:58:38,0,0,0,0,0,1
4/10/2026,6:58:43,0,0,0,0,0,1
4/10/2026,6:58:48,0,0,0,0,0,1
4/10/2026,6:58:53,0,0,0,0,0,1
4/10/2026,6:58:58,0,0,0,0,0,1
4/10/2026,6:59:03,0,0,0,0,0,1
4/10/2026,6:59:08,0,0,0,0,0,1
4/10/2026,6:59:10,0,0,0,0,0,0
4/10/2026,6:59:13,0,0,0,0,0,1
4/10/2026,6:59:18,0,0,0,0,0,1
4/10/2026,6:59:23,0,0,0,0,0,1
4/10/2026,6:59:28,0,0,0,0,0,1
4/10/2026,6:59:33,0,0,0,0,0,1
4/10/2026,6:59:38,0,0,0,0,0,1
4/10/2026,6:59:43,0,0,0,0,0,1
4/10/2026,6:59:48,0,0,0,0,0,1
4/10/2026,6:59:53,0,0,0,0,0,1
4/10/2026,6:59:58,0,0,0,0,0,1
4/10/2026,7:00:03,0,0,0,0,0,1
4/10/2026,7:00:08,0,0,0,0,0,1
4/10/2026,7:00:10,0,0,0,0,0,0
4/10/2026,7:00:13,0,0,0,0,0,1
4/10/2026,7:00:18,0,0,0,0,0,1
4/10/2026,7:00:23,0,0,0,0,0,1
4/10/2026,7:00:28,0,0,0,0,0,1
4/10/2026,7:00:33,0,0,0,0,0,1
4/10/2026,7:00:38,0,0,0,0,0,1
4/10/2026,7:00:43,0,0,0,0,0,1
4/10/2026,7:00:48,0,0,0,0,0,1
4/10/2026,7:01:01,0,0,0,0,0,1
4/10/2026,7:01:06,0,0,0,0,0,1
4/10/2026,7:01:10,0,0,0,0,0,0
4/10/2026,7:01:11,0,0,0,0,0,1
4/10/2026,7:01:16,0,0,0,0,0,1
4/10/2026,7:01:21,0,0,0,0,0,1
4/10/2026,7:01:26,0,0,0,0,0,1
4/10/2026,7:01:31,0,0,0,0,0,1
4/10/2026,7:01:36,0,0,0,0,0,1
4/10/2026,7:01:41,0,0,0,0,0,1
4/10/2026,7:01:46,0,0,0,0,0,1
4/10/2026,7:01:51,0,0,0,0,0,1
4/10/2026,7:01:56,0,0,0,0,0,1
4/10/2026,7:02:01,0,0,0,0,0,1
4/10/2026,7:02:06,0,0,0,0,0,1
4/10/2026,7:02:10,0,0,0,0,0,0
4/10/2026,7:02:11,0,0,0,0,0,1
4/10/2026,7:02:16,0,0,0,0,0,1
4/10/2026,7:02:21,0,0,0,0,0,1
4/10/2026,7:02:26,0,0,0,0,0,1
4/10/2026,7:02:31,0,0,0,0,0,1
4/10/2026,7:02:36,0,0,0,0,0,1
4/10/2026,7:02:41,0,0,0,0,0,1
4/10/2026,7:02:46,0,0,0,0,0,1
4/10/2026,7:02:51,0,0,0,0,0,1
4/10/2026,7:02:56,0,0,0,0,0,1
4/10/2026,7:03:01,0,0,0,0,0,1
4/10/2026,7:03:06,0,0,0,0,0,1
4/10/2026,7:03:10,0,0,0,0,0,0
4/10/2026,7:03:11,0,0,0,0,0,1
4/10/2026,7:03:16,0,0,0,0,0,1
4/10/2026,7:03:21,0,0,0,0,0,1
4/10/2026,7:03:26,0,0,0,0,0,1
4/10/2026,7:03:31,0,0,0,0,0,1
4/10/2026,7:03:36,0,0,0,0,0,1
4/10/2026,7:03:41,0,0,0,0,0,1
4/10/2026,7:03:46,0,0,0,0,0,1
4/10/2026,7:03:51,0,0,0,0,0,1
4/10/2026,7:03:56,0,0,0,0,0,1
4/10/2026,7:04:01,0,0,0,0,0,1
4/10/2026,7:04:06,0,0,0,0,0,1
4/10/2026,7:04:10,0,0,0,0,0,0
4/10/2026,7:04:11,0,0,0,0,0,1
4/10/2026,7:04:16,0,0,0,0,0,1
4/10/2026,7:04:21,0,0,0,0,0,1
4/10/2026,7:04:26,0,0,0,0,0,1
4/10/2026,7:04:31,0,0,0,0,0,1
4/10/2026,7:04:36,0,0,0,0,0,1
4/10/2026,7:04:41,0,0,0,0,0,1
4/10/2026,7:04:46,0,0,0,0,0,1
4/10/2026,7:04:51,0,0,0,0,0,1
4/10/2026,7:04:56,0,0,0,0,0,1
4/10/2026,7:05:01,0,0,0,0,0,1
4/10/2026,7:05:06,0,0,0,0,0,1
4/10/2026,7:05:10,0,0,0,0,0,0
4/10/2026,7:05:11,0,0,0,0,0,1
4/10/2026,7:05:16,0,0,0,0,0,1
4/10/2026,7:05:21,0,0,0,0,0,1
4/10/2026,7:05:26,0,0,0,0,0,1
4/10/2026,7:05:31,0,0,0,0,0,1
4/10/2026,7:05:36,0,0,0,0,0,1
4/10/2026,7:05:41,0,0,0,0,0,1
4/10/2026,7:05:46,0,0,0,0,0,1
4/10/2026,7:05:51,0,0,0,0,0,1
4/10/2026,7:05:56,0,0,0,0,0,1
4/10/2026,7:06:01,0,0,0,0,0,1
4/10/2026,7:06:06,0,0,0,0,0,1
4/10/2026,7:06:10,0,0,0,0,0,0
4/10/2026,7:06:11,0,0,0,0,0,1
4/10/2026,7:06:16,0,0,0,0,0,1
4/10/2026,7:06:21,0,0,0,0,0,1
4/10/2026,7:06:26,0,0,0,0,0,1
4/10/2026,7:06:31,0,0,0,0,0,1
4/10/2026,7:06:36,0,0,0,0,0,1
4/10/2026,7:06:41,0,0,0,0,0,1
4/10/2026,7:06:46,0,0,0,0,0,1
4/10/2026,7:06:51,0,0,0,0,0,1
4/10/2026,7:06:56,0,0,0,0,0,1
4/10/2026,7:07:01,0,0,0,0,0,1
4/10/2026,7:07:06,0,0,0,0,0,1
4/10/2026,7:07:10,0,0,0,0,0,0
4/10/2026,7:07:11,0,0,0,0,0,1
4/10/2026,7:07:16,0,0,0,0,0,1
4/10/2026,7:07:21,0,0,0,0,0,1
4/10/2026,7:07:26,0,0,0,0,0,1
4/10/2026,7:07:31,0,0,0,0,0,1
4/10/2026,7:07:36,0,0,0,0,0,1
4/10/2026,7:07:41,0,0,0,0,0,1
4/10/2026,7:07:46,0,0,0,0,0,1
4/10/2026,7:07:51,0,0,0,0,0,1
4/10/2026,7:07:56,0,0,0,0,0,1
4/10/2026,7:08:01,0,0,0,0,0,1
4/10/2026,7:08:06,0,0,0,0,0,1
4/10/2026,7:08:10,0,0,0,0,0,0
4/10/2026,7:08:11,0,0,0,0,0,1
4/10/2026,7:08:16,0,0,0,0,0,1
4/10/2026,7:08:21,0,0,0,0,0,1
4/10/2026,7:08:26,0,0,0,0,0,1
4/10/2026,7:08:31,0,0,0,0,0,1
4/10/2026,7:08:36,0,0,0,0,0,1
4/10/2026,7:08:41,0,0,0,0,0,1
4/10/2026,7:08:46,0,0,0,0,0,1
4/10/2026,7:08:51,0,0,0,0,0,1
4/10/2026,7:08:56,0,0,0,0,0,1
4/10/2026,7:09:02,0,0,0,0,0,1
4/10/2026,7:09:07,0,0,0,0,0,1
4/10/2026,7:09:10,0,0,0,0,0,0
4/10/2026,7:09:12,0,0,0,0,0,1
4/10/2026,7:09:17,0,0,0,0,0,1
4/10/2026,7:09:22,0,0,0,0,0,1
4/10/2026,7:09:27,0,0,0,0,0,1
4/10/2026,7:09:32,0,0,0,0,0,1
4/10/2026,7:09:37,0,0,0,0,0,1
4/10/2026,7:09:42,0,0,0,0,0,1
4/10/2026,7:09:47,0,0,0,0,0,1
4/10/2026,7:09:52,0,0,0,0,0,1
4/10/2026,7:09:57,0,0,0,0,0,1
4/10/2026,7:10:02,0,0,0,0,0,1
4/10/2026,7:10:07,0,0,0,0,0,1
4/10/2026,7:10:10,0,0,0,0,0,0
4/10/2026,7:10:12,0,0,0,0,0,1
4/10/2026,7:10:17,0,0,0,0,0,1
4/10/2026,7:10:22,0,0,0,0,0,1
4/10/2026,7:10:27,0,0,0,0,0,1
4/10/2026,7:10:32,0,0,0,0,0,1
4/10/2026,7:10:37,0,0,0,0,0,1
4/10/2026,7:10:42,0,0,0,0,0,1
4/10/2026,7:10:47,0,0,0,0,0,1
4/10/2026,7:10:52,0,0,0,0,0,1
4/10/2026,7:10:57,0,0,0,0,0,1
4/10/2026,7:11:02,0,0,0,0,0,1
4/10/2026,7:11:07,0,0,0,0,0,1
4/10/2026,7:11:10,0,0,0,0,0,0
4/10/2026,7:11:12,0,0,0,0,0,1
4/10/2026,7:11:17,0,0,0,0,0,1
4/10/2026,7:11:22,0,0,0,0,0,1
4/10/2026,7:11:27,0,0,0,0,0,1
4/10/2026,7:11:32,0,0,0,0,0,1
4/10/2026,7:11:37,0,0,0,0,0,1
4/10/2026,7:11:42,0,0,0,0,0,1
4/10/2026,7:11:47,0,0,0,0,0,1
4/10/2026,7:11:52,0,0,0,0,0,1
4/10/2026,7:11:57,0,0,0,0,0,1
4/10/2026,7:12:02,0,0,0,0,0,1
4/10/2026,7:12:07,0,0,0,0,0,1
4/10/2026,7:12:10,0,0,0,0,0,0
4/10/2026,7:12:12,0,0,0,0,0,1
4/10/2026,7:12:17,0,0,0,0,0,1
4/10/2026,7:12:22,0,0,0,0,0,1
4/10/2026,7:12:27,0,0,0,0,0,1
4/10/2026,7:12:32,0,0,0,0,0,1
4/10/2026,7:12:37,0,0,0,0,0,1
4/10/2026,7:12:42,0,0,0,0,0,1
4/10/2026,7:12:47,0,0,0,0,0,1
4/10/2026,7:12:52,0,0,0,0,0,1
4/10/2026,7:12:57,0,0,0,0,0,1
4/10/2026,7:13:02,0,0,0,0,0,1
4/10/2026,7:13:07,0,0,0,0,0,1
4/10/2026,7:13:10,0,0,0,0,0,0
4/10/2026,7:13:12,0,0,0,0,0,1
4/10/2026,7:13:17,0,0,0,0,0,1
4/10/2026,7:13:22,0,0,0,0,0,1
4/10/2026,7:13:27,0,0,0,0,0,1
4/10/2026,7:13:32,0,0,0,0,0,1
4/10/2026,7:13:37,0,0,0,0,0,1
4/10/2026,7:13:42,0,0,0,0,0,1
4/10/2026,7:13:47,0,0,0,0,0,1
4/10/2026,7:13:52,0,0,0,0,0,1
4/10/2026,7:13:57,0,0,0,0,0,1
4/10/2026,7:14:02,0,0,0,0,0,1
4/10/2026,7:14:07,0,0,0,0,0,1
4/10/2026,7:14:10,0,0,0,0,0,0
4/10/2026,7:14:12,0,0,0,0,0,1
4/10/2026,7:14:17,0,0,0,0,0,1
4/10/2026,7:14:22,0,0,0,0,0,1
4/10/2026,7:14:27,0,0,0,0,0,1
4/10/2026,7:14:32,0,0,0,0,0,1
4/10/2026,7:14:37,0,0,0,0,0,1
4/10/2026,7:14:42,0,0,0,0,0,1
4/10/2026,7:14:47,0,0,0,0,0,1
4/10/2026,7:14:52,0,0,0,0,0,1
4/10/2026,7:14:57,0,0,0,0,0,1
4/10/2026,7:15:10,0,0,0,0,0,1
4/10/2026,7:15:10,0,0,0,0,0,0
4/10/2026,7:15:15,0,0,0,0,0,1
4/10/2026,7:15:20,0,0,0,0,0,1
4/10/2026,7:15:25,0,0,0,0,0,1
4/10/2026,7:15:30,0,0,0,0,0,1
4/10/2026,7:15:35,0,0,0,0,0,1
4/10/2026,7:15:40,0,0,0,0,0,1
4/10/2026,7:15:45,0,0,0,0,0,1
4/10/2026,7:15:50,0,0,0,0,0,1
4/10/2026,7:15:55,0,0,0,0,0,1
4/10/2026,7:16:00,0,0,0,0,0,1
4/10/2026,7:16:05,0,0,0,0,0,1
4/10/2026,7:16:10,0,0,0,0,0,1
4/10/2026,7:16:10,0,0,0,0,0,0
4/10/2026,7:16:15,0,0,0,0,0,1
4/10/2026,7:16:20,0,0,0,0,0,1
4/10/2026,7:16:25,0,0,0,0,0,1
4/10/2026,7:16:30,0,0,0,0,0,1
4/10/2026,7:16:35,0,0,0,0,0,1
4/10/2026,7:16:40,0,0,0,0,0,1
4/10/2026,7:16:45,0,0,0,0,0,1
4/10/2026,7:16:50,0,0,0,0,0,1
4/10/2026,7:16:55,0,0,0,0,0,1
4/10/2026,7:17:00,0,0,0,0,0,1
4/10/2026,7:17:05,0,0,0,0,0,1
4/10/2026,7:17:10,0,0,0,0,0,1
4/10/2026,7:17:10,0,0,0,0,0,0
4/10/2026,7:17:15,0,0,0,0,0,1
4/10/2026,7:17:20,0,0,0,0,0,1
4/10/2026,7:17:25,0,0,0,0,0,1
4/10/2026,7:17:30,0,0,0,0,0,1
4/10/2026,7:17:35,0,0,0,0,0,1
4/10/2026,7:17:40,0,0,0,0,0,1
4/10/2026,7:17:45,0,0,0,0,0,1
4/10/2026,7:17:50,0,0,0,0,0,1
4/10/2026,7:17:55,0,0,0,0,0,1
4/10/2026,7:18:00,0,0,0,0,0,1
4/10/2026,7:18:05,0,0,0,0,0,1
4/10/2026,7:18:10,0,0,0,0,0,1
4/10/2026,7:18:10,0,0,0,0,0,0
4/10/2026,7:18:15,0,0,0,0,0,1
4/10/2026,7:18:20,0,0,0,0,0,1
4/10/2026,7:18:25,0,0,0,0,0,1
4/10/2026,7:18:30,0,0,0,0,0,1
4/10/2026,7:18:35,0,0,0,0,0,1
4/10/2026,7:18:40,0,0,0,0,0,1
4/10/2026,7:18:45,0,0,0,0,0,1
4/10/2026,7:18:50,0,0,0,0,0,1
4/10/2026,7:18:55,0,0,0,0,0,1
4/10/2026,7:19:00,0,0,0,0,0,1
4/10/2026,7:19:05,0,0,0,0,0,1
4/10/2026,7:19:10,0,0,0,0,0,1
4/10/2026,7:19:10,0,0,0,0,0,0
4/10/2026,7:19:15,0,0,0,0,0,1
4/10/2026,7:19:20,0,0,0,0,0,1
4/10/2026,7:19:25,0,0,0,0,0,1
4/10/2026,7:19:30,0,0,0,0,0,1
4/10/2026,7:19:35,0,0,0,0,0,1
4/10/2026,7:19:40,0,0,0,0,0,1
4/10/2026,7:19:45,0,0,0,0,0,1
4/10/2026,7:19:50,0,0,0,0,0,1
4/10/2026,7:19:55,0,0,0,0,0,1
4/10/2026,7:20:00,0,0,0,0,0,1
4/10/2026,7:20:05,0,0,0,0,0,1
4/10/2026,7:20:10,0,0,0,0,0,1
4/10/2026,7:20:10,0,0,0,0,0,0
4/10/2026,7:20:15,0,0,0,0,0,1
4/10/2026,7:20:20,0,0,0,0,0,1
4/10/2026,7:20:25,0,0,0,0,0,1
4/10/2026,7:20:30,0,0,0,0,0,1
4/10/2026,7:20:35,0,0,0,0,0,1
4/10/2026,7:20:40,0,0,0,0,0,1
4/10/2026,7:20:45,0,0,0,0,0,1
4/10/2026,7:20:50,0,0,0,0,0,1
4/10/2026,7:20:55,0,0,0,0,0,1
4/10/2026,7:21:00,0,0,0,0,0,1
4/10/2026,7:21:05,0,0,0,0,0,1
4/10/2026,7:21:10,0,0,0,0,0,1
4/10/2026,7:21:10,0,0,0,0,0,0
4/10/2026,7:21:15,0,0,0,0,0,1
4/10/2026,7:21:20,0,0,0,0,0,1
4/10/2026,7:21:25,0,0,0,0,0,1
4/10/2026,7:21:30,0,0,0,0,0,1
4/10/2026,7:21:35,0,0,0,0,0,1
4/10/2026,7:21:40,0,0,0,0,0,1
4/10/2026,7:21:45,0,0,0,0,0,1
4/10/2026,7:21:50,0,0,0,0,0,1
4/10/2026,7:21:55,0,0,0,0,0,1
4/10/2026,7:22:00,0,0,0,0,0,1
4/10/2026,7:22:05,0,0,0,0,0,1
4/10/2026,7:22:10,0,0,0,0,0,1
4/10/2026,7:22:10,0,0,0,0,0,0
4/10/2026,7:22:15,0,0,0,0,0,1
4/10/2026,7:22:20,0,0,0,0,0,1
4/10/2026,7:22:25,0,0,0,0,0,1
4/10/2026,7:22:30,0,0,0,0,0,1
4/10/2026,7:22:35,0,0,0,0,0,1
4/10/2026,7:22:40,0,0,0,0,0,1
4/10/2026,7:22:45,0,0,0,0,0,1
4/10/2026,7:22:50,0,0,0,0,0,1
4/10/2026,7:22:55,0,0,0,0,0,1
4/10/2026,7:23:00,0,0,0,0,0,1
4/10/2026,7:23:05,0,0,0,0,0,1
4/10/2026,7:23:10,0,0,0,0,0,1
4/10/2026,7:23:10,0,0,0,0,0,0
4/10/2026,7:23:15,0,0,0,0,0,1
4/10/2026,7:23:20,0,0,0,0,0,1
4/10/2026,7:23:25,0,0,0,0,0,1
4/10/2026,7:23:30,0,0,0,0,0,1
4/10/2026,7:23:35,0,0,0,0,0,1
4/10/2026,7:23:40,0,0,0,0,0,1
4/10/2026,7:23:45,0,0,0,0,0,1
4/10/2026,7:23:50,0,0,0,0,0,1
4/10/2026,7:23:55,0,0,0,0,0,1
4/10/2026,7:24:00,0,0,0,0,0,1
4/10/2026,7:24:05,0,0,0,0,0,1
4/10/2026,7:24:10,0,0,0,0,0,1
4/10/2026,7:24:10,0,0,0,0,0,0
4/10/2026,7:24:15,0,0,0,0,0,1
4/10/2026,7:24:20,0,0,0,0,0,1
4/10/2026,7:24:25,0,0,0,0,0,1
4/10/2026,7:24:30,0,0,0,0,0,1
4/10/2026,7:24:35,0,0,0,0,0,1
4/10/2026,7:24:40,0,0,0,0,0,1
4/10/2026,7:24:45,0,0,0,0,0,1
4/10/2026,7:24:50,0,0,0,0,0,1
4/10/2026,7:24:55,0,0,0,0,0,1
4/10/2026,7:25:00,0,0,0,0,0,1
4/10/2026,7:25:05,0,0,0,0,0,1
4/10/2026,7:25:10,0,0,0,0,0,1
4/10/2026,7:25:10,0,0,0,0,0,0
4/10/2026,7:25:15,0,0,0,0,0,1
4/10/2026,7:25:20,0,0,0,0,0,1
4/10/2026,7:25:25,0,0,0,0,0,1
4/10/2026,7:25:30,0,0,0,0,0,1
4/10/2026,7:25:35,0,0,0,0,0,1
4/10/2026,7:25:40,0,0,0,0,0,1
4/10/2026,7:25:45,0,0,0,0,0,1
4/10/2026,7:25:50,0,0,0,0,0,1
4/10/2026,7:25:55,0,0,0,0,0,1
4/10/2026,7:26:00,0,0,0,0,0,1
4/10/2026,7:26:05,0,0,0,0,0,1
4/10/2026,7:26:10,0,0,0,0,0,1
4/10/2026,7:26:10,0,0,0,0,0,0
4/10/2026,7:26:15,0,0,0,0,0,1
4/10/2026,7:26:20,0,0,0,0,0,1
4/10/2026,7:26:25,0,0,0,0,0,1
4/10/2026,7:26:30,0,0,0,0,0,1
4/10/2026,7:26:35,0,0,0,0,0,1
4/10/2026,7:26:40,0,0,0,0,0,1
4/10/2026,7:26:45,0,0,0,0,0,1
4/10/2026,7:26:50,0,0,0,0,0,1
4/10/2026,7:26:55,0,0,0,0,0,1
4/10/2026,7:27:00,0,0,0,0,0,1
4/10/2026,7:27:05,0,0,0,0,0,1
4/10/2026,7:27:10,0,0,0,0,0,1
4/10/2026,7:27:10,0,0,0,0,0,0
4/10/2026,7:27:15,0,0,0,0,0,1
4/10/2026,7:27:20,0,0,0,0,0,1
4/10/2026,7:27:25,0,0,0,0,0,1
4/10/2026,7:27:30,0,0,0,0,0,1
4/10/2026,7:27:35,0,0,0,0,0,1
4/10/2026,7:27:40,0,0,0,0,0,1
4/10/2026,7:27:45,0,0,0,0,0,1
4/10/2026,7:27:50,0,0,0,0,0,1
4/10/2026,7:27:55,0,0,0,0,0,1
4/10/2026,7:28:00,0,0,0,0,0,1
4/10/2026,7:28:05,0,0,0,0,0,1
4/10/2026,7:28:10,0,0,0,0,0,1
4/10/2026,7:28:10,0,0,0,0,0,0
4/10/2026,7:28:15,0,0,0,0,0,1
4/10/2026,7:28:20,0,0,0,0,0,1
4/10/2026,7:28:25,0,0,0,0,0,1
4/10/2026,7:28:30,0,0,0,0,0,1
4/10/2026,7:28:35,0,0,0,0,0,1
4/10/2026,7:28:40,0,0,0,0,0,1
4/10/2026,7:28:53,0,0,0,0,0,1
4/10/2026,7:28:58,0,0,0,0,0,1
4/10/2026,7:29:03,0,0,0,0,0,1
4/10/2026,7:29:08,0,0,0,0,0,1
4/10/2026,7:29:10,0,0,0,0,0,0
4/10/2026,7:29:13,0,0,0,0,0,1
4/10/2026,7:29:18,0,0,0,0,0,1
4/10/2026,7:29:23,0,0,0,0,0,1
4/10/2026,7:29:28,0,0,0,0,0,1
4/10/2026,7:29:33,0,0,0,0,0,1
4/10/2026,7:29:38,0,0,0,0,0,1
4/10/2026,7:29:43,0,0,0,0,0,1
4/10/2026,7:29:48,0,0,0,0,0,1
4/10/2026,7:29:53,0,0,0,0,0,1
4/10/2026,7:29:58,0,0,0,0,0,1
4/10/2026,7:30:03,0,0,0,0,0,1
4/10/2026,7:30:08,0,0,0,0,0,1
4/10/2026,7:30:10,0,0,0,0,0,0
4/10/2026,7:30:13,0,0,0,0,0,1
4/10/2026,7:30:18,0,0,0,0,0,1
4/10/2026,7:30:23,0,0,0,0,0,1
4/10/2026,7:30:28,0,0,0,0,0,1
4/10/2026,7:30:33,0,0,0,0,0,1
4/10/2026,7:30:38,0,0,0,0,0,1
4/10/2026,7:30:43,0,0,0,0,0,1
4/10/2026,7:30:48,0,0,0,0,0,1
4/10/2026,7:30:53,0,0,0,0,0,1
4/10/2026,7:30:58,0,0,0,0,0,1
4/10/2026,7:31:03,0,0,0,0,0,1
4/10/2026,7:31:08,0,0,0,0,0,1
4/10/2026,7:31:10,0,0,0,0,0,0
4/10/2026,7:31:13,0,0,0,0,0,1
4/10/2026,7:31:18,0,0,0,0,0,1
4/10/2026,7:31:23,0,0,0,0,0,1
4/10/2026,7:31:28,0,0,0,0,0,1
4/10/2026,7:31:33,0,0,0,0,0,1
4/10/2026,7:31:38,0,0,0,0,0,1
4/10/2026,7:31:43,0,0,0,0,0,1
4/10/2026,7:31:48,0,0,0,0,0,1
4/10/2026,7:31:53,0,0,0,0,0,1
4/10/2026,7:31:58,0,0,0,0,0,1
4/10/2026,7:32:03,0,0,0,0,0,1
4/10/2026,7:32:08,0,0,0,0,0,1
4/10/2026,7:32:10,0,0,0,0,0,0
4/10/2026,7:32:13,0,0,0,0,0,1
4/10/2026,7:32:18,0,0,0,0,0,1
4/10/2026,7:32:23,0,0,0,0,0,1
4/10/2026,7:32:28,0,0,0,0,0,1
4/10/2026,7:32:33,0,0,0,0,0,1
4/10/2026,7:32:38,0,0,0,0,0,1
4/10/2026,7:32:43,0,0,0,0,0,1
4/10/2026,7:32:48,0,0,0,0,0,1
4/10/2026,7:32:53,0,0,0,0,0,1
4/10/2026,7:32:58,0,0,0,0,0,1
4/10/2026,7:33:03,0,0,0,0,0,1
4/10/2026,7:33:08,0,0,0,0,0,1
4/10/2026,7:33:10,0,0,0,0,0,0
4/10/2026,7:33:13,0,0,0,0,0,1
4/10/2026,7:33:18,0,0,0,0,0,1
4/10/2026,7:33:23,0,0,0,0,0,1
4/10/2026,7:33:28,0,0,0,0,0,1
4/10/2026,7:33:33,0,0,0,0,0,1
4/10/2026,7:33:38,0,0,0,0,0,1
4/10/2026,7:33:43,0,0,0,0,0,1
4/10/2026,7:33:48,0,0,0,0,0,1
4/10/2026,7:33:53,0,0,0,0,0,1
4/10/2026,7:33:58,0,0,0,0,0,1
4/10/2026,7:34:03,0,0,0,0,0,1
4/10/2026,7:34:08,0,0,0,0,0,1
4/10/2026,7:34:10,0,0,0,0,0,0
4/10/2026,7:34:13,0,0,0,0,0,1
4/10/2026,7:34:18,0,0,0,0,0,1
4/10/2026,7:34:23,0,0,0,0,0,1
4/10/2026,7:34:28,0,0,0,0,0,1
4/10/2026,7:34:33,0,0,0,0,0,1
4/10/2026,7:34:38,0,0,0,0,0,1
4/10/2026,7:34:43,0,0,0,0,0,1
4/10/2026,7:34:48,0,0,0,0,0,1
4/10/2026,7:34:53,0,0,0,0,0,1
4/10/2026,7:35:06,0,0,0,0,0,1
4/10/2026,7:35:10,0,0,0,0,0,0
4/10/2026,7:35:11,0,0,0,0,0,1
4/10/2026,7:35:16,0,0,0,0,0,1
4/10/2026,7:35:21,0,0,0,0,0,1
4/10/2026,7:35:26,0,0,0,0,0,1
4/10/2026,7:35:31,0,0,0,0,0,1
4/10/2026,7:35:36,0,0,0,0,0,1
4/10/2026,7:35:41,0,0,0,0,0,1
4/10/2026,7:35:46,0,0,0,0,0,1
4/10/2026,7:35:51,0,0,0,0,0,1
4/10/2026,7:35:56,0,0,0,0,0,1
4/10/2026,7:36:01,0,0,0,0,0,1
4/10/2026,7:36:10,0,0,0,0,0,0
4/10/2026,7:36:14,0,0,0,0,0,1
4/10/2026,7:36:19,0,0,0,0,0,1
4/10/2026,7:36:24,0,0,0,0,0,1
4/10/2026,7:36:29,0,0,0,0,0,1
4/10/2026,7:36:34,0,0,0,0,0,1
4/10/2026,7:36:39,0,0,0,0,0,1
4/10/2026,7:36:44,0,0,0,0,0,1
4/10/2026,7:36:49,0,0,0,0,0,1
4/10/2026,7:36:54,0,0,0,0,0,1
4/10/2026,7:36:59,0,0,0,0,0,1
4/10/2026,7:37:04,0,0,0,0,0,1
4/10/2026,7:37:09,0,0,0,0,0,1
4/10/2026,7:37:10,0,0,0,0,0,0
4/10/2026,7:37:14,0,0,0,0,0,1
4/10/2026,7:37:19,0,0,0,0,0,1
4/10/2026,7:37:24,0,0,0,0,0,1
4/10/2026,7:37:29,0,0,0,0,0,1
4/10/2026,7:37:34,0,0,0,0,0,1
4/10/2026,7:37:39,0,0,0,0,0,1
4/10/2026,7:37:44,0,0,0,0,0,1
4/10/2026,7:37:49,0,0,0,0,0,1
4/10/2026,7:37:54,0,0,0,0,0,1
4/10/2026,7:37:59,0,0,0,0,0,1
4/10/2026,7:38:04,0,0,0,0,0,1
4/10/2026,7:38:09,0,0,0,0,0,1
4/10/2026,7:38:10,0,0,0,0,0,0
4/10/2026,7:38:14,0,0,0,0,0,1
4/10/2026,7:38:19,0,0,0,0,0,1
4/10/2026,7:38:24,0,0,0,0,0,1
4/10/2026,7:38:29,0,0,0,0,0,1
4/10/2026,7:38:34,0,0,0,0,0,1
4/10/2026,7:38:39,0,0,0,0,0,1
4/10/2026,7:38:44,0,0,0,0,0,1
4/10/2026,7:38:49,0,0,0,0,0,1
4/10/2026,7:38:54,0,0,0,0,0,1
4/10/2026,7:38:59,0,0,0,0,0,1
4/10/2026,7:39:04,0,0,0,0,0,1
4/10/2026,7:39:09,0,0,0,0,0,1
4/10/2026,7:39:10,0,0,0,0,0,0
4/10/2026,7:39:14,0,0,0,0,0,1
4/10/2026,7:39:19,0,0,0,0,0,1
4/10/2026,7:39:24,0,0,0,0,0,1
4/10/2026,7:39:29,0,0,0,0,0,1
4/10/2026,7:39:34,0,0,0,0,0,1
4/10/2026,7:39:39,0,0,0,0,0,1
4/10/2026,7:39:44,0,0,0,0,0,1
4/10/2026,7:39:49,0,0,0,0,0,1
4/10/2026,7:39:54,0,0,0,0,0,1
4/10/2026,7:39:59,0,0,0,0,0,1
4/10/2026,7:40:04,0,0,0,0,0,1
4/10/2026,7:40:09,0,0,0,0,0,1
4/10/2026,7:40:10,0,0,0,0,0,0
4/10/2026,7:40:14,0,0,0,0,0,1
4/10/2026,7:40:19,0,0,0,0,0,1
4/10/2026,7:40:24,0,0,0,0,0,1
4/10/2026,7:40:29,0,0,0,0,0,1
4/10/2026,7:40:34,0,0,0,0,0,1
4/10/2026,7:40:39,0,0,0,0,0,1
4/10/2026,7:40:44,0,0,0,0,0,1
4/10/2026,7:40:49,0,0,0,0,0,1
4/10/2026,7:40:54,0,0,0,0,0,1
4/10/2026,7:40:59,0,0,0,0,0,1
4/10/2026,7:41:04,0,0,0,0,0,1
4/10/2026,7:41:09,0,0,0,0,0,1
4/10/2026,7:41:10,0,0,0,0,0,0
4/10/2026,7:41:14,0,0,0,0,0,1
4/10/2026,7:41:19,0,0,0,0,0,1
4/10/2026,7:41:24,0,0,0,0,0,1
4/10/2026,7:41:29,0,0,0,0,0,1
4/10/2026,7:41:34,0,0,0,0,0,1
4/10/2026,7:41:39,0,0,0,0,0,1
4/10/2026,7:41:44,0,0,0,0,0,1
4/10/2026,7:41:49,0,0,0,0,0,1
4/10/2026,7:41:54,0,0,0,0,0,1
4/10/2026,7:41:59,0,0,0,0,0,1
4/10/2026,7:42:04,0,0,0,0,0,1
4/10/2026,7:42:09,0,0,0,0,0,1
4/10/2026,7:42:10,0,0,0,0,0,0
4/10/2026,7:42:14,0,0,0,0,0,1
4/10/2026,7:42:19,0,0,0,0,0,1
4/10/2026,7:42:24,0,0,0,0,0,1
4/10/2026,7:42:29,0,0,0,0,0,1
4/10/2026,7:42:34,0,0,0,0,0,1
4/10/2026,7:42:39,0,0,0,0,0,1
4/10/2026,7:42:44,0,0,0,0,0,1
4/10/2026,7:42:49,0,0,0,0,0,1
4/10/2026,7:42:54,0,0,0,0,0,1
4/10/2026,7:42:59,0,0,0,0,0,1
4/10/2026,7:43:04,0,0,0,0,0,1
4/10/2026,7:43:09,0,0,0,0,0,1
4/10/2026,7:43:10,0,0,0,0,0,0
4/10/2026,7:43:14,0,0,0,0,0,1
4/10/2026,7:43:19,0,0,0,0,0,1
4/10/2026,7:43:24,0,0,0,0,0,1
4/10/2026,7:43:29,0,0,0,0,0,1
4/10/2026,7:43:34,0,0,0,0,0,1
4/10/2026,7:43:39,0,0,0,0,0,1
4/10/2026,7:43:44,0,0,0,0,0,1
4/10/2026,7:43:49,0,0,0,0,0,1
4/10/2026,7:43:54,0,0,0,0,0,1
4/10/2026,7:43:59,0,0,0,0,0,1
4/10/2026,7:44:04,0,0,0,0,0,1
4/10/2026,7:44:09,0,0,0,0,0,1
4/10/2026,7:44:10,0,0,0,0,0,0
4/10/2026,7:44:14,0,0,0,0,0,1
4/10/2026,7:44:19,0,0,0,0,0,1
4/10/2026,7:44:24,0,0,0,0,0,1
4/10/2026,7:44:29,0,0,0,0,0,1
4/10/2026,7:44:34,0,0,0,0,0,1
4/10/2026,7:44:39,0,0,0,0,0,1
4/10/2026,7:44:44,0,0,0,0,0,1
4/10/2026,7:44:49,0,0,0,0,0,1
4/10/2026,7:44:54,0,0,0,0,0,1
4/10/2026,7:44:59,0,0,0,0,0,1
4/10/2026,7:45:04,0,0,0,0,0,1
4/10/2026,7:45:09,0,0,0,0,0,1
4/10/2026,7:45:10,0,0,0,0,0,0
4/10/2026,7:45:14,0,0,0,0,0,1
4/10/2026,7:45:19,0,0,0,0,0,1
4/10/2026,7:45:24,0,0,0,0,0,1
4/10/2026,7:45:29,0,0,0,0,0,1
4/10/2026,7:45:34,0,0,0,0,0,1
4/10/2026,7:45:39,0,0,0,0,0,1
4/10/2026,7:45:44,0,0,0,0,0,1
4/10/2026,7:45:49,0,0,0,0,0,1
4/10/2026,7:45:54,0,0,0,0,0,1
4/10/2026,7:45:59,0,0,0,0,0,1
4/10/2026,7:46:04,0,0,0,0,0,1
4/10/2026,7:46:09,0,0,0,0,0,1
4/10/2026,7:46:10,0,0,0,0,0,0
4/10/2026,7:46:14,0,0,0,0,0,1
4/10/2026,7:46:19,0,0,0,0,0,1
4/10/2026,7:46:24,0,0,0,0,0,1
4/10/2026,7:46:29,0,0,0,0,0,1
4/10/2026,7:46:34,0,0,0,0,0,1
4/10/2026,7:46:39,0,0,0,0,0,1
4/10/2026,7:46:44,0,0,0,0,0,1
4/10/2026,7:46:49,0,0,0,0,0,1
4/10/2026,7:46:54,0,0,0,0,0,1
4/10/2026,7:46:59,0,0,0,0,0,1
4/10/2026,7:47:04,0,0,0,0,0,1
4/10/2026,7:47:09,0,0,0,0,0,1
4/10/2026,7:47:10,0,0,0,0,0,0
4/10/2026,7:47:14,0,0,0,0,0,1
4/10/2026,7:47:19,0,0,0,0,0,1
4/10/2026,7:47:24,0,0,0,0,0,1
4/10/2026,7:47:29,0,0,0,0,0,1
4/10/2026,7:47:34,0,0,0,0,0,1
4/10/2026,7:47:39,0,0,0,0,0,1
4/10/2026,7:47:44,0,0,0,0,0,1
4/10/2026,7:47:49,0,0,0,0,0,1
4/10/2026,7:47:54,0,0,0,0,0,1
4/10/2026,7:47:59,0,0,0,0,0,1
4/10/2026,7:48:04,0,0,0,0,0,1
4/10/2026,7:48:09,0,0,0,0,0,1
4/10/2026,7:48:10,0,0,0,0,0,0
4/10/2026,7:48:14,0,0,0,0,0,1
4/10/2026,7:48:19,0,0,0,0,0,1
4/10/2026,7:48:24,0,0,0,0,0,1
4/10/2026,7:48:29,0,0,0,0,0,1
4/10/2026,7:48:34,0,0,0,0,0,1
4/10/2026,7:48:39,0,0,0,0,0,1
4/10/2026,7:48:44,0,0,0,0,0,1
4/10/2026,7:48:49,0,0,0,0,0,1
4/10/2026,7:48:54,0,0,0,0,0,1
4/10/2026,7:48:59,0,0,0,0,0,1
4/10/2026,7:49:04,0,0,0,0,0,1
4/10/2026,7:49:09,0,0,0,0,0,1
4/10/2026,7:49:10,0,0,0,0,0,0
4/10/2026,7:49:14,0,0,0,0,0,1
4/10/2026,7:49:19,0,0,0,0,0,1
4/10/2026,7:49:24,0,0,0,0,0,1
4/10/2026,7:49:29,0,0,0,0,0,1
4/10/2026,7:49:34,0,0,0,0,0,1
4/10/2026,7:49:39,0,0,0,0,0,1
4/10/2026,7:49:44,0,0,0,0,0,1
4/10/2026,7:49:49,0,0,0,0,0,1
4/10/2026,7:49:54,0,0,0,0,0,1
4/10/2026,7:49:59,0,0,0,0,0,1
4/10/2026,7:50:04,0,0,0,0,0,1
4/10/2026,7:50:09,0,0,0,0,0,1
4/10/2026,7:50:10,0,0,0,0,0,0
4/10/2026,7:50:14,0,0,0,0,0,1
4/10/2026,7:50:19,0,0,0,0,0,1
4/10/2026,7:50:24,0,0,0,0,0,1
4/10/2026,7:50:29,0,0,0,0,0,1
4/10/2026,7:50:34,0,0,0,0,0,1
4/10/2026,7:50:39,0,0,0,0,0,1
4/10/2026,7:50:44,0,0,0,0,0,1
4/10/2026,7:50:49,0,0,0,0,0,1
4/10/2026,7:50:54,0,0,0,0,0,1
4/10/2026,7:50:59,0,0,0,0,0,1
4/10/2026,7:51:04,0,0,0,0,0,1
4/10/2026,7:51:09,0,0,0,0,0,1
4/10/2026,7:51:10,0,0,0,0,0,0
4/10/2026,7:51:14,0,0,0,0,0,1
4/10/2026,7:51:19,0,0,0,0,0,1
4/10/2026,7:51:24,0,0,0,0,0,1
4/10/2026,7:51:29,0,0,0,0,0,1
4/10/2026,7:51:34,0,0,0,0,0,1
4/10/2026,7:51:39,0,0,0,0,0,1
4/10/2026,7:51:44,0,0,0,0,0,1
4/10/2026,7:51:49,0,0,0,0,0,1
4/10/2026,7:51:54,0,0,0,0,0,1
4/10/2026,7:51:59,0,0,0,0,0,1
4/10/2026,7:52:04,0,0,0,0,0,1
4/10/2026,7:52:09,0,0,0,0,0,1
4/10/2026,7:52:10,0,0,0,0,0,0
4/10/2026,7:52:14,0,0,0,0,0,1
4/10/2026,7:52:19,0,0,0,0,0,1
4/10/2026,7:52:24,0,0,0,0,0,1
4/10/2026,7:52:29,0,0,0,0,0,1
4/10/2026,7:52:34,0,0,0,0,0,1
4/10/2026,7:52:39,0,0,0,0,0,1
4/10/2026,7:52:44,0,0,0,0,0,1
4/10/2026,7:52:49,0,0,0,0,0,1
4/10/2026,7:52:54,0,0,0,0,0,1
4/10/2026,7:52:59,0,0,0,0,0,1
4/10/2026,7:53:04,0,0,0,0,0,1
4/10/2026,7:53:09,0,0,0,0,0,1
4/10/2026,7:53:10,0,0,0,0,0,0
4/10/2026,7:53:14,0,0,0,0,0,1
4/10/2026,7:53:19,0,0,0,0,0,1
4/10/2026,7:53:24,0,0,0,0,0,1
4/10/2026,7:53:29,0,0,0,0,0,1
4/10/2026,7:53:34,0,0,0,0,0,1
4/10/2026,7:53:39,0,0,0,0,0,1
4/10/2026,7:53:44,0,0,0,0,0,1
4/10/2026,7:53:49,0,0,0,0,0,1
4/10/2026,7:53:54,0,0,0,0,0,1
4/10/2026,7:53:59,0,0,0,0,0,1
4/10/2026,7:54:04,0,0,0,0,0,1
4/10/2026,7:54:09,0,0,0,0,0,1
4/10/2026,7:54:10,0,0,0,0,0,0
4/10/2026,7:54:14,0,0,0,0,0,1
4/10/2026,7:54:19,0,0,0,0,0,1
4/10/2026,7:54:24,0,0,0,0,0,1
4/10/2026,7:54:29,0,0,0,0,0,1
4/10/2026,7:54:34,0,0,0,0,0,1
4/10/2026,7:54:39,0,0,0,0,0,1
4/10/2026,7:54:44,0,0,0,0,0,1
4/10/2026,7:54:49,0,0,0,0,0,1
4/10/2026,7:54:54,0,0,0,0,0,1
4/10/2026,7:54:59,0,0,0,0,0,1
4/10/2026,7:55:04,0,0,0,0,0,1
4/10/2026,7:55:09,0,0,0,0,0,1
4/10/2026,7:55:10,0,0,0,0,0,0
4/10/2026,7:55:14,0,0,0,0,0,1
4/10/2026,7:55:19,0,0,0,0,0,1
4/10/2026,7:55:24,0,0,0,0,0,1
4/10/2026,7:55:29,0,0,0,0,0,1
4/10/2026,7:55:34,0,0,0,0,0,1
4/10/2026,7:55:39,0,0,0,0,0,1
4/10/2026,7:55:44,0,0,0,0,0,1
4/10/2026,7:55:49,0,0,0,0,0,1
4/10/2026,7:55:54,0,0,0,0,0,1
4/10/2026,7:55:59,0,0,0,0,0,1
4/10/2026,7:56:04,0,0,0,0,0,1
4/10/2026,7:56:09,0,0,0,0,0,1
4/10/2026,7:56:10,0,0,0,0,0,0
4/10/2026,7:56:14,0,0,0,0,0,1
4/10/2026,7:56:19,0,0,0,0,0,1
4/10/2026,7:56:24,0,0,0,0,0,1
4/10/2026,7:56:29,0,0,0,0,0,1
4/10/2026,7:56:34,0,0,0,0,0,1
4/10/2026,7:56:39,0,0,0,0,0,1
4/10/2026,7:56:44,0,0,0,0,0,1
4/10/2026,7:56:49,0,0,0,0,0,1
4/10/2026,7:56:54,0,0,0,0,0,1
4/10/2026,7:56:59,0,0,0,0,0,1
4/10/2026,7:57:04,0,0,0,0,0,1
4/10/2026,7:57:09,0,0,0,0,0,1
4/10/2026,7:57:10,0,0,0,0,0,0
4/10/2026,7:57:14,0,0,0,0,0,1
4/10/2026,7:57:19,0,0,0,0,0,1
4/10/2026,7:57:24,0,0,0,0,0,1
4/10/2026,7:57:29,0,0,0,0,0,1
4/10/2026,7:57:34,0,0,0,0,0,1
4/10/2026,7:57:39,0,0,0,0,0,1
4/10/2026,7:57:44,0,0,0,0,0,1
4/10/2026,7:57:49,0,0,0,0,0,1
4/10/2026,7:57:54,0,0,0,0,0,1
4/10/2026,7:57:59,0,0,0,0,0,1
4/10/2026,7:58:04,0,0,0,0,0,1
4/10/2026,7:58:09,0,0,0,0,0,1
4/10/2026,7:58:10,0,0,0,0,0,0
4/10/2026,7:58:14,0,0,0,0,0,1
4/10/2026,7:58:19,0,0,0,0,0,1
4/10/2026,7:58:24,0,0,0,0,0,1
4/10/2026,7:58:29,0,0,0,0,0,1
4/10/2026,7:58:34,0,0,0,0,0,1
4/10/2026,7:58:39,0,0,0,0,0,1
4/10/2026,7:58:44,0,0,0,0,0,1
4/10/2026,7:58:49,0,0,0,0,0,1
4/10/2026,7:58:54,0,0,0,0,0,1
4/10/2026,7:58:59,0,0,0,0,0,1
4/10/2026,7:59:04,0,0,0,0,0,1
4/10/2026,7:59:09,0,0,0,0,0,1
4/10/2026,7:59:10,0,0,0,0,0,0
4/10/2026,7:59:14,0,0,0,0,0,1
4/10/2026,7:59:19,0,0,0,0,0,1
4/10/2026,7:59:24,0,0,0,0,0,1
4/10/2026,7:59:29,0,0,0,0,0,1
4/10/2026,7:59:34,0,0,0,0,0,1
4/10/2026,7:59:39,0,0,0,0,0,1
4/10/2026,7:59:44,0,0,0,0,0,1
4/10/2026,7:59:49,0,0,0,0,0,1
4/10/2026,7:59:54,0,0,0,0,0,1
4/10/2026,7:59:59,0,0,0,0,0,1
4/10/2026,8:00:04,0,0,0,0,0,1
4/10/2026,8:00:09,0,0,0,0,0,1
4/10/2026,8:00:10,0,0,0,0,0,0
4/10/2026,8:00:14,0,0,0,0,0,1
4/10/2026,8:00:19,0,0,0,0,0,1
4/10/2026,8:00:24,0,0,0,0,0,1
4/10/2026,8:00:29,0,0,0,0,0,1
4/10/2026,8:00:34,0,0,0,0,0,1
4/10/2026,8:00:39,0,0,0,0,0,1
4/10/2026,8:00:44,0,0,0,0,0,1
4/10/2026,8:00:49,0,0,0,0,0,1
4/10/2026,8:00:54,0,0,0,0,0,1
4/10/2026,8:00:59,0,0,0,0,0,1
4/10/2026,8:01:04,0,0,0,0,0,1
4/10/2026,8:01:09,0,0,0,0,0,1
4/10/2026,8:01:10,0,0,0,0,0,0
4/10/2026,8:01:14,0,0,0,0,0,1
4/10/2026,8:01:19,0,0,0,0,0,1
4/10/2026,8:01:24,0,0,0,0,0,1
4/10/2026,8:01:29,0,0,0,0,0,1
4/10/2026,8:01:34,0,0,0,0,0,1
4/10/2026,8:01:39,0,0,0,0,0,1
4/10/2026,8:01:44,0,0,0,0,0,1
4/10/2026,8:01:49,0,0,0,0,0,1
4/10/2026,8:01:54,0,0,0,0,0,1
4/10/2026,8:01:59,0,0,0,0,0,1
4/10/2026,8:02:04,0,0,0,0,0,1
4/10/2026,8:02:09,0,0,0,0,0,1
4/10/2026,8:02:10,0,0,0,0,0,0
4/10/2026,8:02:14,0,0,0,0,0,1
4/10/2026,8:02:19,0,0,0,0,0,1
4/10/2026,8:02:24,0,0,0,0,0,1
4/10/2026,8:02:29,0,0,0,0,0,1
4/10/2026,8:02:34,0,0,0,0,0,1
4/10/2026,8:02:39,0,0,0,0,0,1
4/10/2026,8:02:44,0,0,0,0,0,1
4/10/2026,8:02:49,0,0,0,0,0,1
4/10/2026,8:02:54,0,0,0,0,0,1
4/10/2026,8:02:59,0,0,0,0,0,1
4/10/2026,8:03:04,0,0,0,0,0,1
4/10/2026,8:03:09,0,0,0,0,0,1
4/10/2026,8:03:10,0,0,0,0,0,0
4/10/2026,8:03:14,0,0,0,0,0,1
4/10/2026,8:03:19,0,0,0,0,0,1
4/10/2026,8:03:24,0,0,0,0,0,1
4/10/2026,8:03:29,0,0,0,0,0,1
4/10/2026,8:03:34,0,0,0,0,0,1
4/10/2026,8:03:39,0,0,0,0,0,1
4/10/2026,8:03:44,0,0,0,0,0,1
4/10/2026,8:03:49,0,0,0,0,0,1
4/10/2026,8:03:54,0,0,0,0,0,1
4/10/2026,8:03:59,0,0,0,0,0,1
4/10/2026,8:04:04,0,0,0,0,0,1
4/10/2026,8:04:09,0,0,0,0,0,1
4/10/2026,8:04:10,0,0,0,0,0,0
4/10/2026,8:04:14,0,0,0,0,0,1
4/10/2026,8:04:19,0,0,0,0,0,1
4/10/2026,8:04:24,0,0,0,0,0,1
4/10/2026,8:04:29,0,0,0,0,0,1
4/10/2026,8:04:34,0,0,0,0,0,1
4/10/2026,8:04:39,0,0,0,0,0,1
4/10/2026,8:04:44,0,0,0,0,0,1
4/10/2026,8:04:49,0,0,0,0,0,1
4/10/2026,8:04:54,0,0,0,0,0,1
4/10/2026,8:04:59,0,0,0,0,0,1
4/10/2026,8:05:04,0,0,0,0,0,1
4/10/2026,8:05:09,0,0,0,0,0,1
4/10/2026,8:05:10,0,0,0,0,0,0
4/10/2026,8:05:14,0,0,0,0,0,1
4/10/2026,8:05:19,0,0,0,0,0,1
4/10/2026,8:05:24,0,0,0,0,0,1
4/10/2026,8:05:29,0,0,0,0,0,1
4/10/2026,8:05:34,0,0,0,0,0,1
4/10/2026,8:05:39,0,0,0,0,0,1
4/10/2026,8:05:44,0,0,0,0,0,1
4/10/2026,8:05:49,0,0,0,0,0,1
4/10/2026,8:05:54,0,0,0,0,0,1
4/10/2026,8:05:59,0,0,0,0,0,1
4/10/2026,8:06:04,0,0,0,0,0,1
4/10/2026,8:06:09,0,0,0,0,0,1
4/10/2026,8:06:10,0,0,0,0,0,0
4/10/2026,8:06:14,0,0,0,0,0,1
4/10/2026,8:06:19,0,0,0,0,0,1
4/10/2026,8:06:24,0,0,0,0,0,1
4/10/2026,8:06:29,0,0,0,0,0,1
4/10/2026,8:06:34,0,0,0,0,0,1
4/10/2026,8:06:39,0,0,0,0,0,1
4/10/2026,8:06:44,0,0,0,0,0,1
4/10/2026,8:06:49,0,0,0,0,0,1
4/10/2026,8:06:54,0,0,0,0,0,1
4/10/2026,8:06:59,0,0,0,0,0,1
4/10/2026,8:07:04,0,0,0,0,0,1
4/10/2026,8:07:09,0,0,0,0,0,1
4/10/2026,8:07:10,0,0,0,0,0,0
4/10/2026,8:07:14,0,0,0,0,0,1
4/10/2026,8:07:19,0,0,0,0,0,1
4/10/2026,8:07:24,0,0,0,0,0,1
4/10/2026,8:07:29,0,0,0,0,0,1
4/10/2026,8:07:34,0,0,0,0,0,1
4/10/2026,8:07:39,0,0,0,0,0,1
4/10/2026,8:07:44,0,0,0,0,0,1
4/10/2026,8:07:49,0,0,0,0,0,1
4/10/2026,8:07:54,0,0,0,0,0,1
4/10/2026,8:07:59,0,0,0,0,0,1
4/10/2026,8:08:04,0,0,0,0,0,1
4/10/2026,8:08:09,0,0,0,0,0,1
4/10/2026,8:08:10,0,0,0,0,0,0
4/10/2026,8:08:14,0,0,0,0,0,1
4/10/2026,8:08:19,0,0,0,0,0,1
4/10/2026,8:08:24,0,0,0,0,0,1
4/10/2026,8:08:29,0,0,0,0,0,1
4/10/2026,8:08:34,0,0,0,0,0,1
4/10/2026,8:08:39,0,0,0,0,0,1
4/10/2026,8:08:44,0,0,0,0,0,1
4/10/2026,8:08:49,0,0,0,0,0,1
4/10/2026,8:08:54,0,0,0,0,0,1
4/10/2026,8:08:59,0,0,0,0,0,1
4/10/2026,8:09:04,0,0,0,0,0,1
4/10/2026,8:09:09,0,0,0,0,0,1
4/10/2026,8:09:10,0,0,0,0,0,0
4/10/2026,8:09:14,0,0,0,0,0,1
4/10/2026,8:09:19,0,0,0,0,0,1
4/10/2026,8:09:24,0,0,0,0,0,1
4/10/2026,8:09:29,0,0,0,0,0,1
4/10/2026,8:09:34,0,0,0,0,0,1
4/10/2026,8:09:39,0,0,0,0,0,1
4/10/2026,8:09:44,0,0,0,0,0,1
4/10/2026,8:09:49,0,0,0,0,0,1
4/10/2026,8:09:54,0,0,0,0,0,1
4/10/2026,8:09:59,0,0,0,0,0,1
4/10/2026,8:10:04,0,0,0,0,0,1
4/10/2026,8:10:09,0,0,0,0,0,1
4/10/2026,8:10:10,0,0,0,0,0,0
4/10/2026,8:10:14,0,0,0,0,0,1
4/10/2026,8:10:19,0,0,0,0,0,1
4/10/2026,8:10:24,0,0,0,0,0,1
4/10/2026,8:10:29,0,0,0,0,0,1
4/10/2026,8:10:34,0,0,0,0,0,1
4/10/2026,8:10:39,0,0,0,0,0,1
4/10/2026,8:10:44,0,0,0,0,0,1
4/10/2026,8:10:49,0,0,0,0,0,1
4/10/2026,8:10:54,0,0,0,0,0,1
4/10/2026,8:10:59,0,0,0,0,0,1
4/10/2026,8:11:04,0,0,0,0,0,1
4/10/2026,8:11:09,0,0,0,0,0,1
4/10/2026,8:11:10,0,0,0,0,0,0
4/10/2026,8:11:14,0,0,0,0,0,1
4/10/2026,8:11:19,0,0,0,0,0,1
4/10/2026,8:11:24,0,0,0,0,0,1
4/10/2026,8:11:29,0,0,0,0,0,1
4/10/2026,8:11:34,0,0,0,0,0,1
4/10/2026,8:11:39,0,0,0,0,0,1
4/10/2026,8:11:44,0,0,0,0,0,1
4/10/2026,8:11:49,0,0,0,0,0,1
4/10/2026,8:11:54,0,0,0,0,0,1
4/10/2026,8:11:59,0,0,0,0,0,1
4/10/2026,8:12:04,0,0,0,0,0,1
4/10/2026,8:12:09,0,0,0,0,0,1
4/10/2026,8:12:10,0,0,0,0,0,0
4/10/2026,8:12:14,0,0,0,0,0,1
4/10/2026,8:12:19,0,0,0,0,0,1
4/10/2026,8:12:24,0,0,0,0,0,1
4/10/2026,8:12:29,0,0,0,0,0,1
4/10/2026,8:12:34,0,0,0,0,0,1
4/10/2026,8:12:39,0,0,0,0,0,1
4/10/2026,8:12:44,0,0,0,0,0,1
4/10/2026,8:12:49,0,0,0,0,0,1
4/10/2026,8:12:54,0,0,0,0,0,1
4/10/2026,8:12:59,0,0,0,0,0,1
4/10/2026,8:13:04,0,0,0,0,0,1
4/10/2026,8:13:09,0,0,0,0,0,1
4/10/2026,8:13:10,0,0,0,0,0,0
4/10/2026,8:13:14,0,0,0,0,0,1
4/10/2026,8:13:19,0,0,0,0,0,1
4/10/2026,8:13:24,0,0,0,0,0,1
4/10/2026,8:13:29,0,0,0,0,0,1
4/10/2026,8:13:34,0,0,0,0,0,1
4/10/2026,8:13:39,0,0,0,0,0,1
4/10/2026,8:13:44,0,0,0,0,0,1
4/10/2026,8:13:49,0,0,0,0,0,1
4/10/2026,8:13:54,0,0,0,0,0,1
4/10/2026,8:13:59,0,0,0,0,0,1
4/10/2026,8:14:04,0,0,0,0,0,1
4/10/2026,8:14:09,0,0,0,0,0,1
4/10/2026,8:14:10,0,0,0,0,0,0
4/10/2026,8:14:14,0,0,0,0,0,1
4/10/2026,8:14:19,0,0,0,0,0,1
4/10/2026,8:14:24,0,0,0,0,0,1
4/10/2026,8:14:29,0,0,0,0,0,1
4/10/2026,8:14:34,0,0,0,0,0,1
4/10/2026,8:14:39,0,0,0,0,0,1
4/10/2026,8:14:44,0,0,0,0,0,1
4/10/2026,8:14:49,0,0,0,0,0,1
4/10/2026,8:14:54,0,0,0,0,0,1
4/10/2026,8:14:59,0,0,0,0,0,1
4/10/2026,8:15:04,0,0,0,0,0,1
4/10/2026,8:15:09,0,0,0,0,0,1
4/10/2026,8:15:10,0,0,0,0,0,0
4/10/2026,8:15:14,0,0,0,0,0,1
4/10/2026,8:15:19,0,0,0,0,0,1
4/10/2026,8:15:24,0,0,0,0,0,1
4/10/2026,8:15:29,0,0,0,0,0,1
4/10/2026,8:15:34,0,0,0,0,0,1
4/10/2026,8:15:39,0,0,0,0,0,1
4/10/2026,8:15:44,0,0,0,0,0,1
4/10/2026,8:15:49,0,0,0,0,0,1
4/10/2026,8:15:54,0,0,0,0,0,1
4/10/2026,8:15:59,0,0,0,0,0,1
4/10/2026,8:16:04,0,0,0,0,0,1
4/10/2026,8:16:09,0,0,0,0,0,1
4/10/2026,8:16:10,0,0,0,0,0,0
4/10/2026,8:16:14,0,0,0,0,0,1
4/10/2026,8:16:19,0,0,0,0,0,1
4/10/2026,8:16:24,0,0,0,0,0,1
4/10/2026,8:16:29,0,0,0,0,1,0
4/10/2026,8:16:34,0,0,0,1,1,0
4/10/2026,8:16:39,1,0,0,0,1,0
4/10/2026,8:16:44,1,0,0,0,1,0
4/10/2026,8:16:49,0,1,0,0,1,0
4/10/2026,8:16:54,0,0,0,0,0,1
4/10/2026,8:16:59,0,0,0,0,0,1
4/10/2026,8:17:04,1,0,0,0,0,1
4/10/2026,8:17:09,0,0,1,0,0,1
4/10/2026,8:17:10,0,0,0,0,0,0
4/10/2026,8:17:14,0,1,0,0,0,1
4/10/2026,8:17:19,0,1,0,0,0,1
4/10/2026,8:17:24,0,0,0,0,1,0
4/10/2026,8:17:29,1,0,0,0,1,0
4/10/2026,8:17:34,1,0,0,0,1,0
4/10/2026,8:17:39,0,1,0,0,1,0
4/10/2026,8:17:44,0,0,0,1,1,0
4/10/2026,8:17:49,0,1,0,0,1,0
4/10/2026,8:17:54,0,1,0,0,1,0
4/10/2026,8:17:59,0,0,1,0,1,0
4/10/2026,8:18:04,0,0,1,0,1,0
4/10/2026,8:18:09,0,0,0,0,0,1
4/10/2026,8:18:10,0,0,0,0,0,0
4/10/2026,8:18:14,0,0,0,0,0,1
4/10/2026,8:18:19,0,0,0,1,0,1
4/10/2026,8:18:24,1,0,0,0,0,1
4/10/2026,8:18:29,1,0,0,0,0,1
4/10/2026,8:18:34,0,1,0,0,0,1
4/10/2026,8:18:39,0,0,0,0,1,0
4/10/2026,8:18:44,0,0,0,0,1,0
4/10/2026,8:18:49,1,0,0,0,1,0
4/10/2026,8:18:54,1,0,0,0,1,0
4/10/2026,8:18:59,0,1,0,0,1,0
4/10/2026,8:19:04,0,1,0,0,1,0
4/10/2026,8:19:09,0,0,0,0,0,1
4/10/2026,8:19:10,0,0,0,0,0,0
4/10/2026,8:19:14,0,1,0,0,0,1
4/10/2026,8:19:19,0,1,0,0,0,1
4/10/2026,8:19:24,0,1,0,0,0,1
4/10/2026,8:19:29,0,1,0,0,0,1
4/10/2026,8:19:34,1,0,0,0,0,1
4/10/2026,8:19:39,0,1,0,1,0,1
4/10/2026,8:19:44,0,1,0,0,0,1
4/10/2026,8:19:49,0,1,0,0,0,1
4/10/2026,8:19:54,0,1,0,0,0,1
4/10/2026,8:19:59,0,0,1,0,0,1
4/10/2026,8:20:04,0,0,0,0,0,1
4/10/2026,8:20:10,0,0,0,0,0,0
4/10/2026,8:20:20,0,0,0,0,0,1
4/10/2026,8:20:25,0,0,0,0,0,1
4/10/2026,8:20:30,0,0,0,0,0,1
4/10/2026,8:20:35,0,0,0,0,0,1
4/10/2026,8:20:40,0,0,0,0,0,1
4/10/2026,8:20:45,0,0,0,0,0,1
4/10/2026,8:20:50,0,0,0,0,0,1
4/10/2026,8:20:55,0,0,0,0,0,1
4/10/2026,8:21:00,0,0,0,0,0,1
4/10/2026,8:21:05,0,0,0,0,0,1
4/10/2026,8:21:10,0,0,0,0,0,1
4/10/2026,8:21:10,0,0,0,0,0,0
4/10/2026,8:21:15,0,0,0,0,0,1
4/10/2026,8:21:20,0,0,0,0,0,1
4/10/2026,8:21:25,0,0,0,0,0,1
4/10/2026,8:21:30,0,0,0,0,0,1
4/10/2026,8:21:35,0,0,0,0,0,1
4/10/2026,8:21:40,0,0,0,0,0,1
4/10/2026,8:21:45,0,0,0,0,0,1
4/10/2026,8:21:50,0,0,0,0,0,1
4/10/2026,8:21:55,0,0,0,0,0,1
4/10/2026,8:22:00,0,0,0,0,0,1
4/10/2026,8:22:05,0,0,0,0,0,1
4/10/2026,8:22:10,0,0,0,0,0,1
4/10/2026,8:22:10,0,0,0,0,0,0
4/10/2026,8:22:15,0,0,0,0,0,1
4/10/2026,8:22:20,0,0,0,0,0,1
4/10/2026,8:22:25,0,0,0,0,0,1
4/10/2026,8:22:30,0,0,0,0,0,1
4/10/2026,8:22:35,0,0,0,0,0,1
4/10/2026,8:22:40,0,0,0,0,0,1
4/10/2026,8:22:45,0,0,0,0,0,1
4/10/2026,8:22:50,0,0,0,0,0,1
4/10/2026,8:22:55,0,0,0,0,0,1
4/10/2026,8:23:00,0,0,0,0,0,1
4/10/2026,8:23:05,0,0,0,0,0,1
4/10/2026,8:23:10,0,0,0,0,0,1
4/10/2026,8:23:10,0,0,0,0,0,0
4/10/2026,8:23:15,0,0,0,0,0,1
4/10/2026,8:23:20,0,0,0,0,0,1
4/10/2026,8:23:25,0,0,0,0,0,1
4/10/2026,8:23:30,0,0,0,0,0,1
4/10/2026,8:23:35,0,0,0,0,0,1
4/10/2026,8:23:40,0,0,0,0,0,1
4/10/2026,8:23:45,0,0,0,0,0,1
4/10/2026,8:23:50,0,0,0,0,0,1
4/10/2026,8:23:55,0,0,0,0,0,1
4/10/2026,8:24:00,0,0,0,0,0,1
4/10/2026,8:24:05,0,0,0,0,0,1
4/10/2026,8:24:10,0,0,0,0,0,1
4/10/2026,8:24:10,0,0,0,0,0,0
4/10/2026,8:24:15,0,0,0,0,0,1
4/10/2026,8:24:20,0,0,0,0,0,1
4/10/2026,8:24:25,0,0,0,0,0,1
4/10/2026,8:24:30,0,0,0,0,0,1
4/10/2026,8:24:35,0,0,0,0,0,1
4/10/2026,8:24:40,0,0,0,0,0,1
4/10/2026,8:24:45,0,0,0,0,0,1
4/10/2026,8:24:50,0,0,0,0,0,1
4/10/2026,8:24:55,0,0,0,0,0,1
4/10/2026,8:25:00,0,0,0,0,0,1
4/10/2026,8:25:05,0,0,0,0,0,1
4/10/2026,8:25:10,0,0,0,0,0,1
4/10/2026,8:25:10,0,0,0,0,0,0
4/10/2026,8:25:15,0,0,0,0,0,1
4/10/2026,8:25:20,0,0,0,0,0,1
4/10/2026,8:25:25,0,0,0,0,0,1
4/10/2026,8:25:30,0,0,0,0,0,1
4/10/2026,8:25:35,0,0,0,0,0,1
4/10/2026,8:25:40,0,0,0,0,0,1
4/10/2026,8:25:45,0,0,0,0,0,1
4/10/2026,8:25:50,0,0,0,0,0,1
4/10/2026,8:25:55,0,0,0,0,0,1
4/10/2026,8:26:00,0,0,0,0,0,1
4/10/2026,8:26:05,0,0,0,0,0,1
4/10/2026,8:26:10,0,0,0,0,0,1
4/10/2026,8:26:10,0,0,0,0,0,0
4/10/2026,8:26:15,0,0,0,0,0,1
4/10/2026,8:26:20,0,0,0,0,0,1
4/10/2026,8:26:25,0,0,0,0,0,1
4/10/2026,8:26:30,0,0,0,0,0,1
4/10/2026,8:26:35,0,0,0,0,0,1
4/10/2026,8:26:40,0,0,0,0,0,1
4/10/2026,8:26:45,0,0,0,0,0,1
4/10/2026,8:26:50,0,0,0,0,0,1
4/10/2026,8:26:55,0,0,0,0,0,1
4/10/2026,8:27:00,0,0,0,0,0,1
4/10/2026,8:27:05,0,0,0,0,0,1
4/10/2026,8:27:10,0,0,0,0,0,1
4/10/2026,8:27:10,0,0,0,0,0,0
4/10/2026,8:27:15,0,0,0,0,0,1
4/10/2026,8:27:20,0,0,0,0,0,1
4/10/2026,8:27:25,0,0,0,0,0,1
4/10/2026,8:27:30,0,0,0,0,0,1
4/10/2026,8:27:35,0,0,0,0,0,1
4/10/2026,8:27:40,0,0,0,0,0,1
4/10/2026,8:27:45,0,0,0,0,0,1
4/10/2026,8:27:50,0,0,0,0,0,1
4/10/2026,8:27:55,0,0,0,0,0,1
4/10/2026,8:28:00,0,0,0,0,0,1
4/10/2026,8:28:05,0,0,0,0,0,1
4/10/2026,8:28:10,0,0,0,0,0,1
4/10/2026,8:28:10,0,0,0,0,0,0
4/10/2026,8:28:15,0,0,0,0,0,1
4/10/2026,8:28:20,0,0,0,0,0,1
4/10/2026,8:28:25,0,0,0,0,0,1
4/10/2026,8:28:30,0,0,0,0,0,1
4/10/2026,8:28:35,0,0,0,0,0,1
4/10/2026,8:28:40,0,0,0,0,0,1
4/10/2026,8:28:45,0,0,0,0,0,1
4/10/2026,8:28:50,0,0,0,0,0,1
4/10/2026,8:28:55,0,0,0,0,0,1
4/10/2026,8:29:00,0,0,0,0,0,1
4/10/2026,8:29:10,0,0,0,0,0,0
4/10/2026,8:29:13,0,0,0,0,0,1
4/10/2026,8:29:18,0,0,0,0,0,1
4/10/2026,8:29:23,0,0,0,0,0,1
4/10/2026,8:29:28,0,0,0,0,0,1
4/10/2026,8:29:33,0,0,0,0,0,1
4/10/2026,8:29:38,0,0,0,0,0,1
4/10/2026,8:29:43,0,0,0,0,0,1
4/10/2026,8:29:48,0,0,0,0,0,1
4/10/2026,8:29:53,0,0,0,0,0,1
4/10/2026,8:29:58,0,0,0,0,0,1
4/10/2026,8:30:03,0,0,0,0,0,1
4/10/2026,8:30:08,0,0,0,0,0,1
4/10/2026,8:30:10,0,0,0,0,0,0
4/10/2026,8:30:13,0,0,0,0,0,1
4/10/2026,8:30:18,0,0,0,0,0,1
4/10/2026,8:30:23,0,0,0,0,0,1
4/10/2026,8:30:28,0,0,0,0,0,1
4/10/2026,8:30:33,0,0,0,0,0,1
4/10/2026,8:30:38,0,0,0,0,0,1
4/10/2026,8:30:43,0,0,0,0,0,1
4/10/2026,8:30:48,0,0,0,0,0,1
4/10/2026,8:30:53,0,0,0,0,0,1
4/10/2026,8:30:58,0,0,0,0,0,1
4/10/2026,8:31:03,0,0,0,0,0,1
4/10/2026,8:31:08,0,0,0,0,0,1
4/10/2026,8:31:10,0,0,0,0,0,0
4/10/2026,8:31:13,0,0,0,0,0,1
4/10/2026,8:31:18,0,0,0,0,0,1
4/10/2026,8:31:23,0,0,0,0,0,1
4/10/2026,8:31:28,0,0,0,0,0,1
4/10/2026,8:31:33,0,0,0,0,0,1
4/10/2026,8:31:38,0,0,0,0,0,1
4/10/2026,8:31:43,0,0,0,0,0,1
4/10/2026,8:31:48,0,0,0,0,0,1
4/10/2026,8:31:53,0,0,0,0,0,1
4/10/2026,8:31:58,0,0,0,0,0,1
4/10/2026,8:32:03,0,0,0,0,0,1
4/10/2026,8:32:08,0,0,0,0,0,1
4/10/2026,8:32:10,0,0,0,0,0,0
4/10/2026,8:32:13,0,0,0,0,0,1
4/10/2026,8:32:18,0,0,0,0,0,1
4/10/2026,8:32:23,0,0,0,0,0,1
4/10/2026,8:32:28,0,0,0,0,0,1
4/10/2026,8:32:33,0,0,0,0,0,1
4/10/2026,8:32:38,0,0,0,0,0,1
4/10/2026,8:32:43,0,0,0,0,0,1
4/10/2026,8:32:48,0,0,0,0,0,1
4/10/2026,8:32:54,0,0,0,0,0,1
4/10/2026,8:32:59,0,0,0,0,0,1
4/10/2026,8:33:04,0,0,0,0,0,1
4/10/2026,8:33:09,0,0,0,0,0,1
4/10/2026,8:33:10,0,0,0,0,0,0
4/10/2026,8:33:14,0,0,0,0,0,1
4/10/2026,8:33:19,0,0,0,0,0,1
4/10/2026,8:33:24,0,0,0,0,0,1
4/10/2026,8:33:29,0,0,0,0,0,1
4/10/2026,8:33:34,0,0,0,0,0,1
4/10/2026,8:33:39,0,0,0,0,0,1
4/10/2026,8:33:44,0,0,0,0,0,1
4/10/2026,8:33:49,0,0,0,0,0,1
4/10/2026,8:33:54,0,0,0,0,0,1
4/10/2026,8:33:59,0,0,0,0,0,1
4/10/2026,8:34:04,0,0,0,0,0,1
4/10/2026,8:34:09,0,0,0,0,0,1
4/10/2026,8:34:10,0,0,0,0,0,0
4/10/2026,8:34:14,0,0,0,0,0,1
4/10/2026,8:34:19,0,0,0,0,0,1
4/10/2026,8:34:24,0,0,0,0,0,1
4/10/2026,8:34:29,0,0,0,0,0,1
4/10/2026,8:34:34,0,0,0,0,0,1
4/10/2026,8:34:39,0,0,0,0,0,1
4/10/2026,8:34:44,0,0,0,0,0,1
4/10/2026,8:34:49,0,0,0,0,0,1
4/10/2026,8:34:54,0,0,0,0,0,1
4/10/2026,8:34:59,0,0,0,0,0,1
4/10/2026,8:35:04,0,0,0,0,0,1
4/10/2026,8:35:09,0,0,0,0,0,1
4/10/2026,8:35:10,0,0,0,0,0,0
4/10/2026,8:35:22,0,0,0,0,0,1
4/10/2026,8:35:27,0,0,0,0,0,1
4/10/2026,8:35:32,0,0,0,0,0,1
4/10/2026,8:35:37,0,0,0,0,0,1
4/10/2026,8:35:42,0,0,0,0,0,1
4/10/2026,8:35:47,0,0,0,0,0,1
4/10/2026,8:35:52,0,0,0,0,0,1
4/10/2026,8:35:57,0,0,0,0,0,1
4/10/2026,8:36:02,0,0,0,0,0,1
4/10/2026,8:36:07,0,0,0,0,0,1
4/10/2026,8:36:10,0,0,0,0,0,0
4/10/2026,8:36:12,0,0,0,0,0,1
4/10/2026,8:36:17,0,0,0,0,0,1
4/10/2026,8:36:22,0,0,0,0,0,1
4/10/2026,8:36:27,0,0,0,0,0,1
4/10/2026,8:36:32,0,0,0,0,0,1
4/10/2026,8:36:37,0,0,0,0,0,1
4/10/2026,8:36:42,0,0,0,0,0,1
4/10/2026,8:36:47,0,0,0,0,0,1
4/10/2026,8:36:52,0,0,0,0,0,1
4/10/2026,8:36:57,0,0,0,0,0,1
4/10/2026,8:37:02,0,0,0,0,0,1
4/10/2026,8:37:07,0,0,0,0,0,1
4/10/2026,8:37:10,0,0,0,0,0,0
4/10/2026,8:37:12,0,0,0,0,0,1
4/10/2026,8:37:17,0,0,0,0,0,1
4/10/2026,8:37:30,0,0,0,0,0,1
4/10/2026,8:37:35,0,0,0,0,0,1
4/10/2026,8:37:40,0,0,0,0,0,1
4/10/2026,8:37:45,0,0,0,0,0,1
4/10/2026,8:37:50,0,0,0,0,0,1
4/10/2026,8:37:55,0,0,0,0,0,1
4/10/2026,8:38:00,0,0,0,0,0,1
4/10/2026,8:38:05,0,0,0,0,0,1
4/10/2026,8:38:10,0,0,0,0,0,1
4/10/2026,8:38:10,0,0,0,0,0,0
4/10/2026,8:38:15,0,0,0,0,0,1
4/10/2026,8:38:20,0,0,0,0,0,1
4/10/2026,8:38:25,0,0,0,0,0,1
4/10/2026,8:38:30,0,0,0,0,0,1
4/10/2026,8:38:35,0,0,0,0,0,1
4/10/2026,8:38:40,0,0,0,0,0,1
4/10/2026,8:38:45,0,0,0,0,0,1
4/10/2026,8:38:50,0,0,0,0,0,1
4/10/2026,8:38:55,0,0,0,0,0,1
4/10/2026,8:39:00,0,0,0,0,0,1
4/10/2026,8:39:05,0,0,0,0,0,1
4/10/2026,8:39:10,0,0,0,0,0,1
4/10/2026,8:39:10,0,0,0,0,0,0
4/10/2026,8:39:15,0,0,0,0,0,1
4/10/2026,8:39:20,0,0,0,0,0,1
4/10/2026,8:39:25,0,0,0,0,0,1
4/10/2026,8:39:30,0,0,0,0,0,1
4/10/2026,8:39:35,0,0,0,0,0,1
4/10/2026,8:39:40,0,0,0,0,0,1
4/10/2026,8:39:45,0,0,0,0,0,1
4/10/2026,8:39:50,0,0,0,0,0,1
4/10/2026,8:39:55,0,0,0,0,0,1
4/10/2026,8:40:00,0,0,0,0,0,1
4/10/2026,8:40:05,0,0,0,0,0,1
4/10/2026,8:40:10,0,0,0,0,0,1
4/10/2026,8:40:10,0,0,0,0,0,0
4/10/2026,8:40:15,0,0,0,0,0,1
4/10/2026,8:40:20,0,0,0,0,0,1
4/10/2026,8:40:25,0,0,0,0,0,1
4/10/2026,8:40:30,0,0,0,0,0,1
4/10/2026,8:40:35,0,0,0,0,0,1
4/10/2026,8:40:40,0,0,0,0,0,1
4/10/2026,8:40:45,0,0,0,0,0,1
4/10/2026,8:40:50,0,0,0,0,0,1
4/10/2026,8:40:55,0,0,0,0,0,1
4/10/2026,8:41:00,0,0,0,0,0,1
4/10/2026,8:41:05,0,0,0,0,0,1
4/10/2026,8:41:10,0,0,0,0,0,1
4/10/2026,8:41:10,0,0,0,0,0,0
4/10/2026,8:41:15,0,0,0,0,0,1
4/10/2026,8:41:20,0,0,0,0,0,1
4/10/2026,8:41:25,0,0,0,0,0,1
4/10/2026,8:41:30,0,0,0,0,0,1
4/10/2026,8:41:35,0,0,0,0,0,1
4/10/2026,8:41:40,0,0,0,0,0,1
4/10/2026,8:41:45,0,0,0,0,0,1
4/10/2026,8:41:50,0,0,0,0,0,1
4/10/2026,8:41:55,0,0,0,0,0,1
4/10/2026,8:42:00,0,0,0,0,0,1
4/10/2026,8:42:05,0,0,0,0,0,1
4/10/2026,8:42:10,0,0,0,0,0,1
4/10/2026,8:42:10,0,0,0,0,0,0
4/10/2026,8:42:15,0,0,0,0,0,1
4/10/2026,8:42:20,0,0,0,0,0,1
4/10/2026,8:42:25,0,0,0,0,0,1
4/10/2026,8:42:30,0,0,0,0,0,1
4/10/2026,8:42:35,0,0,0,0,0,1
4/10/2026,8:42:40,0,0,0,0,0,1
4/10/2026,8:42:45,0,0,0,0,0,1
4/10/2026,8:42:50,0,0,0,0,0,1
4/10/2026,8:42:55,0,0,0,0,0,1
4/10/2026,8:43:00,0,0,0,0,0,1
4/10/2026,8:43:05,0,0,0,0,0,1
4/10/2026,8:43:10,0,0,0,0,0,1
4/10/2026,8:43:10,0,0,0,0,0,0
4/10/2026,8:43:15,0,0,0,0,0,1
4/10/2026,8:43:20,0,0,0,0,0,1
4/10/2026,8:43:25,0,0,0,0,0,1
4/10/2026,8:43:30,0,0,0,0,0,1
4/10/2026,8:43:35,0,0,0,0,0,1
4/10/2026,8:43:40,0,0,0,0,0,1
4/10/2026,8:43:45,0,0,0,0,0,1
4/10/2026,8:43:50,0,0,0,0,0,1
4/10/2026,8:43:55,0,0,0,0,0,1
4/10/2026,8:44:00,0,0,0,0,0,1
4/10/2026,8:44:05,0,0,0,0,0,1
4/10/2026,8:44:10,0,0,0,0,0,1
4/10/2026,8:44:10,0,0,0,0,0,0
4/10/2026,8:44:15,0,0,0,0,0,1
4/10/2026,8:44:20,0,0,0,0,0,1
4/10/2026,8:44:25,0,0,0,0,0,1
4/10/2026,8:44:30,0,0,0,0,0,1
4/10/2026,8:44:35,0,0,0,0,0,1
4/10/2026,8:44:40,0,0,0,0,0,1
4/10/2026,8:44:45,0,0,0,0,0,1
4/10/2026,8:44:50,0,0,0,0,0,1
4/10/2026,8:44:55,0,0,0,0,0,1
4/10/2026,8:45:00,0,0,0,0,0,1
4/10/2026,8:45:05,0,0,0,0,0,1
4/10/2026,8:45:10,0,0,0,0,0,1
4/10/2026,8:45:10,0,0,0,0,0,0
4/10/2026,8:45:15,0,0,0,0,0,1
4/10/2026,8:45:20,0,0,0,0,0,1
4/10/2026,8:45:25,0,0,0,0,0,1
4/10/2026,8:45:30,0,0,0,0,0,1
4/10/2026,8:45:35,0,0,0,0,0,1
4/10/2026,8:45:40,0,0,0,0,0,1
4/10/2026,8:45:45,0,0,0,0,0,1
4/10/2026,8:45:50,0,0,0,0,0,1
4/10/2026,8:45:55,0,0,0,0,0,1
4/10/2026,8:46:00,0,0,0,0,0,1
4/10/2026,8:46:05,0,0,0,0,0,1
4/10/2026,8:46:10,0,0,0,0,0,1
4/10/2026,8:46:10,0,0,0,0,0,0
4/10/2026,8:46:15,0,0,0,0,0,1
4/10/2026,8:46:20,0,0,0,0,0,1
4/10/2026,8:46:25,0,0,0,0,0,1
4/10/2026,8:46:30,0,0,0,0,0,1
4/10/2026,8:46:35,0,0,0,0,0,1
4/10/2026,8:46:40,0,0,0,0,0,1
4/10/2026,8:46:45,0,0,0,0,0,1
4/10/2026,8:46:50,0,0,0,0,0,1
4/10/2026,8:46:55,0,0,0,0,0,1
4/10/2026,8:47:00,0,0,0,0,0,1
4/10/2026,8:47:05,0,0,0,0,0,1
4/10/2026,8:47:10,0,0,0,0,0,1
4/10/2026,8:47:10,0,0,0,0,0,0
4/10/2026,8:47:15,0,0,0,0,0,1
4/10/2026,8:47:20,0,0,0,0,0,1
4/10/2026,8:47:25,0,0,0,0,0,1
4/10/2026,8:47:30,0,0,0,0,0,1
4/10/2026,8:47:35,0,0,0,0,0,1
4/10/2026,8:47:40,0,0,0,0,0,1
4/10/2026,8:47:45,0,0,0,0,0,1
4/10/2026,8:47:50,0,0,0,0,0,1
4/10/2026,8:47:55,0,0,0,0,0,1
4/10/2026,8:48:00,0,0,0,0,0,1
4/10/2026,8:48:05,0,0,0,0,0,1
4/10/2026,8:48:10,0,0,0,0,0,1
4/10/2026,8:48:10,0,0,0,0,0,0
4/10/2026,8:48:15,0,0,0,0,0,1
4/10/2026,8:48:20,0,0,0,0,0,1
4/10/2026,8:48:25,0,0,0,0,0,1
4/10/2026,8:48:30,0,0,0,0,0,1
4/10/2026,8:48:35,0,0,0,0,0,1
4/10/2026,8:48:40,0,0,0,0,0,1
4/10/2026,8:48:45,0,0,0,0,0,1
4/10/2026,8:48:50,0,0,0,0,0,1
4/10/2026,8:48:55,0,0,0,0,0,1
4/10/2026,8:49:00,0,0,0,0,0,1
4/10/2026,8:49:05,0,0,0,0,0,1
4/10/2026,8:49:10,0,0,0,0,0,1
4/10/2026,8:49:10,0,0,0,0,0,0
4/10/2026,8:49:15,0,0,0,0,0,1
4/10/2026,8:49:20,0,0,0,0,0,1
4/10/2026,8:49:25,0,0,0,0,0,1
4/10/2026,8:49:30,0,0,0,0,0,1
4/10/2026,8:49:35,0,0,0,0,0,1
4/10/2026,8:49:40,0,0,0,0,0,1
4/10/2026,8:49:45,0,0,0,0,0,1
4/10/2026,8:49:50,0,0,0,0,0,1
4/10/2026,8:49:55,0,0,0,0,0,1
4/10/2026,8:50:00,0,0,0,0,0,1
4/10/2026,8:50:05,0,0,0,0,0,1
4/10/2026,8:50:10,0,0,0,0,0,1
4/10/2026,8:50:10,0,0,0,0,0,0
4/10/2026,8:50:15,0,0,0,0,0,1
4/10/2026,8:50:20,0,0,0,0,0,1
4/10/2026,8:50:25,0,0,0,0,0,1
4/10/2026,8:50:30,0,0,0,0,0,1
4/10/2026,8:50:35,0,0,0,0,0,1
4/10/2026,8:50:40,0,0,0,0,0,1
4/10/2026,8:50:45,0,0,0,0,0,1
4/10/2026,8:50:50,0,0,0,0,0,1
4/10/2026,8:50:55,0,0,0,0,0,1
4/10/2026,8:51:00,0,0,0,0,0,1
4/10/2026,8:51:05,0,0,0,0,0,1
4/10/2026,8:51:10,0,0,0,0,0,1
4/10/2026,8:51:10,0,0,0,0,0,0
4/10/2026,8:51:15,0,0,0,0,0,1
4/10/2026,8:51:20,0,0,0,0,0,1
4/10/2026,8:51:25,0,0,0,0,0,1
4/10/2026,8:51:30,0,0,0,0,0,1
4/10/2026,8:51:35,0,0,0,0,0,1
4/10/2026,8:51:40,0,0,0,0,0,1
4/10/2026,8:51:45,0,0,0,0,0,1
4/10/2026,8:51:50,0,0,0,0,0,1
4/10/2026,8:51:55,0,0,0,0,0,1
4/10/2026,8:52:00,0,0,0,0,0,1
4/10/2026,8:52:05,0,0,0,0,0,1
4/10/2026,8:52:10,0,0,0,0,0,1
4/10/2026,8:52:10,0,0,0,0,0,0
4/10/2026,8:52:15,0,0,0,0,0,1
4/10/2026,8:52:20,0,0,0,0,0,1
4/10/2026,8:52:25,0,0,0,0,0,1
4/10/2026,8:52:30,0,0,0,0,0,1
4/10/2026,8:52:35,0,0,0,0,0,1
4/10/2026,8:52:40,0,0,0,0,0,1
4/10/2026,8:52:45,0,0,0,0,0,1
4/10/2026,8:52:50,0,0,0,0,0,1
4/10/2026,8:52:55,0,0,0,0,0,1
4/10/2026,8:53:00,0,0,0,0,0,1
4/10/2026,8:53:05,0,0,0,0,0,1
4/10/2026,8:53:10,0,0,0,0,0,1
4/10/2026,8:53:10,0,0,0,0,0,0
4/10/2026,8:53:15,0,0,0,0,0,1
4/10/2026,8:53:20,0,0,0,0,0,1
4/10/2026,8:53:25,0,0,0,0,0,1
4/10/2026,8:53:30,0,0,0,0,0,1
4/10/2026,8:53:35,0,0,0,0,0,1
4/10/2026,8:53:40,0,0,0,0,0,1
4/10/2026,8:53:45,0,0,0,0,0,1
4/10/2026,8:53:50,0,0,0,0,0,1
4/10/2026,8:53:55,0,0,0,0,0,1
4/10/2026,8:54:00,0,0,0,0,0,1
4/10/2026,8:54:05,0,0,0,0,0,1
4/10/2026,8:54:10,0,0,0,0,0,1
4/10/2026,8:54:10,0,0,0,0,0,0
4/10/2026,8:54:15,0,0,0,0,0,1
4/10/2026,8:54:20,0,0,0,0,0,1
4/10/2026,8:54:25,0,0,0,0,0,1
4/10/2026,8:54:30,0,0,0,0,0,1
4/10/2026,8:54:35,0,0,0,0,0,1
4/10/2026,8:54:40,0,0,0,0,0,1
4/10/2026,8:54:45,0,0,0,0,0,1
4/10/2026,8:54:50,0,0,0,0,0,1
4/10/2026,8:54:55,0,0,0,0,0,1
4/10/2026,8:55:00,0,0,0,0,0,1
4/10/2026,8:55:05,0,0,0,0,0,1
4/10/2026,8:55:10,0,0,0,0,0,1
4/10/2026,8:55:10,0,0,0,0,0,0
4/10/2026,8:55:15,0,0,0,0,0,1
4/10/2026,8:55:20,0,0,0,0,0,1
4/10/2026,8:55:25,0,0,0,0,0,1
4/10/2026,8:55:30,0,0,0,0,0,1
4/10/2026,8:55:35,0,0,0,0,0,1
4/10/2026,8:55:40,0,0,0,0,0,1
4/10/2026,8:55:45,0,0,0,0,0,1
4/10/2026,8:55:50,0,0,0,0,0,1
4/10/2026,8:55:55,0,0,0,0,0,1
4/10/2026,8:56:00,0,0,0,0,0,1
4/10/2026,8:56:05,0,0,0,0,0,1
4/10/2026,8:56:10,0,0,0,0,0,1
4/10/2026,8:56:10,0,0,0,0,0,0
4/10/2026,8:56:15,0,0,0,0,0,1
4/10/2026,8:56:20,0,0,0,0,0,1
4/10/2026,8:56:25,0,0,0,0,0,1
4/10/2026,8:56:30,0,0,0,0,0,1
4/10/2026,8:56:35,0,0,0,0,0,1
4/10/2026,8:56:40,0,0,0,0,0,1
4/10/2026,8:56:45,0,0,0,0,0,1
4/10/2026,8:56:50,0,0,0,0,0,1
4/10/2026,8:56:55,0,0,0,0,0,1
4/10/2026,8:57:00,0,0,0,0,0,1
4/10/2026,8:57:05,0,0,0,0,0,1
4/10/2026,8:57:10,0,0,0,0,0,1
4/10/2026,8:57:10,0,0,0,0,0,0
4/10/2026,8:57:15,0,0,0,0,0,1
4/10/2026,8:57:20,0,0,0,0,0,1
4/10/2026,8:57:25,0,0,0,0,0,1
4/10/2026,8:57:30,0,0,0,0,0,1
4/10/2026,8:57:35,0,0,0,0,0,1
4/10/2026,8:57:40,0,0,0,0,0,1
4/10/2026,8:57:45,0,0,0,0,0,1
4/10/2026,8:57:50,0,0,0,0,0,1
4/10/2026,8:57:55,0,0,0,0,0,1
4/10/2026,8:58:00,0,0,0,0,0,1
4/10/2026,8:58:05,0,0,0,0,0,1
4/10/2026,8:58:10,0,0,0,0,0,1
4/10/2026,8:58:10,0,0,0,0,0,0
4/10/2026,8:58:15,0,0,0,0,0,1
4/10/2026,8:58:20,0,0,0,0,0,1
4/10/2026,8:58:25,0,0,0,0,0,1
4/10/2026,8:58:30,0,0,0,0,0,1
4/10/2026,8:58:35,0,0,0,0,0,1
4/10/2026,8:58:40,0,0,0,0,0,1
4/10/2026,8:58:45,0,0,0,0,0,1
4/10/2026,8:58:50,0,0,0,0,0,1
4/10/2026,8:58:55,0,0,0,0,0,1
4/10/2026,8:59:00,0,0,0,0,0,1
4/10/2026,8:59:05,0,0,0,0,0,1
4/10/2026,8:59:10,0,0,0,0,0,1
4/10/2026,8:59:10,0,0,0,0,0,0
4/10/2026,8:59:15,0,0,0,0,0,1
4/10/2026,8:59:20,0,0,0,0,0,1
4/10/2026,8:59:25,0,0,0,0,0,1
4/10/2026,8:59:30,0,0,0,0,0,1
4/10/2026,8:59:35,0,0,0,0,0,1
4/10/2026,8:59:40,0,0,0,0,0,1
4/10/2026,8:59:45,0,0,0,0,0,1
4/10/2026,8:59:50,0,0,0,0,0,1
4/10/2026,8:59:55,0,0,0,0,0,1
4/10/2026,9:00:00,0,0,0,0,0,1
4/10/2026,9:00:05,0,0,0,0,0,1
4/10/2026,9:00:10,0,0,0,0,0,1
4/10/2026,9:00:10,0,0,0,0,0,0
4/10/2026,9:00:15,0,0,0,0,0,1
4/10/2026,9:00:20,0,0,0,0,0,1
4/10/2026,9:00:25,0,0,0,0,0,1
4/10/2026,9:00:30,0,0,0,0,0,1
4/10/2026,9:00:35,0,0,0,0,0,1
4/10/2026,9:00:40,0,0,0,0,0,1
4/10/2026,9:00:45,0,0,0,0,0,1
4/10/2026,9:00:50,0,0,0,0,0,1
4/10/2026,9:00:55,0,0,0,0,0,1
4/10/2026,9:01:00,0,0,0,0,0,1
4/10/2026,9:01:05,0,0,0,0,0,1
4/10/2026,9:01:10,0,0,0,0,0,1
4/10/2026,9:01:10,0,0,0,0,0,0
4/10/2026,9:01:15,0,0,0,0,0,1
4/10/2026,9:01:20,0,0,0,0,0,1
4/10/2026,9:01:25,0,0,0,0,0,1
4/10/2026,9:01:30,0,0,0,0,0,1
4/10/2026,9:01:35,0,0,0,0,0,1
4/10/2026,9:01:40,0,0,0,0,0,1
4/10/2026,9:01:45,0,0,0,0,0,1
4/10/2026,9:01:50,0,0,0,0,0,1
4/10/2026,9:01:55,0,0,0,0,0,1
4/10/2026,9:02:00,0,0,0,0,0,1
4/10/2026,9:02:05,0,0,0,0,0,1
4/10/2026,9:02:10,0,0,0,0,0,1
4/10/2026,9:02:10,0,0,0,0,0,0
4/10/2026,9:02:15,0,0,0,0,0,1
4/10/2026,9:02:20,0,0,0,0,0,1
4/10/2026,9:02:25,0,0,0,0,0,1
4/10/2026,9:02:30,0,0,0,0,0,1
4/10/2026,9:02:35,0,0,0,0,0,1
4/10/2026,9:02:40,0,0,0,0,0,1
4/10/2026,9:02:45,0,0,0,0,0,1
4/10/2026,9:02:50,0,0,0,0,0,1
4/10/2026,9:02:55,0,0,0,0,0,1
4/10/2026,9:03:00,0,0,0,0,0,1
4/10/2026,9:03:05,0,0,0,0,0,1
4/10/2026,9:03:10,0,0,0,0,0,0
4/10/2026,9:03:18,0,0,0,0,0,1
4/10/2026,9:03:23,0,0,0,0,0,1
4/10/2026,9:03:28,0,0,0,0,0,1
4/10/2026,9:03:33,0,0,0,0,0,1
4/10/2026,9:03:38,0,0,0,0,0,1
4/10/2026,9:03:43,0,0,0,0,0,1
4/10/2026,9:03:48,0,0,0,0,0,1
4/10/2026,9:03:53,0,0,0,0,0,1
4/10/2026,9:03:58,0,0,0,0,0,1
4/10/2026,9:04:03,0,0,0,0,0,1
4/10/2026,9:04:08,0,0,0,0,0,1
4/10/2026,9:04:10,0,0,0,0,0,0
4/10/2026,9:04:13,0,0,0,0,0,1
4/10/2026,9:04:18,0,0,0,0,0,1
4/10/2026,9:04:23,0,0,0,0,0,1
4/10/2026,9:04:28,0,0,0,0,0,1
4/10/2026,9:04:33,0,0,0,0,0,1
4/10/2026,9:04:38,0,0,0,0,0,1
4/10/2026,9:04:43,0,0,0,0,0,1
4/10/2026,9:04:48,0,0,0,0,0,1
4/10/2026,9:04:53,0,0,0,0,0,1
4/10/2026,9:04:58,0,0,0,0,0,1
4/10/2026,9:05:03,0,0,0,0,0,1
4/10/2026,9:05:08,0,0,0,0,0,1
4/10/2026,9:05:10,0,0,0,0,0,0
4/10/2026,9:05:13,0,0,0,0,0,1
4/10/2026,9:05:18,0,0,0,0,0,1
4/10/2026,9:05:23,0,0,0,0,0,1
4/10/2026,9:05:28,0,0,0,0,0,1
4/10/2026,9:05:33,0,0,0,0,0,1
4/10/2026,9:05:38,0,0,0,0,0,1
4/10/2026,9:05:43,0,0,0,0,0,1
4/10/2026,9:05:48,0,0,0,0,0,1
4/10/2026,9:05:53,0,0,0,0,0,1
4/10/2026,9:05:58,0,0,0,0,0,1
4/10/2026,9:06:03,0,0,0,0,0,1
4/10/2026,9:06:08,0,0,0,0,0,1
4/10/2026,9:06:10,0,0,0,0,0,0
4/10/2026,9:06:13,0,0,0,0,0,1
4/10/2026,9:06:18,0,0,0,0,0,1
4/10/2026,9:06:23,0,0,0,0,0,1
4/10/2026,9:06:28,0,0,0,0,0,1
4/10/2026,9:06:33,0,0,0,0,0,1
4/10/2026,9:06:38,0,0,0,0,0,1
4/10/2026,9:06:43,0,0,0,0,0,1
4/10/2026,9:06:48,0,0,0,0,0,1
4/10/2026,9:06:53,0,0,0,0,0,1
4/10/2026,9:06:58,0,0,0,0,0,1
4/10/2026,9:07:03,0,0,0,0,0,1
4/10/2026,9:07:08,0,0,0,0,0,1
4/10/2026,9:07:10,0,0,0,0,0,0
4/10/2026,9:07:13,0,0,0,0,0,1
4/10/2026,9:07:18,0,0,0,0,0,1
4/10/2026,9:07:23,0,0,0,0,0,1
4/10/2026,9:07:28,0,0,0,0,0,1
4/10/2026,9:07:33,0,0,0,0,0,1
4/10/2026,9:07:38,0,0,0,0,0,1
4/10/2026,9:07:43,0,0,0,0,0,1
4/10/2026,9:07:48,0,0,0,0,0,1
4/10/2026,9:07:53,0,0,0,0,0,1
4/10/2026,9:07:58,0,0,0,0,0,1
4/10/2026,9:08:03,0,0,0,0,0,1
4/10/2026,9:08:08,0,0,0,0,0,1
4/10/2026,9:08:10,0,0,0,0,0,0
4/10/2026,9:08:13,0,0,0,0,0,1
4/10/2026,9:08:18,0,0,0,0,0,1
4/10/2026,9:08:23,0,0,0,0,0,1
4/10/2026,9:08:28,0,0,0,0,0,1
4/10/2026,9:08:33,0,0,0,0,0,1
4/10/2026,9:08:38,0,0,0,0,0,1
4/10/2026,9:08:43,0,0,0,0,0,1
4/10/2026,9:08:48,0,0,0,0,0,1
4/10/2026,9:08:53,0,0,0,0,0,1
4/10/2026,9:08:58,0,0,0,0,0,1
4/10/2026,9:09:03,0,0,0,0,0,1
4/10/2026,9:09:08,0,0,0,0,0,1
4/10/2026,9:09:10,0,0,0,0,0,0
4/10/2026,9:09:13,0,0,0,0,0,1
4/10/2026,9:09:18,0,0,0,0,0,1
4/10/2026,9:09:23,0,0,0,0,0,1
4/10/2026,9:09:28,0,0,0,0,0,1
4/10/2026,9:09:33,0,0,0,0,0,1
4/10/2026,9:09:38,0,0,0,0,0,1
4/10/2026,9:09:43,0,0,0,0,0,1
4/10/2026,9:09:48,0,0,0,0,0,1
4/10/2026,9:09:53,0,0,0,0,0,1
4/10/2026,9:09:58,0,0,0,0,0,1
4/10/2026,9:10:03,0,0,0,0,0,1
4/10/2026,9:10:08,0,0,0,0,0,1
4/10/2026,9:10:10,0,0,0,0,0,0
4/10/2026,9:10:13,0,0,0,0,0,1
4/10/2026,9:10:18,0,0,0,0,0,1
4/10/2026,9:10:23,0,0,0,0,0,1
4/10/2026,9:10:28,0,0,0,0,0,1
4/10/2026,9:10:33,0,0,0,0,0,1
4/10/2026,9:10:38,0,0,0,0,0,1
4/10/2026,9:10:43,0,0,0,0,0,1
4/10/2026,9:10:48,0,0,0,0,0,1
4/10/2026,9:10:53,0,0,0,0,0,1
4/10/2026,9:10:58,0,0,0,0,0,1
4/10/2026,9:11:03,0,0,0,0,0,1
4/10/2026,9:11:08,0,0,0,0,0,1
4/10/2026,9:11:10,0,0,0,0,0,0
4/10/2026,9:11:13,0,0,0,0,0,1
4/10/2026,9:11:18,0,0,0,0,0,1
4/10/2026,9:11:23,0,0,0,0,0,1
4/10/2026,9:11:28,0,0,0,0,0,1
4/10/2026,9:11:33,0,0,0,0,0,1
4/10/2026,9:11:38,0,0,0,0,0,1
4/10/2026,9:11:43,0,0,0,0,0,1
4/10/2026,9:11:48,0,0,0,0,0,1
4/10/2026,9:11:53,0,0,0,0,0,1
4/10/2026,9:11:58,0,0,0,0,0,1
4/10/2026,9:12:03,0,0,0,0,0,1
4/10/2026,9:12:08,0,0,0,0,0,1
4/10/2026,9:12:10,0,0,0,0,0,0
4/10/2026,9:12:13,0,0,0,0,0,1
4/10/2026,9:12:18,0,0,0,0,0,1
4/10/2026,9:12:23,0,0,0,0,0,1
4/10/2026,9:12:28,0,0,0,0,0,1
4/10/2026,9:12:33,0,0,0,0,0,1
4/10/2026,9:12:38,0,0,0,0,0,1
4/10/2026,9:12:43,0,0,0,0,0,1
4/10/2026,9:12:48,0,0,0,0,0,1
4/10/2026,9:12:53,0,0,0,0,0,1
4/10/2026,9:12:58,0,0,0,0,0,1
4/10/2026,9:13:03,0,0,0,0,0,1
4/10/2026,9:13:08,0,0,0,0,0,1
4/10/2026,9:13:10,0,0,0,0,0,0
4/10/2026,9:13:13,0,0,0,0,0,1
4/10/2026,9:13:18,0,0,0,0,0,1
4/10/2026,9:13:23,0,0,0,0,0,1
4/10/2026,9:13:28,0,0,0,0,0,1
4/10/2026,9:13:33,0,0,0,0,0,1
4/10/2026,9:13:38,0,0,0,0,0,1
4/10/2026,9:13:43,0,0,0,0,0,1
4/10/2026,9:13:48,0,0,0,0,0,1
4/10/2026,9:13:53,0,0,0,0,0,1
4/10/2026,9:13:58,0,0,0,0,0,1
4/10/2026,9:14:03,0,0,0,0,0,1
4/10/2026,9:14:08,0,0,0,0,0,1
4/10/2026,9:14:10,0,0,0,0,0,0
4/10/2026,9:14:13,0,0,0,0,0,1
4/10/2026,9:14:18,0,0,0,0,0,1
4/10/2026,9:14:23,0,0,0,0,0,1
4/10/2026,9:14:28,0,0,0,0,0,1
4/10/2026,9:14:33,0,0,0,0,0,1
4/10/2026,9:14:38,0,0,0,0,0,1
4/10/2026,9:14:43,0,0,0,0,0,1
4/10/2026,9:14:48,0,0,0,0,0,1
4/10/2026,9:14:53,0,0,0,0,0,1
4/10/2026,9:14:58,0,0,0,0,0,1
4/10/2026,9:15:03,0,0,0,0,0,1
4/10/2026,9:15:08,0,0,0,0,0,1
4/10/2026,9:15:10,0,0,0,0,0,0
4/10/2026,9:15:13,0,0,0,0,0,1
4/10/2026,9:15:18,0,0,0,0,0,1
4/10/2026,9:15:23,0,0,0,0,0,1
4/10/2026,9:15:28,0,0,0,0,0,1
4/10/2026,9:15:33,0,0,0,0,0,1
4/10/2026,9:15:38,0,0,0,0,0,1
4/10/2026,9:15:43,0,0,0,0,0,1
4/10/2026,9:15:48,0,0,0,0,0,1
4/10/2026,9:15:53,0,0,0,0,0,1
4/10/2026,9:15:58,0,0,0,0,0,1
4/10/2026,9:16:03,0,0,0,0,0,1
4/10/2026,9:16:08,0,0,0,0,0,1
4/10/2026,9:16:10,0,0,0,0,0,0
4/10/2026,9:16:13,0,0,0,0,0,1
4/10/2026,9:16:18,0,0,0,0,0,1
4/10/2026,9:16:23,0,0,0,0,0,1
4/10/2026,9:16:28,0,0,0,0,0,1
4/10/2026,9:16:33,0,0,0,0,0,1
4/10/2026,9:16:38,0,0,0,0,0,1
4/10/2026,9:16:43,0,0,0,0,0,1
4/10/2026,9:16:48,0,0,0,0,0,1
4/10/2026,9:16:53,0,0,0,0,0,1
4/10/2026,9:16:58,0,0,0,0,0,1
4/10/2026,9:17:03,0,0,0,0,0,1
4/10/2026,9:17:08,0,0,0,0,0,1
4/10/2026,9:17:10,0,0,0,0,0,0
4/10/2026,9:17:13,0,0,0,0,0,1
4/10/2026,9:17:18,0,0,0,0,0,1
4/10/2026,9:17:23,0,0,0,0,0,1
4/10/2026,9:17:28,0,0,0,0,0,1
4/10/2026,9:17:33,0,0,0,0,0,1
4/10/2026,9:17:38,0,0,0,0,0,1
4/10/2026,9:17:43,0,0,0,0,0,1
4/10/2026,9:17:48,0,0,0,0,0,1
4/10/2026,9:17:53,0,0,0,0,0,1
4/10/2026,9:17:58,0,0,0,0,0,1
4/10/2026,9:18:03,0,0,0,0,0,1
4/10/2026,9:18:08,0,0,0,0,0,1
4/10/2026,9:18:10,0,0,0,0,0,0
4/10/2026,9:18:13,0,0,0,0,0,1
4/10/2026,9:18:18,0,0,0,0,0,1
4/10/2026,9:18:23,0,0,0,0,0,1
4/10/2026,9:18:28,0,0,0,0,0,1
4/10/2026,9:18:33,0,0,0,0,0,1
4/10/2026,9:18:38,0,0,0,0,0,1
4/10/2026,9:18:43,0,0,0,0,0,1
4/10/2026,9:18:48,0,0,0,0,0,1
4/10/2026,9:18:53,0,0,0,0,0,1
4/10/2026,9:18:58,0,0,0,0,0,1
4/10/2026,9:19:03,0,0,0,0,0,1
4/10/2026,9:19:08,0,0,0,0,0,1
4/10/2026,9:19:10,0,0,0,0,0,0
4/10/2026,9:19:13,0,0,0,0,0,1
4/10/2026,9:19:18,0,0,0,0,0,1
4/10/2026,9:19:23,0,0,0,0,0,1
4/10/2026,9:19:28,0,0,0,0,0,1
4/10/2026,9:19:33,0,0,0,0,0,1
4/10/2026,9:19:38,0,0,0,0,0,1
4/10/2026,9:19:43,0,0,0,0,0,1
4/10/2026,9:19:48,0,0,0,0,0,1
4/10/2026,9:19:53,0,0,0,0,0,1
4/10/2026,9:19:58,0,0,0,0,0,1
4/10/2026,9:20:03,0,0,0,0,0,1
4/10/2026,9:20:08,0,0,0,0,0,1
4/10/2026,9:20:10,0,0,0,0,0,0
4/10/2026,9:20:13,0,0,0,0,0,1
4/10/2026,9:20:18,0,0,0,0,0,1
4/10/2026,9:20:23,0,0,0,0,0,1
4/10/2026,9:20:28,0,0,0,0,0,1
4/10/2026,9:20:33,0,0,0,0,0,1
4/10/2026,9:20:38,0,0,0,0,0,1
4/10/2026,9:20:43,0,0,0,0,0,1
4/10/2026,9:20:48,0,0,0,0,0,1
4/10/2026,9:20:53,0,0,0,0,0,1
4/10/2026,9:20:58,0,0,0,0,0,1
4/10/2026,9:21:03,0,0,0,0,0,1
4/10/2026,9:21:08,0,0,0,0,0,1
4/10/2026,9:21:10,0,0,0,0,0,0
4/10/2026,9:21:13,0,0,0,0,0,1
4/10/2026,9:21:18,0,0,0,0,0,1
4/10/2026,9:21:23,0,0,0,0,0,1
4/10/2026,9:21:28,0,0,0,0,0,1
4/10/2026,9:21:33,0,0,0,0,0,1
4/10/2026,9:21:38,0,0,0,0,0,1
4/10/2026,9:21:43,0,0,0,0,0,1
4/10/2026,9:21:48,0,0,0,0,0,1
4/10/2026,9:21:53,0,0,0,0,0,1
4/10/2026,9:21:58,0,0,0,0,0,1
4/10/2026,9:22:03,0,0,0,0,0,1
4/10/2026,9:22:08,0,0,0,0,0,1
4/10/2026,9:22:10,0,0,0,0,0,0
4/10/2026,9:22:13,0,0,0,0,0,1
4/10/2026,9:22:18,0,0,0,0,0,1
4/10/2026,9:22:23,0,0,0,0,0,1
4/10/2026,9:22:28,0,0,0,0,0,1
4/10/2026,9:22:33,0,0,0,0,0,1
4/10/2026,9:22:38,0,0,0,0,0,1
4/10/2026,9:22:43,0,0,0,0,0,1
4/10/2026,9:22:48,0,0,0,0,0,1
4/10/2026,9:22:53,0,0,0,0,0,1
4/10/2026,9:22:58,0,0,0,0,0,1
4/10/2026,9:23:03,0,0,0,0,0,1
4/10/2026,9:23:08,0,0,0,0,0,1
4/10/2026,9:23:10,0,0,0,0,0,0
4/10/2026,9:23:13,0,0,0,0,0,1
4/10/2026,9:23:18,0,0,0,0,0,1
4/10/2026,9:23:23,0,0,0,0,0,1
4/10/2026,9:23:28,0,0,0,0,0,1
4/10/2026,9:23:33,0,0,0,0,0,1
4/10/2026,9:23:38,0,0,0,0,0,1
4/10/2026,9:23:43,0,0,0,0,0,1
4/10/2026,9:23:48,0,0,0,0,0,1
4/10/2026,9:23:53,0,0,0,0,0,1
4/10/2026,9:23:58,0,0,0,0,0,1
4/10/2026,9:24:03,0,0,0,0,0,1
4/10/2026,9:24:08,0,0,0,0,0,1
4/10/2026,9:24:10,0,0,0,0,0,0
4/10/2026,9:24:13,0,0,0,0,0,1
4/10/2026,9:24:18,0,0,0,0,0,1
4/10/2026,9:24:23,0,0,0,0,0,1
4/10/2026,9:24:28,0,0,0,0,0,1
4/10/2026,9:24:33,0,0,0,0,0,1
4/10/2026,9:24:38,0,0,0,0,0,1
4/10/2026,9:24:43,0,0,0,0,0,1
4/10/2026,9:24:48,0,0,0,0,0,1
4/10/2026,9:24:53,0,0,0,0,0,1
4/10/2026,9:24:58,0,0,0,0,0,1
4/10/2026,9:25:03,0,0,0,0,0,1
4/10/2026,9:25:08,0,0,0,0,0,1
4/10/2026,9:25:10,0,0,0,0,0,0
4/10/2026,9:25:13,0,0,0,0,0,1
4/10/2026,9:25:18,0,0,0,0,0,1
4/10/2026,9:25:23,0,0,0,0,0,1
4/10/2026,9:25:28,0,0,0,0,0,1
4/10/2026,9:25:33,0,0,0,0,0,1
4/10/2026,9:25:38,0,0,0,0,0,1
4/10/2026,9:25:43,0,0,0,0,0,1
4/10/2026,9:25:48,0,0,0,0,0,1
